ISO-10303-21;
HEADER;
FILE_DESCRIPTION(('FreeCAD Model'),'2;1');
FILE_NAME('Open CASCADE Shape Model','2026-08-20T21:59:21',('Author'),(
    ''),'Open CASCADE STEP processor 7.8','FreeCAD','Unknown');
FILE_SCHEMA(('AUTOMOTIVE_DESIGN { 1 0 10303 214 1 1 1 1 }'));
ENDSEC;
DATA;
#1 = APPLICATION_PROTOCOL_DEFINITION('international standard',
  'automotive_design',2000,#2);
#2 = APPLICATION_CONTEXT(
  'core data for automotive mechanical design processes');
#3 = SHAPE_DEFINITION_REPRESENTATION(#4,#10);
#4 = PRODUCT_DEFINITION_SHAPE('','',#5);
#5 = PRODUCT_DEFINITION('design','',#6,#9);
#6 = PRODUCT_DEFINITION_FORMATION('','',#7);
#7 = PRODUCT('COMPOUND','COMPOUND','',(#8));
#8 = PRODUCT_CONTEXT('',#2,'mechanical');
#9 = PRODUCT_DEFINITION_CONTEXT('part definition',#2,'design');
#10 = ADVANCED_BREP_SHAPE_REPRESENTATION('',(#11,#15),#2591);
#11 = AXIS2_PLACEMENT_3D('',#12,#13,#14);
#12 = CARTESIAN_POINT('',(0.,0.,0.));
#13 = DIRECTION('',(0.,0.,1.));
#14 = DIRECTION('',(1.,0.,-0.));
#15 = MANIFOLD_SOLID_BREP('',#16);
#16 = CLOSED_SHELL('',(#17,#57,#88,#119,#141,#181,#212,#243,#265,#314,
    #363,#403,#434,#465,#487,#520,#560,#593,#624,#673,#704,#781,#814,
    #845,#869,#902,#935,#977,#1008,#1065,#1098,#1129,#1160,#1237,#1261,
    #1301,#1332,#1363,#1396,#1427,#1460,#1491,#1568,#1592,#1625,#1753,
    #1796,#1821,#1889,#1907,#1932,#1956,#1976,#2007,#2032,#2068,#2093,
    #2161,#2179,#2199,#2216,#2233,#2250,#2267,#2327,#2343,#2368,#2393,
    #2405,#2430,#2455,#2467,#2492,#2517,#2529,#2554,#2579));
#17 = ADVANCED_FACE('',(#18),#52,.F.);
#18 = FACE_BOUND('',#19,.T.);
#19 = EDGE_LOOP('',(#20,#30,#38,#46));
#20 = ORIENTED_EDGE('',*,*,#21,.F.);
#21 = EDGE_CURVE('',#22,#24,#26,.T.);
#22 = VERTEX_POINT('',#23);
#23 = CARTESIAN_POINT('',(96.000001505017,16.000000238419,
    132.53834055047));
#24 = VERTEX_POINT('',#25);
#25 = CARTESIAN_POINT('',(96.000001505017,30.000000447035,
    132.53834055047));
#26 = LINE('',#27,#28);
#27 = CARTESIAN_POINT('',(96.000001505017,15.000000223517,
    132.53834055047));
#28 = VECTOR('',#29,1.);
#29 = DIRECTION('',(0.,1.,0.));
#30 = ORIENTED_EDGE('',*,*,#31,.F.);
#31 = EDGE_CURVE('',#32,#22,#34,.T.);
#32 = VERTEX_POINT('',#33);
#33 = CARTESIAN_POINT('',(96.000001505017,16.000000238419,
    135.53834055047));
#34 = LINE('',#35,#36);
#35 = CARTESIAN_POINT('',(96.000001505017,16.000000238419,
    135.53834055047));
#36 = VECTOR('',#37,1.);
#37 = DIRECTION('',(0.,0.,-1.));
#38 = ORIENTED_EDGE('',*,*,#39,.F.);
#39 = EDGE_CURVE('',#40,#32,#42,.T.);
#40 = VERTEX_POINT('',#41);
#41 = CARTESIAN_POINT('',(96.000001505017,30.000000447035,
    135.53834055047));
#42 = LINE('',#43,#44);
#43 = CARTESIAN_POINT('',(96.000001505017,15.000000223517,
    135.53834055047));
#44 = VECTOR('',#45,1.);
#45 = DIRECTION('',(0.,-1.,0.));
#46 = ORIENTED_EDGE('',*,*,#47,.T.);
#47 = EDGE_CURVE('',#40,#24,#48,.T.);
#48 = LINE('',#49,#50);
#49 = CARTESIAN_POINT('',(96.000001505017,30.000000447035,
    135.53834055047));
#50 = VECTOR('',#51,1.);
#51 = DIRECTION('',(0.,0.,-1.));
#52 = PLANE('',#53);
#53 = AXIS2_PLACEMENT_3D('',#54,#55,#56);
#54 = CARTESIAN_POINT('',(96.000001505017,30.000000447035,
    135.53834055047));
#55 = DIRECTION('',(1.,0.,0.));
#56 = DIRECTION('',(0.,-1.,0.));
#57 = ADVANCED_FACE('',(#58),#83,.F.);
#58 = FACE_BOUND('',#59,.T.);
#59 = EDGE_LOOP('',(#60,#68,#69,#77));
#60 = ORIENTED_EDGE('',*,*,#61,.F.);
#61 = EDGE_CURVE('',#24,#62,#64,.T.);
#62 = VERTEX_POINT('',#63);
#63 = CARTESIAN_POINT('',(80.000001132488,30.000000447035,
    132.53834055047));
#64 = LINE('',#65,#66);
#65 = CARTESIAN_POINT('',(111.60605691566,30.000000447035,
    132.53834055047));
#66 = VECTOR('',#67,1.);
#67 = DIRECTION('',(-1.,0.,0.));
#68 = ORIENTED_EDGE('',*,*,#47,.F.);
#69 = ORIENTED_EDGE('',*,*,#70,.F.);
#70 = EDGE_CURVE('',#71,#40,#73,.T.);
#71 = VERTEX_POINT('',#72);
#72 = CARTESIAN_POINT('',(80.000001132488,30.000000447035,
    135.53834055047));
#73 = LINE('',#74,#75);
#74 = CARTESIAN_POINT('',(36.405000941711,30.000000447035,
    135.53834055047));
#75 = VECTOR('',#76,1.);
#76 = DIRECTION('',(1.,0.,0.));
#77 = ORIENTED_EDGE('',*,*,#78,.T.);
#78 = EDGE_CURVE('',#71,#62,#79,.T.);
#79 = LINE('',#80,#81);
#80 = CARTESIAN_POINT('',(80.000001132488,30.000000447035,
    135.53834055047));
#81 = VECTOR('',#82,1.);
#82 = DIRECTION('',(0.,0.,-1.));
#83 = PLANE('',#84);
#84 = AXIS2_PLACEMENT_3D('',#85,#86,#87);
#85 = CARTESIAN_POINT('',(80.000001132488,30.000000447035,
    135.53834055047));
#86 = DIRECTION('',(0.,1.,0.));
#87 = DIRECTION('',(1.,0.,0.));
#88 = ADVANCED_FACE('',(#89),#114,.F.);
#89 = FACE_BOUND('',#90,.T.);
#90 = EDGE_LOOP('',(#91,#99,#100,#108));
#91 = ORIENTED_EDGE('',*,*,#92,.F.);
#92 = EDGE_CURVE('',#62,#93,#95,.T.);
#93 = VERTEX_POINT('',#94);
#94 = CARTESIAN_POINT('',(80.000001132488,16.000000238419,
    132.53834055047));
#95 = LINE('',#96,#97);
#96 = CARTESIAN_POINT('',(80.000001132488,8.000000119209,132.53834055047
    ));
#97 = VECTOR('',#98,1.);
#98 = DIRECTION('',(0.,-1.,0.));
#99 = ORIENTED_EDGE('',*,*,#78,.F.);
#100 = ORIENTED_EDGE('',*,*,#101,.F.);
#101 = EDGE_CURVE('',#102,#71,#104,.T.);
#102 = VERTEX_POINT('',#103);
#103 = CARTESIAN_POINT('',(80.000001132488,16.000000238419,
    135.53834055047));
#104 = LINE('',#105,#106);
#105 = CARTESIAN_POINT('',(80.000001132488,8.000000119209,
    135.53834055047));
#106 = VECTOR('',#107,1.);
#107 = DIRECTION('',(0.,1.,0.));
#108 = ORIENTED_EDGE('',*,*,#109,.T.);
#109 = EDGE_CURVE('',#102,#93,#110,.T.);
#110 = LINE('',#111,#112);
#111 = CARTESIAN_POINT('',(80.000001132488,16.000000238419,
    135.53834055047));
#112 = VECTOR('',#113,1.);
#113 = DIRECTION('',(0.,0.,-1.));
#114 = PLANE('',#115);
#115 = AXIS2_PLACEMENT_3D('',#116,#117,#118);
#116 = CARTESIAN_POINT('',(80.000001132488,16.000000238419,
    135.53834055047));
#117 = DIRECTION('',(-1.,0.,0.));
#118 = DIRECTION('',(0.,1.,0.));
#119 = ADVANCED_FACE('',(#120),#136,.F.);
#120 = FACE_BOUND('',#121,.T.);
#121 = EDGE_LOOP('',(#122,#128,#129,#135));
#122 = ORIENTED_EDGE('',*,*,#123,.F.);
#123 = EDGE_CURVE('',#93,#22,#124,.T.);
#124 = LINE('',#125,#126);
#125 = CARTESIAN_POINT('',(119.60605710193,16.000000238419,
    132.53834055047));
#126 = VECTOR('',#127,1.);
#127 = DIRECTION('',(1.,0.,0.));
#128 = ORIENTED_EDGE('',*,*,#109,.F.);
#129 = ORIENTED_EDGE('',*,*,#130,.F.);
#130 = EDGE_CURVE('',#32,#102,#131,.T.);
#131 = LINE('',#132,#133);
#132 = CARTESIAN_POINT('',(44.405001127976,16.000000238419,
    135.53834055047));
#133 = VECTOR('',#134,1.);
#134 = DIRECTION('',(-1.,0.,0.));
#135 = ORIENTED_EDGE('',*,*,#31,.T.);
#136 = PLANE('',#137);
#137 = AXIS2_PLACEMENT_3D('',#138,#139,#140);
#138 = CARTESIAN_POINT('',(96.000001505017,16.000000238419,
    135.53834055047));
#139 = DIRECTION('',(0.,-1.,0.));
#140 = DIRECTION('',(-1.,0.,0.));
#141 = ADVANCED_FACE('',(#142),#176,.F.);
#142 = FACE_BOUND('',#143,.T.);
#143 = EDGE_LOOP('',(#144,#154,#162,#170));
#144 = ORIENTED_EDGE('',*,*,#145,.F.);
#145 = EDGE_CURVE('',#146,#148,#150,.T.);
#146 = VERTEX_POINT('',#147);
#147 = CARTESIAN_POINT('',(12.078564711073,29.653253236356,
    13.240000723861));
#148 = VERTEX_POINT('',#149);
#149 = CARTESIAN_POINT('',(143.21211269884,29.653253236356,
    13.240000723861));
#150 = LINE('',#151,#152);
#151 = CARTESIAN_POINT('',(68.011056724889,29.653253236356,
    13.240000723861));
#152 = VECTOR('',#153,1.);
#153 = DIRECTION('',(1.,0.,-1.47633967402E-17));
#154 = ORIENTED_EDGE('',*,*,#155,.F.);
#155 = EDGE_CURVE('',#156,#146,#158,.T.);
#156 = VERTEX_POINT('',#157);
#157 = CARTESIAN_POINT('',(12.078564711073,29.653253236356,
    10.240000723861));
#158 = LINE('',#159,#160);
#159 = CARTESIAN_POINT('',(12.078564711073,29.653253236356,
    10.240000723861));
#160 = VECTOR('',#161,1.);
#161 = DIRECTION('',(0.,0.,1.));
#162 = ORIENTED_EDGE('',*,*,#163,.F.);
#163 = EDGE_CURVE('',#164,#156,#166,.T.);
#164 = VERTEX_POINT('',#165);
#165 = CARTESIAN_POINT('',(143.21211269884,29.653253236356,
    10.240000723861));
#166 = LINE('',#167,#168);
#167 = CARTESIAN_POINT('',(143.21211269884,29.653253236356,
    10.240000723861));
#168 = VECTOR('',#169,1.);
#169 = DIRECTION('',(-1.,0.,0.));
#170 = ORIENTED_EDGE('',*,*,#171,.T.);
#171 = EDGE_CURVE('',#164,#148,#172,.T.);
#172 = LINE('',#173,#174);
#173 = CARTESIAN_POINT('',(143.21211269884,29.653253236356,
    10.240000723861));
#174 = VECTOR('',#175,1.);
#175 = DIRECTION('',(0.,0.,1.));
#176 = PLANE('',#177);
#177 = AXIS2_PLACEMENT_3D('',#178,#179,#180);
#178 = CARTESIAN_POINT('',(143.21211269884,29.653253236356,
    10.240000723861));
#179 = DIRECTION('',(0.,1.,0.));
#180 = DIRECTION('',(-1.,0.,0.));
#181 = ADVANCED_FACE('',(#182),#207,.F.);
#182 = FACE_BOUND('',#183,.T.);
#183 = EDGE_LOOP('',(#184,#192,#193,#201));
#184 = ORIENTED_EDGE('',*,*,#185,.T.);
#185 = EDGE_CURVE('',#186,#148,#188,.T.);
#186 = VERTEX_POINT('',#187);
#187 = CARTESIAN_POINT('',(143.21211269884,16.891093615646,
    13.240000723861));
#188 = LINE('',#189,#190);
#189 = CARTESIAN_POINT('',(143.21211269884,0.,13.240000723861));
#190 = VECTOR('',#191,1.);
#191 = DIRECTION('',(0.,1.,0.));
#192 = ORIENTED_EDGE('',*,*,#171,.F.);
#193 = ORIENTED_EDGE('',*,*,#194,.F.);
#194 = EDGE_CURVE('',#195,#164,#197,.T.);
#195 = VERTEX_POINT('',#196);
#196 = CARTESIAN_POINT('',(143.21211269884,16.891093615646,
    10.240000723861));
#197 = LINE('',#198,#199);
#198 = CARTESIAN_POINT('',(143.21211269884,0.,10.240000723861));
#199 = VECTOR('',#200,1.);
#200 = DIRECTION('',(0.,1.,0.));
#201 = ORIENTED_EDGE('',*,*,#202,.T.);
#202 = EDGE_CURVE('',#195,#186,#203,.T.);
#203 = LINE('',#204,#205);
#204 = CARTESIAN_POINT('',(143.21211269884,16.891093615646,
    10.240000723861));
#205 = VECTOR('',#206,1.);
#206 = DIRECTION('',(0.,0.,1.));
#207 = PLANE('',#208);
#208 = AXIS2_PLACEMENT_3D('',#209,#210,#211);
#209 = CARTESIAN_POINT('',(143.21211269884,16.891093615646,
    10.240000723861));
#210 = DIRECTION('',(1.,0.,0.));
#211 = DIRECTION('',(-0.,1.,0.));
#212 = ADVANCED_FACE('',(#213),#238,.F.);
#213 = FACE_BOUND('',#214,.T.);
#214 = EDGE_LOOP('',(#215,#223,#224,#232));
#215 = ORIENTED_EDGE('',*,*,#216,.F.);
#216 = EDGE_CURVE('',#186,#217,#219,.T.);
#217 = VERTEX_POINT('',#218);
#218 = CARTESIAN_POINT('',(12.078564711073,16.891093615646,
    13.240000723861));
#219 = LINE('',#220,#221);
#220 = CARTESIAN_POINT('',(2.444282731004,16.891093615646,
    13.240000723861));
#221 = VECTOR('',#222,1.);
#222 = DIRECTION('',(-1.,0.,1.47633967402E-17));
#223 = ORIENTED_EDGE('',*,*,#202,.F.);
#224 = ORIENTED_EDGE('',*,*,#225,.F.);
#225 = EDGE_CURVE('',#226,#195,#228,.T.);
#226 = VERTEX_POINT('',#227);
#227 = CARTESIAN_POINT('',(12.078564711073,16.891093615646,
    10.240000723861));
#228 = LINE('',#229,#230);
#229 = CARTESIAN_POINT('',(77.645338704958,16.891093615646,
    10.240000723861));
#230 = VECTOR('',#231,1.);
#231 = DIRECTION('',(1.,0.,0.));
#232 = ORIENTED_EDGE('',*,*,#233,.T.);
#233 = EDGE_CURVE('',#226,#217,#234,.T.);
#234 = LINE('',#235,#236);
#235 = CARTESIAN_POINT('',(12.078564711073,16.891093615646,
    10.240000723861));
#236 = VECTOR('',#237,1.);
#237 = DIRECTION('',(0.,0.,1.));
#238 = PLANE('',#239);
#239 = AXIS2_PLACEMENT_3D('',#240,#241,#242);
#240 = CARTESIAN_POINT('',(12.078564711073,16.891093615646,
    10.240000723861));
#241 = DIRECTION('',(0.,-1.,0.));
#242 = DIRECTION('',(1.,0.,0.));
#243 = ADVANCED_FACE('',(#244),#260,.F.);
#244 = FACE_BOUND('',#245,.T.);
#245 = EDGE_LOOP('',(#246,#252,#253,#259));
#246 = ORIENTED_EDGE('',*,*,#247,.F.);
#247 = EDGE_CURVE('',#217,#146,#248,.T.);
#248 = LINE('',#249,#250);
#249 = CARTESIAN_POINT('',(12.078564711073,14.826626618178,
    13.240000723861));
#250 = VECTOR('',#251,1.);
#251 = DIRECTION('',(0.,1.,0.));
#252 = ORIENTED_EDGE('',*,*,#233,.F.);
#253 = ORIENTED_EDGE('',*,*,#254,.F.);
#254 = EDGE_CURVE('',#156,#226,#255,.T.);
#255 = LINE('',#256,#257);
#256 = CARTESIAN_POINT('',(12.078564711073,14.826626618178,
    10.240000723861));
#257 = VECTOR('',#258,1.);
#258 = DIRECTION('',(0.,-1.,0.));
#259 = ORIENTED_EDGE('',*,*,#155,.T.);
#260 = PLANE('',#261);
#261 = AXIS2_PLACEMENT_3D('',#262,#263,#264);
#262 = CARTESIAN_POINT('',(12.078564711073,29.653253236356,
    10.240000723861));
#263 = DIRECTION('',(-1.,0.,0.));
#264 = DIRECTION('',(0.,-1.,0.));
#265 = ADVANCED_FACE('',(#266),#309,.T.);
#266 = FACE_BOUND('',#267,.T.);
#267 = EDGE_LOOP('',(#268,#269,#270,#271,#279,#287,#295,#303));
#268 = ORIENTED_EDGE('',*,*,#216,.T.);
#269 = ORIENTED_EDGE('',*,*,#247,.T.);
#270 = ORIENTED_EDGE('',*,*,#145,.T.);
#271 = ORIENTED_EDGE('',*,*,#272,.T.);
#272 = EDGE_CURVE('',#148,#273,#275,.T.);
#273 = VERTEX_POINT('',#274);
#274 = CARTESIAN_POINT('',(143.21211269884,50.,13.240000723861));
#275 = LINE('',#276,#277);
#276 = CARTESIAN_POINT('',(143.21211269884,0.,13.240000723861));
#277 = VECTOR('',#278,1.);
#278 = DIRECTION('',(0.,1.,0.));
#279 = ORIENTED_EDGE('',*,*,#280,.F.);
#280 = EDGE_CURVE('',#281,#273,#283,.T.);
#281 = VERTEX_POINT('',#282);
#282 = CARTESIAN_POINT('',(-7.189999249065,50.,13.240000723861));
#283 = LINE('',#284,#285);
#284 = CARTESIAN_POINT('',(-7.189999249065,50.,13.240000723861));
#285 = VECTOR('',#286,1.);
#286 = DIRECTION('',(1.,0.,-1.47633967402E-17));
#287 = ORIENTED_EDGE('',*,*,#288,.F.);
#288 = EDGE_CURVE('',#289,#281,#291,.T.);
#289 = VERTEX_POINT('',#290);
#290 = CARTESIAN_POINT('',(-7.189999249065,5.,13.240000723861));
#291 = LINE('',#292,#293);
#292 = CARTESIAN_POINT('',(-7.189999249065,0.,13.240000723861));
#293 = VECTOR('',#294,1.);
#294 = DIRECTION('',(0.,1.,0.));
#295 = ORIENTED_EDGE('',*,*,#296,.F.);
#296 = EDGE_CURVE('',#297,#289,#299,.T.);
#297 = VERTEX_POINT('',#298);
#298 = CARTESIAN_POINT('',(143.21211269884,5.,13.240000723861));
#299 = LINE('',#300,#301);
#300 = CARTESIAN_POINT('',(-7.189999249065,5.,13.240000723861));
#301 = VECTOR('',#302,1.);
#302 = DIRECTION('',(-1.,0.,1.47633967402E-17));
#303 = ORIENTED_EDGE('',*,*,#304,.T.);
#304 = EDGE_CURVE('',#297,#186,#305,.T.);
#305 = LINE('',#306,#307);
#306 = CARTESIAN_POINT('',(143.21211269884,0.,13.240000723861));
#307 = VECTOR('',#308,1.);
#308 = DIRECTION('',(0.,1.,0.));
#309 = PLANE('',#310);
#310 = AXIS2_PLACEMENT_3D('',#311,#312,#313);
#311 = CARTESIAN_POINT('',(-7.189999249065,0.,13.240000723861));
#312 = DIRECTION('',(1.47633967402E-17,0.,1.));
#313 = DIRECTION('',(1.,0.,-1.47633967402E-17));
#314 = ADVANCED_FACE('',(#315),#358,.T.);
#315 = FACE_BOUND('',#316,.T.);
#316 = EDGE_LOOP('',(#317,#318,#319,#320,#328,#336,#344,#352));
#317 = ORIENTED_EDGE('',*,*,#163,.T.);
#318 = ORIENTED_EDGE('',*,*,#254,.T.);
#319 = ORIENTED_EDGE('',*,*,#225,.T.);
#320 = ORIENTED_EDGE('',*,*,#321,.F.);
#321 = EDGE_CURVE('',#322,#195,#324,.T.);
#322 = VERTEX_POINT('',#323);
#323 = CARTESIAN_POINT('',(143.21211269884,0.,10.240000723861));
#324 = LINE('',#325,#326);
#325 = CARTESIAN_POINT('',(143.21211269884,0.,10.240000723861));
#326 = VECTOR('',#327,1.);
#327 = DIRECTION('',(0.,1.,0.));
#328 = ORIENTED_EDGE('',*,*,#329,.F.);
#329 = EDGE_CURVE('',#330,#322,#332,.T.);
#330 = VERTEX_POINT('',#331);
#331 = CARTESIAN_POINT('',(-7.189999249065,0.,10.240000723861));
#332 = LINE('',#333,#334);
#333 = CARTESIAN_POINT('',(-7.189999249065,0.,10.240000723861));
#334 = VECTOR('',#335,1.);
#335 = DIRECTION('',(1.,0.,0.));
#336 = ORIENTED_EDGE('',*,*,#337,.T.);
#337 = EDGE_CURVE('',#330,#338,#340,.T.);
#338 = VERTEX_POINT('',#339);
#339 = CARTESIAN_POINT('',(-7.189999249065,50.,10.240000723861));
#340 = LINE('',#341,#342);
#341 = CARTESIAN_POINT('',(-7.189999249065,0.,10.240000723861));
#342 = VECTOR('',#343,1.);
#343 = DIRECTION('',(0.,1.,0.));
#344 = ORIENTED_EDGE('',*,*,#345,.F.);
#345 = EDGE_CURVE('',#346,#338,#348,.T.);
#346 = VERTEX_POINT('',#347);
#347 = CARTESIAN_POINT('',(143.21211269884,50.,10.240000723861));
#348 = LINE('',#349,#350);
#349 = CARTESIAN_POINT('',(-7.189999249065,50.,10.240000723861));
#350 = VECTOR('',#351,1.);
#351 = DIRECTION('',(-1.,0.,0.));
#352 = ORIENTED_EDGE('',*,*,#353,.F.);
#353 = EDGE_CURVE('',#164,#346,#354,.T.);
#354 = LINE('',#355,#356);
#355 = CARTESIAN_POINT('',(143.21211269884,0.,10.240000723861));
#356 = VECTOR('',#357,1.);
#357 = DIRECTION('',(0.,1.,0.));
#358 = PLANE('',#359);
#359 = AXIS2_PLACEMENT_3D('',#360,#361,#362);
#360 = CARTESIAN_POINT('',(143.21211269884,0.,10.240000723861));
#361 = DIRECTION('',(0.,0.,-1.));
#362 = DIRECTION('',(-1.,0.,0.));
#363 = ADVANCED_FACE('',(#364),#398,.F.);
#364 = FACE_BOUND('',#365,.T.);
#365 = EDGE_LOOP('',(#366,#376,#384,#392));
#366 = ORIENTED_EDGE('',*,*,#367,.F.);
#367 = EDGE_CURVE('',#368,#370,#372,.T.);
#368 = VERTEX_POINT('',#369);
#369 = CARTESIAN_POINT('',(108.00000183284,30.000000342727,
    132.53834055047));
#370 = VERTEX_POINT('',#371);
#371 = CARTESIAN_POINT('',(108.00000183284,16.000000134111,
    132.53834055047));
#372 = LINE('',#373,#374);
#373 = CARTESIAN_POINT('',(108.00000183284,8.000000067055,
    132.53834055047));
#374 = VECTOR('',#375,1.);
#375 = DIRECTION('',(0.,-1.,0.));
#376 = ORIENTED_EDGE('',*,*,#377,.F.);
#377 = EDGE_CURVE('',#378,#368,#380,.T.);
#378 = VERTEX_POINT('',#379);
#379 = CARTESIAN_POINT('',(108.00000183284,30.000000342727,
    135.53834055047));
#380 = LINE('',#381,#382);
#381 = CARTESIAN_POINT('',(108.00000183284,30.000000342727,
    135.53834055047));
#382 = VECTOR('',#383,1.);
#383 = DIRECTION('',(0.,0.,-1.));
#384 = ORIENTED_EDGE('',*,*,#385,.F.);
#385 = EDGE_CURVE('',#386,#378,#388,.T.);
#386 = VERTEX_POINT('',#387);
#387 = CARTESIAN_POINT('',(108.00000183284,16.000000134111,
    135.53834055047));
#388 = LINE('',#389,#390);
#389 = CARTESIAN_POINT('',(108.00000183284,8.000000067055,
    135.53834055047));
#390 = VECTOR('',#391,1.);
#391 = DIRECTION('',(0.,1.,0.));
#392 = ORIENTED_EDGE('',*,*,#393,.T.);
#393 = EDGE_CURVE('',#386,#370,#394,.T.);
#394 = LINE('',#395,#396);
#395 = CARTESIAN_POINT('',(108.00000183284,16.000000134111,
    135.53834055047));
#396 = VECTOR('',#397,1.);
#397 = DIRECTION('',(0.,0.,-1.));
#398 = PLANE('',#399);
#399 = AXIS2_PLACEMENT_3D('',#400,#401,#402);
#400 = CARTESIAN_POINT('',(108.00000183284,16.000000134111,
    135.53834055047));
#401 = DIRECTION('',(-1.,0.,0.));
#402 = DIRECTION('',(0.,1.,0.));
#403 = ADVANCED_FACE('',(#404),#429,.F.);
#404 = FACE_BOUND('',#405,.T.);
#405 = EDGE_LOOP('',(#406,#414,#415,#423));
#406 = ORIENTED_EDGE('',*,*,#407,.F.);
#407 = EDGE_CURVE('',#370,#408,#410,.T.);
#408 = VERTEX_POINT('',#409);
#409 = CARTESIAN_POINT('',(121.00000202655,16.000000134111,
    132.53834055047));
#410 = LINE('',#411,#412);
#411 = CARTESIAN_POINT('',(132.1060573627,16.000000134111,
    132.53834055047));
#412 = VECTOR('',#413,1.);
#413 = DIRECTION('',(1.,0.,0.));
#414 = ORIENTED_EDGE('',*,*,#393,.F.);
#415 = ORIENTED_EDGE('',*,*,#416,.F.);
#416 = EDGE_CURVE('',#417,#386,#419,.T.);
#417 = VERTEX_POINT('',#418);
#418 = CARTESIAN_POINT('',(121.00000202655,16.000000134111,
    135.53834055047));
#419 = LINE('',#420,#421);
#420 = CARTESIAN_POINT('',(56.905001388746,16.000000134111,
    135.53834055047));
#421 = VECTOR('',#422,1.);
#422 = DIRECTION('',(-1.,0.,0.));
#423 = ORIENTED_EDGE('',*,*,#424,.T.);
#424 = EDGE_CURVE('',#417,#408,#425,.T.);
#425 = LINE('',#426,#427);
#426 = CARTESIAN_POINT('',(121.00000202655,16.000000134111,
    135.53834055047));
#427 = VECTOR('',#428,1.);
#428 = DIRECTION('',(0.,0.,-1.));
#429 = PLANE('',#430);
#430 = AXIS2_PLACEMENT_3D('',#431,#432,#433);
#431 = CARTESIAN_POINT('',(121.00000202655,16.000000134111,
    135.53834055047));
#432 = DIRECTION('',(0.,-1.,0.));
#433 = DIRECTION('',(-1.,0.,0.));
#434 = ADVANCED_FACE('',(#435),#460,.F.);
#435 = FACE_BOUND('',#436,.T.);
#436 = EDGE_LOOP('',(#437,#445,#446,#454));
#437 = ORIENTED_EDGE('',*,*,#438,.F.);
#438 = EDGE_CURVE('',#408,#439,#441,.T.);
#439 = VERTEX_POINT('',#440);
#440 = CARTESIAN_POINT('',(121.00000202655,30.000000342727,
    132.53834055047));
#441 = LINE('',#442,#443);
#442 = CARTESIAN_POINT('',(121.00000202655,15.000000171363,
    132.53834055047));
#443 = VECTOR('',#444,1.);
#444 = DIRECTION('',(0.,1.,0.));
#445 = ORIENTED_EDGE('',*,*,#424,.F.);
#446 = ORIENTED_EDGE('',*,*,#447,.F.);
#447 = EDGE_CURVE('',#448,#417,#450,.T.);
#448 = VERTEX_POINT('',#449);
#449 = CARTESIAN_POINT('',(121.00000202655,30.000000342727,
    135.53834055047));
#450 = LINE('',#451,#452);
#451 = CARTESIAN_POINT('',(121.00000202655,15.000000171363,
    135.53834055047));
#452 = VECTOR('',#453,1.);
#453 = DIRECTION('',(0.,-1.,0.));
#454 = ORIENTED_EDGE('',*,*,#455,.T.);
#455 = EDGE_CURVE('',#448,#439,#456,.T.);
#456 = LINE('',#457,#458);
#457 = CARTESIAN_POINT('',(121.00000202655,30.000000342727,
    135.53834055047));
#458 = VECTOR('',#459,1.);
#459 = DIRECTION('',(0.,0.,-1.));
#460 = PLANE('',#461);
#461 = AXIS2_PLACEMENT_3D('',#462,#463,#464);
#462 = CARTESIAN_POINT('',(121.00000202655,30.000000342727,
    135.53834055047));
#463 = DIRECTION('',(1.,0.,0.));
#464 = DIRECTION('',(0.,-1.,0.));
#465 = ADVANCED_FACE('',(#466),#482,.F.);
#466 = FACE_BOUND('',#467,.T.);
#467 = EDGE_LOOP('',(#468,#474,#475,#481));
#468 = ORIENTED_EDGE('',*,*,#469,.F.);
#469 = EDGE_CURVE('',#439,#368,#470,.T.);
#470 = LINE('',#471,#472);
#471 = CARTESIAN_POINT('',(125.60605726584,30.000000342727,
    132.53834055047));
#472 = VECTOR('',#473,1.);
#473 = DIRECTION('',(-1.,0.,0.));
#474 = ORIENTED_EDGE('',*,*,#455,.F.);
#475 = ORIENTED_EDGE('',*,*,#476,.F.);
#476 = EDGE_CURVE('',#378,#448,#477,.T.);
#477 = LINE('',#478,#479);
#478 = CARTESIAN_POINT('',(50.405001291889,30.000000342727,
    135.53834055047));
#479 = VECTOR('',#480,1.);
#480 = DIRECTION('',(1.,0.,0.));
#481 = ORIENTED_EDGE('',*,*,#377,.T.);
#482 = PLANE('',#483);
#483 = AXIS2_PLACEMENT_3D('',#484,#485,#486);
#484 = CARTESIAN_POINT('',(108.00000183284,30.000000342727,
    135.53834055047));
#485 = DIRECTION('',(0.,1.,0.));
#486 = DIRECTION('',(1.,0.,0.));
#487 = ADVANCED_FACE('',(#488),#515,.F.);
#488 = FACE_BOUND('',#489,.F.);
#489 = EDGE_LOOP('',(#490,#500,#507,#508));
#490 = ORIENTED_EDGE('',*,*,#491,.T.);
#491 = EDGE_CURVE('',#492,#494,#496,.T.);
#492 = VERTEX_POINT('',#493);
#493 = CARTESIAN_POINT('',(-16.18999924906,43.25,64.));
#494 = VERTEX_POINT('',#495);
#495 = CARTESIAN_POINT('',(-19.18999924906,43.25,64.));
#496 = LINE('',#497,#498);
#497 = CARTESIAN_POINT('',(-15.,43.25,64.));
#498 = VECTOR('',#499,1.);
#499 = DIRECTION('',(-1.,0.,5.921189464668E-16));
#500 = ORIENTED_EDGE('',*,*,#501,.T.);
#501 = EDGE_CURVE('',#494,#494,#502,.T.);
#502 = CIRCLE('',#503,2.25);
#503 = AXIS2_PLACEMENT_3D('',#504,#505,#506);
#504 = CARTESIAN_POINT('',(-19.18999924906,41.,64.));
#505 = DIRECTION('',(1.,0.,2.191986614046E-17));
#506 = DIRECTION('',(8.498969253486E-65,-1.,-3.877290672774E-48));
#507 = ORIENTED_EDGE('',*,*,#491,.F.);
#508 = ORIENTED_EDGE('',*,*,#509,.T.);
#509 = EDGE_CURVE('',#492,#492,#510,.T.);
#510 = CIRCLE('',#511,2.25);
#511 = AXIS2_PLACEMENT_3D('',#512,#513,#514);
#512 = CARTESIAN_POINT('',(-16.18999924906,41.,64.));
#513 = DIRECTION('',(-1.,0.,4.383973228092E-17));
#514 = DIRECTION('',(-1.699793850697E-64,-1.,-3.877290672774E-48));
#515 = CYLINDRICAL_SURFACE('',#516,2.25);
#516 = AXIS2_PLACEMENT_3D('',#517,#518,#519);
#517 = CARTESIAN_POINT('',(-15.,41.,64.));
#518 = DIRECTION('',(-1.,0.,5.921189464668E-16));
#519 = DIRECTION('',(-2.295817268308E-63,-1.,-3.877290672774E-48));
#520 = ADVANCED_FACE('',(#521),#555,.F.);
#521 = FACE_BOUND('',#522,.T.);
#522 = EDGE_LOOP('',(#523,#533,#541,#549));
#523 = ORIENTED_EDGE('',*,*,#524,.F.);
#524 = EDGE_CURVE('',#525,#527,#529,.T.);
#525 = VERTEX_POINT('',#526);
#526 = CARTESIAN_POINT('',(-16.18999924906,20.144547813135,
    62.78950266902));
#527 = VERTEX_POINT('',#528);
#528 = CARTESIAN_POINT('',(-16.18999924906,27.424429249768,
    68.298519631565));
#529 = LINE('',#530,#531);
#530 = CARTESIAN_POINT('',(-16.18999924906,28.355730628779,
    69.003277688255));
#531 = VECTOR('',#532,1.);
#532 = DIRECTION('',(2.645451319162E-17,0.79741073412,0.603436923887));
#533 = ORIENTED_EDGE('',*,*,#534,.T.);
#534 = EDGE_CURVE('',#525,#535,#537,.T.);
#535 = VERTEX_POINT('',#536);
#536 = CARTESIAN_POINT('',(-19.18999924906,20.144547813135,
    62.78950266902));
#537 = LINE('',#538,#539);
#538 = CARTESIAN_POINT('',(-15.,20.144547813135,62.78950266902));
#539 = VECTOR('',#540,1.);
#540 = DIRECTION('',(-1.,0.,5.921189464668E-16));
#541 = ORIENTED_EDGE('',*,*,#542,.F.);
#542 = EDGE_CURVE('',#543,#535,#545,.T.);
#543 = VERTEX_POINT('',#544);
#544 = CARTESIAN_POINT('',(-19.18999924906,27.424429249768,
    68.298519631565));
#545 = LINE('',#546,#547);
#546 = CARTESIAN_POINT('',(-19.18999924906,3.984004429875,
    50.560085418579));
#547 = VECTOR('',#548,1.);
#548 = DIRECTION('',(1.322725659581E-17,-0.79741073412,-0.603436923887)
  );
#549 = ORIENTED_EDGE('',*,*,#550,.F.);
#550 = EDGE_CURVE('',#527,#543,#551,.T.);
#551 = LINE('',#552,#553);
#552 = CARTESIAN_POINT('',(-15.,27.424429249768,68.298519631565));
#553 = VECTOR('',#554,1.);
#554 = DIRECTION('',(-1.,0.,5.921189464668E-16));
#555 = PLANE('',#556);
#556 = AXIS2_PLACEMENT_3D('',#557,#558,#559);
#557 = CARTESIAN_POINT('',(-15.,20.144547813135,62.78950266902));
#558 = DIRECTION('',(4.721620037885E-16,-0.603436923887,0.79741073412));
#559 = DIRECTION('',(2.847285658935E-16,0.79741073412,0.603436923887));
#560 = ADVANCED_FACE('',(#561),#588,.T.);
#561 = FACE_BOUND('',#562,.T.);
#562 = EDGE_LOOP('',(#563,#572,#573,#582));
#563 = ORIENTED_EDGE('',*,*,#564,.F.);
#564 = EDGE_CURVE('',#527,#565,#567,.T.);
#565 = VERTEX_POINT('',#566);
#566 = CARTESIAN_POINT('',(-16.18999924906,35.805800543202,
    85.102663482979));
#567 = CIRCLE('',#568,11.95);
#568 = AXIS2_PLACEMENT_3D('',#569,#570,#571);
#569 = CARTESIAN_POINT('',(-16.18999924906,25.,80.));
#570 = DIRECTION('',(1.,0.,-4.383973228092E-17));
#571 = DIRECTION('',(1.871961514757E-17,0.904251091481,0.427001128283));
#572 = ORIENTED_EDGE('',*,*,#550,.T.);
#573 = ORIENTED_EDGE('',*,*,#574,.F.);
#574 = EDGE_CURVE('',#575,#543,#577,.T.);
#575 = VERTEX_POINT('',#576);
#576 = CARTESIAN_POINT('',(-19.18999924906,35.805800543202,
    85.102663482979));
#577 = CIRCLE('',#578,11.95);
#578 = AXIS2_PLACEMENT_3D('',#579,#580,#581);
#579 = CARTESIAN_POINT('',(-19.18999924906,25.,80.));
#580 = DIRECTION('',(-1.,0.,-2.191986614046E-17));
#581 = DIRECTION('',(-9.359807573784E-18,0.904251091481,0.427001128283)
  );
#582 = ORIENTED_EDGE('',*,*,#583,.F.);
#583 = EDGE_CURVE('',#565,#575,#584,.T.);
#584 = LINE('',#585,#586);
#585 = CARTESIAN_POINT('',(-15.,35.805800543202,85.102663482979));
#586 = VECTOR('',#587,1.);
#587 = DIRECTION('',(-1.,0.,5.921189464668E-16));
#588 = CYLINDRICAL_SURFACE('',#589,11.95);
#589 = AXIS2_PLACEMENT_3D('',#590,#591,#592);
#590 = CARTESIAN_POINT('',(-15.,25.,80.));
#591 = DIRECTION('',(-1.,0.,5.921189464668E-16));
#592 = DIRECTION('',(2.528354582189E-16,0.904251091481,0.427001128283));
#593 = ADVANCED_FACE('',(#594),#619,.F.);
#594 = FACE_BOUND('',#595,.T.);
#595 = EDGE_LOOP('',(#596,#604,#605,#613));
#596 = ORIENTED_EDGE('',*,*,#597,.F.);
#597 = EDGE_CURVE('',#565,#598,#600,.T.);
#598 = VERTEX_POINT('',#599);
#599 = CARTESIAN_POINT('',(-16.18999924906,43.506748751456,
    81.852260448444));
#600 = LINE('',#601,#602);
#601 = CARTESIAN_POINT('',(-16.18999924906,13.725139450875,
    94.422431111349));
#602 = VECTOR('',#603,1.);
#603 = DIRECTION('',(-1.704749598274E-17,0.921297072728,-0.388859491055)
  );
#604 = ORIENTED_EDGE('',*,*,#583,.T.);
#605 = ORIENTED_EDGE('',*,*,#606,.F.);
#606 = EDGE_CURVE('',#607,#575,#609,.T.);
#607 = VERTEX_POINT('',#608);
#608 = CARTESIAN_POINT('',(-19.18999924906,43.506748751456,
    81.852260448444));
#609 = LINE('',#610,#611);
#610 = CARTESIAN_POINT('',(-19.18999924906,31.870463430666,
    86.763683833537));
#611 = VECTOR('',#612,1.);
#612 = DIRECTION('',(-8.523747991372E-18,-0.921297072728,0.388859491055)
  );
#613 = ORIENTED_EDGE('',*,*,#614,.F.);
#614 = EDGE_CURVE('',#598,#607,#615,.T.);
#615 = LINE('',#616,#617);
#616 = CARTESIAN_POINT('',(-15.,43.506748751456,81.852260448444));
#617 = VECTOR('',#618,1.);
#618 = DIRECTION('',(-1.,0.,5.921189464668E-16));
#619 = PLANE('',#620);
#620 = AXIS2_PLACEMENT_3D('',#621,#622,#623);
#621 = CARTESIAN_POINT('',(-15.,35.805800543202,85.102663482979));
#622 = DIRECTION('',(5.455174520864E-16,0.388859491055,0.921297072728));
#623 = DIRECTION('',(-1.834813231331E-16,0.921297072728,-0.388859491055)
  );
#624 = ADVANCED_FACE('',(#625),#658,.F.);
#625 = FACE_BOUND('',#626,.F.);
#626 = EDGE_LOOP('',(#627,#637,#647,#648));
#627 = ORIENTED_EDGE('',*,*,#628,.T.);
#628 = EDGE_CURVE('',#629,#631,#633,.T.);
#629 = VERTEX_POINT('',#630);
#630 = CARTESIAN_POINT('',(-16.18999924906,44.15,80.879889273651));
#631 = VERTEX_POINT('',#632);
#632 = CARTESIAN_POINT('',(-19.18999924906,44.15,80.879889273651));
#633 = LINE('',#634,#635);
#634 = CARTESIAN_POINT('',(-15.,44.15,80.879889273651));
#635 = VECTOR('',#636,1.);
#636 = DIRECTION('',(-1.,0.,5.921189464668E-16));
#637 = ORIENTED_EDGE('',*,*,#638,.T.);
#638 = EDGE_CURVE('',#631,#607,#639,.T.);
#639 = B_SPLINE_CURVE_WITH_KNOTS('',3,(#640,#641,#642,#643,#644,#645,
    #646),.UNSPECIFIED.,.F.,.F.,(4,3,4),(0.,6.198496262336E-02,
    0.123969650499),.UNSPECIFIED.);
#640 = CARTESIAN_POINT('',(-19.18999924906,44.15,80.879889273651));
#641 = CARTESIAN_POINT('',(-19.18999924906,44.149999999959,
    81.074469681003));
#642 = CARTESIAN_POINT('',(-19.18999924906,44.091384040837,
    81.286978394198));
#643 = CARTESIAN_POINT('',(-19.18999924906,43.974524496235,
    81.463629201994));
#644 = CARTESIAN_POINT('',(-19.18999924906,43.857665469611,
    81.640279226788));
#645 = CARTESIAN_POINT('',(-19.18999924906,43.685332156951,
    81.776884270369));
#646 = CARTESIAN_POINT('',(-19.18999924906,43.506748751456,
    81.852260448444));
#647 = ORIENTED_EDGE('',*,*,#614,.F.);
#648 = ORIENTED_EDGE('',*,*,#649,.T.);
#649 = EDGE_CURVE('',#598,#629,#650,.T.);
#650 = B_SPLINE_CURVE_WITH_KNOTS('',3,(#651,#652,#653,#654,#655,#656,
    #657),.UNSPECIFIED.,.F.,.F.,(4,3,4),(0.,6.194248208582E-02,
    0.123885238732),.UNSPECIFIED.);
#651 = CARTESIAN_POINT('',(-16.18999924906,43.506748751456,
    81.852260448444));
#652 = CARTESIAN_POINT('',(-16.18999924906,43.685332156951,
    81.776884270369));
#653 = CARTESIAN_POINT('',(-16.18999924906,43.857665469611,
    81.640279226788));
#654 = CARTESIAN_POINT('',(-16.18999924906,43.974524496235,
    81.463629201994));
#655 = CARTESIAN_POINT('',(-16.18999924906,44.091384040837,
    81.286978394198));
#656 = CARTESIAN_POINT('',(-16.18999924906,44.149999999959,
    81.074469681003));
#657 = CARTESIAN_POINT('',(-16.18999924906,44.15,80.879889273651));
#658 = B_SPLINE_SURFACE_WITH_KNOTS('',3,1,(
    (#659,#660)
    ,(#661,#662)
    ,(#663,#664)
    ,(#665,#666)
    ,(#667,#668)
    ,(#669,#670)
    ,(#671,#672
    )),.UNSPECIFIED.,.F.,.F.,.F.,(4,3,4),(2,2),(-2.743804915065,
    -2.157301920769,-1.570796326795),(0.,3.),.UNSPECIFIED.);
#659 = CARTESIAN_POINT('',(-15.,43.506748751456,81.852260448444));
#660 = CARTESIAN_POINT('',(-45.,43.506748751456,81.852260448444));
#661 = CARTESIAN_POINT('',(-15.,43.685332156951,81.776884270369));
#662 = CARTESIAN_POINT('',(-45.,43.685332156951,81.776884270369));
#663 = CARTESIAN_POINT('',(-15.,43.857665469611,81.640279226788));
#664 = CARTESIAN_POINT('',(-45.,43.857665469611,81.640279226788));
#665 = CARTESIAN_POINT('',(-15.,43.974524496235,81.463629201994));
#666 = CARTESIAN_POINT('',(-45.,43.974524496235,81.463629201994));
#667 = CARTESIAN_POINT('',(-15.,44.091384040837,81.286978394198));
#668 = CARTESIAN_POINT('',(-45.,44.091384040837,81.286978394198));
#669 = CARTESIAN_POINT('',(-15.,44.149999999959,81.074469681003));
#670 = CARTESIAN_POINT('',(-45.,44.149999999959,81.074469681003));
#671 = CARTESIAN_POINT('',(-15.,44.15,80.879889273651));
#672 = CARTESIAN_POINT('',(-45.,44.15,80.879889273651));
#673 = ADVANCED_FACE('',(#674),#699,.F.);
#674 = FACE_BOUND('',#675,.T.);
#675 = EDGE_LOOP('',(#676,#684,#685,#693));
#676 = ORIENTED_EDGE('',*,*,#677,.F.);
#677 = EDGE_CURVE('',#629,#678,#680,.T.);
#678 = VERTEX_POINT('',#679);
#679 = CARTESIAN_POINT('',(-16.18999924906,44.15,75.7462898218));
#680 = LINE('',#681,#682);
#681 = CARTESIAN_POINT('',(-16.18999924906,44.15,102.20911491206));
#682 = VECTOR('',#683,1.);
#683 = DIRECTION('',(-4.383973228092E-17,7.269920011451E-49,-1.));
#684 = ORIENTED_EDGE('',*,*,#628,.T.);
#685 = ORIENTED_EDGE('',*,*,#686,.F.);
#686 = EDGE_CURVE('',#687,#631,#689,.T.);
#687 = VERTEX_POINT('',#688);
#688 = CARTESIAN_POINT('',(-19.18999924906,44.15,75.7462898218));
#689 = LINE('',#690,#691);
#690 = CARTESIAN_POINT('',(-19.18999924906,44.15,51.559944998756));
#691 = VECTOR('',#692,1.);
#692 = DIRECTION('',(-2.191986614046E-17,-7.269920011451E-49,1.));
#693 = ORIENTED_EDGE('',*,*,#694,.F.);
#694 = EDGE_CURVE('',#678,#687,#695,.T.);
#695 = LINE('',#696,#697);
#696 = CARTESIAN_POINT('',(-15.,44.15,75.7462898218));
#697 = VECTOR('',#698,1.);
#698 = DIRECTION('',(-1.,0.,5.921189464668E-16));
#699 = PLANE('',#700);
#700 = AXIS2_PLACEMENT_3D('',#701,#702,#703);
#701 = CARTESIAN_POINT('',(-15.,44.15,80.879889273651));
#702 = DIRECTION('',(4.304657378078E-64,1.,7.269920011451E-49));
#703 = DIRECTION('',(-4.718447854657E-16,7.269920011451E-49,-1.));
#704 = ADVANCED_FACE('',(#705),#756,.F.);
#705 = FACE_BOUND('',#706,.F.);
#706 = EDGE_LOOP('',(#707,#708,#729,#737));
#707 = ORIENTED_EDGE('',*,*,#534,.T.);
#708 = ORIENTED_EDGE('',*,*,#709,.T.);
#709 = EDGE_CURVE('',#535,#710,#712,.T.);
#710 = VERTEX_POINT('',#711);
#711 = CARTESIAN_POINT('',(-19.18999924906,20.517524357419,
    60.902252426167));
#712 = B_SPLINE_CURVE_WITH_KNOTS('',3,(#713,#714,#715,#716,#717,#718,
    #719,#720,#721,#722,#723,#724,#725,#726,#727,#728),.UNSPECIFIED.,.F.
  ,.F.,(4,3,3,3,3,4),(0.,4.0999771039E-02,8.199954207801E-02,
    0.163999084156,0.245998626234,0.327998168312),.UNSPECIFIED.);
#713 = CARTESIAN_POINT('',(-19.18999924906,20.144547813135,
    62.78950266902));
#714 = CARTESIAN_POINT('',(-19.18999924906,20.063973027394,
    62.728528068642));
#715 = CARTESIAN_POINT('',(-19.18999924906,19.99372507243,
    62.657860215916));
#716 = CARTESIAN_POINT('',(-19.18999924906,19.933455088531,
    62.577826567087));
#717 = CARTESIAN_POINT('',(-19.18999924906,19.873185104632,
    62.497792918257));
#718 = CARTESIAN_POINT('',(-19.18999924906,19.824004671107,
    62.409139904711));
#719 = CARTESIAN_POINT('',(-19.18999924906,19.788036831781,
    62.316125954319));
#720 = CARTESIAN_POINT('',(-19.18999924906,19.71610115313,
    62.130098053535));
#721 = CARTESIAN_POINT('',(-19.18999924906,19.696607844932,
    61.921541590554));
#722 = CARTESIAN_POINT('',(-19.18999924906,19.73394365751,
    61.725364989035));
#723 = CARTESIAN_POINT('',(-19.18999924906,19.771279470088,
    61.529188387515));
#724 = CARTESIAN_POINT('',(-19.18999924906,19.864376206619,
    61.344498830897));
#725 = CARTESIAN_POINT('',(-19.18999924906,20.002947801778,
    61.198149155013));
#726 = CARTESIAN_POINT('',(-19.18999924906,20.141519396936,
    61.051799479129));
#727 = CARTESIAN_POINT('',(-19.18999924906,20.320701703971,
    60.94844911751));
#728 = CARTESIAN_POINT('',(-19.18999924906,20.517524357419,
    60.902252426167));
#729 = ORIENTED_EDGE('',*,*,#730,.F.);
#730 = EDGE_CURVE('',#731,#710,#733,.T.);
#731 = VERTEX_POINT('',#732);
#732 = CARTESIAN_POINT('',(-16.18999924906,20.517524357419,
    60.902252426167));
#733 = LINE('',#734,#735);
#734 = CARTESIAN_POINT('',(-15.,20.517524357419,60.902252426167));
#735 = VECTOR('',#736,1.);
#736 = DIRECTION('',(-1.,0.,5.921189464668E-16));
#737 = ORIENTED_EDGE('',*,*,#738,.T.);
#738 = EDGE_CURVE('',#731,#525,#739,.T.);
#739 = B_SPLINE_CURVE_WITH_KNOTS('',3,(#740,#741,#742,#743,#744,#745,
    #746,#747,#748,#749,#750,#751,#752,#753,#754,#755),.UNSPECIFIED.,.F.
  ,.F.,(4,3,3,3,3,4),(0.,7.56648471202E-02,0.15132969424,0.226994541361,
    0.264826964921,0.302659388481),.UNSPECIFIED.);
#740 = CARTESIAN_POINT('',(-16.18999924906,20.517524357419,
    60.902252426167));
#741 = CARTESIAN_POINT('',(-16.18999924906,20.320701703971,
    60.94844911751));
#742 = CARTESIAN_POINT('',(-16.18999924906,20.141519396936,
    61.051799479129));
#743 = CARTESIAN_POINT('',(-16.18999924906,20.002947801778,
    61.198149155013));
#744 = CARTESIAN_POINT('',(-16.18999924906,19.864376206619,
    61.344498830897));
#745 = CARTESIAN_POINT('',(-16.18999924906,19.771279470088,
    61.529188387515));
#746 = CARTESIAN_POINT('',(-16.18999924906,19.73394365751,
    61.725364989035));
#747 = CARTESIAN_POINT('',(-16.18999924906,19.696607844932,
    61.921541590554));
#748 = CARTESIAN_POINT('',(-16.18999924906,19.71610115313,
    62.130098053535));
#749 = CARTESIAN_POINT('',(-16.18999924906,19.788036831781,
    62.316125954319));
#750 = CARTESIAN_POINT('',(-16.18999924906,19.824004671107,
    62.409139904711));
#751 = CARTESIAN_POINT('',(-16.18999924906,19.873185104632,
    62.497792918257));
#752 = CARTESIAN_POINT('',(-16.18999924906,19.933455088531,
    62.577826567087));
#753 = CARTESIAN_POINT('',(-16.18999924906,19.99372507243,
    62.657860215916));
#754 = CARTESIAN_POINT('',(-16.18999924906,20.063973027394,
    62.728528068642));
#755 = CARTESIAN_POINT('',(-16.18999924906,20.144547813135,
    62.78950266902));
#756 = B_SPLINE_SURFACE_WITH_KNOTS('',3,1,(
    (#757,#758)
    ,(#759,#760)
    ,(#761,#762)
    ,(#763,#764)
    ,(#765,#766)
    ,(#767,#768)
    ,(#769,#770)
    ,(#771,#772)
    ,(#773,#774)
    ,(#775,#776)
    ,(#777,#778)
    ,(#779,#780
    )),.UNSPECIFIED.,.F.,.F.,.F.,(4,2,2,2,2,4),(2,2),(
    -2.390449303384E-03,-1.792836977538E-03,-1.195224651692E-03,
    -5.976123258459E-04,-2.98806162923E-04,0.),(0.,3.),.UNSPECIFIED.);
#757 = CARTESIAN_POINT('',(-15.,20.517524357419,60.902252426167));
#758 = CARTESIAN_POINT('',(-45.,20.517524357419,60.902252426167));
#759 = CARTESIAN_POINT('',(-15.,20.320701703971,60.94844911751));
#760 = CARTESIAN_POINT('',(-45.,20.320701703971,60.94844911751));
#761 = CARTESIAN_POINT('',(-15.,20.141519396936,61.051799479129));
#762 = CARTESIAN_POINT('',(-45.,20.141519396936,61.051799479129));
#763 = CARTESIAN_POINT('',(-15.,19.864376206619,61.344498830897));
#764 = CARTESIAN_POINT('',(-45.,19.864376206619,61.344498830897));
#765 = CARTESIAN_POINT('',(-15.,19.771279470088,61.529188387515));
#766 = CARTESIAN_POINT('',(-45.,19.771279470088,61.529188387515));
#767 = CARTESIAN_POINT('',(-15.,19.696607844932,61.921541590554));
#768 = CARTESIAN_POINT('',(-45.,19.696607844932,61.921541590554));
#769 = CARTESIAN_POINT('',(-15.,19.71610115313,62.130098053535));
#770 = CARTESIAN_POINT('',(-45.,19.71610115313,62.130098053535));
#771 = CARTESIAN_POINT('',(-15.,19.824004671107,62.409139904711));
#772 = CARTESIAN_POINT('',(-45.,19.824004671107,62.409139904711));
#773 = CARTESIAN_POINT('',(-15.,19.873185104632,62.497792918257));
#774 = CARTESIAN_POINT('',(-45.,19.873185104632,62.497792918257));
#775 = CARTESIAN_POINT('',(-15.,19.99372507243,62.657860215916));
#776 = CARTESIAN_POINT('',(-45.,19.99372507243,62.657860215916));
#777 = CARTESIAN_POINT('',(-15.,20.063973027394,62.728528068642));
#778 = CARTESIAN_POINT('',(-45.,20.063973027394,62.728528068642));
#779 = CARTESIAN_POINT('',(-15.,20.144547813135,62.78950266902));
#780 = CARTESIAN_POINT('',(-45.,20.144547813135,62.78950266902));
#781 = ADVANCED_FACE('',(#782),#809,.F.);
#782 = FACE_BOUND('',#783,.F.);
#783 = EDGE_LOOP('',(#784,#785,#794,#802));
#784 = ORIENTED_EDGE('',*,*,#730,.T.);
#785 = ORIENTED_EDGE('',*,*,#786,.T.);
#786 = EDGE_CURVE('',#710,#787,#789,.T.);
#787 = VERTEX_POINT('',#788);
#788 = CARTESIAN_POINT('',(-19.18999924906,20.746289821798,60.85));
#789 = CIRCLE('',#790,19.616741581622);
#790 = AXIS2_PLACEMENT_3D('',#791,#792,#793);
#791 = CARTESIAN_POINT('',(-19.18999924906,25.,80.));
#792 = DIRECTION('',(1.,7.703719777549E-34,2.191986614046E-17));
#793 = DIRECTION('',(2.139832626348E-17,-0.216840812247,-0.976206977103)
  );
#794 = ORIENTED_EDGE('',*,*,#795,.F.);
#795 = EDGE_CURVE('',#796,#787,#798,.T.);
#796 = VERTEX_POINT('',#797);
#797 = CARTESIAN_POINT('',(-16.18999924906,20.746289821798,60.85));
#798 = LINE('',#799,#800);
#799 = CARTESIAN_POINT('',(-15.,20.746289821798,60.85));
#800 = VECTOR('',#801,1.);
#801 = DIRECTION('',(-1.,0.,5.921189464668E-16));
#802 = ORIENTED_EDGE('',*,*,#803,.T.);
#803 = EDGE_CURVE('',#796,#731,#804,.T.);
#804 = CIRCLE('',#805,19.616741581622);
#805 = AXIS2_PLACEMENT_3D('',#806,#807,#808);
#806 = CARTESIAN_POINT('',(-16.18999924906,25.,80.));
#807 = DIRECTION('',(-1.,1.54074395551E-33,4.383973228092E-17));
#808 = DIRECTION('',(-4.279665252695E-17,-0.216840812247,-0.976206977103
    ));
#809 = CYLINDRICAL_SURFACE('',#810,19.616741581622);
#810 = AXIS2_PLACEMENT_3D('',#811,#812,#813);
#811 = CARTESIAN_POINT('',(-15.,25.,80.));
#812 = DIRECTION('',(-1.,0.,5.921189464668E-16));
#813 = DIRECTION('',(-5.780306468155E-16,-0.216840812247,-0.976206977103
    ));
#814 = ADVANCED_FACE('',(#815),#840,.F.);
#815 = FACE_BOUND('',#816,.T.);
#816 = EDGE_LOOP('',(#817,#825,#833,#839));
#817 = ORIENTED_EDGE('',*,*,#818,.F.);
#818 = EDGE_CURVE('',#819,#796,#821,.T.);
#819 = VERTEX_POINT('',#820);
#820 = CARTESIAN_POINT('',(-16.18999924906,29.253710178202,60.85));
#821 = LINE('',#822,#823);
#822 = CARTESIAN_POINT('',(-16.18999924906,14.626855089101,60.85));
#823 = VECTOR('',#824,1.);
#824 = DIRECTION('',(-1.699793850697E-64,-1.,-3.877290672774E-48));
#825 = ORIENTED_EDGE('',*,*,#826,.T.);
#826 = EDGE_CURVE('',#819,#827,#829,.T.);
#827 = VERTEX_POINT('',#828);
#828 = CARTESIAN_POINT('',(-19.18999924906,29.253710178202,60.85));
#829 = LINE('',#830,#831);
#830 = CARTESIAN_POINT('',(-15.,29.253710178202,60.85));
#831 = VECTOR('',#832,1.);
#832 = DIRECTION('',(-1.,0.,5.921189464668E-16));
#833 = ORIENTED_EDGE('',*,*,#834,.F.);
#834 = EDGE_CURVE('',#787,#827,#835,.T.);
#835 = LINE('',#836,#837);
#836 = CARTESIAN_POINT('',(-19.18999924906,14.626855089101,60.85));
#837 = VECTOR('',#838,1.);
#838 = DIRECTION('',(-8.498969253486E-65,1.,3.877290672774E-48));
#839 = ORIENTED_EDGE('',*,*,#795,.F.);
#840 = PLANE('',#841);
#841 = AXIS2_PLACEMENT_3D('',#842,#843,#844);
#842 = CARTESIAN_POINT('',(-15.,29.253710178202,60.85));
#843 = DIRECTION('',(-5.921189464668E-16,3.877290672774E-48,-1.));
#844 = DIRECTION('',(-2.619264724367E-32,-1.,1.163187201832E-47));
#845 = ADVANCED_FACE('',(#846),#864,.F.);
#846 = FACE_BOUND('',#847,.F.);
#847 = EDGE_LOOP('',(#848,#849,#856,#857));
#848 = ORIENTED_EDGE('',*,*,#826,.T.);
#849 = ORIENTED_EDGE('',*,*,#850,.T.);
#850 = EDGE_CURVE('',#827,#687,#851,.T.);
#851 = CIRCLE('',#852,19.616741581622);
#852 = AXIS2_PLACEMENT_3D('',#853,#854,#855);
#853 = CARTESIAN_POINT('',(-19.18999924906,25.,80.));
#854 = DIRECTION('',(1.,0.,2.191986614046E-17));
#855 = DIRECTION('',(4.753121578245E-18,0.976206977103,-0.216840812247)
  );
#856 = ORIENTED_EDGE('',*,*,#694,.F.);
#857 = ORIENTED_EDGE('',*,*,#858,.T.);
#858 = EDGE_CURVE('',#678,#819,#859,.T.);
#859 = CIRCLE('',#860,19.616741581622);
#860 = AXIS2_PLACEMENT_3D('',#861,#862,#863);
#861 = CARTESIAN_POINT('',(-16.18999924906,25.,80.));
#862 = DIRECTION('',(-1.,0.,4.383973228092E-17));
#863 = DIRECTION('',(-9.50624315649E-18,0.976206977103,-0.216840812247)
  );
#864 = CYLINDRICAL_SURFACE('',#865,19.616741581622);
#865 = AXIS2_PLACEMENT_3D('',#866,#867,#868);
#866 = CARTESIAN_POINT('',(-15.,25.,80.));
#867 = DIRECTION('',(-1.,0.,5.921189464668E-16));
#868 = DIRECTION('',(-1.283955532987E-16,0.976206977103,-0.216840812247)
  );
#869 = ADVANCED_FACE('',(#870),#897,.F.);
#870 = FACE_BOUND('',#871,.F.);
#871 = EDGE_LOOP('',(#872,#882,#889,#890));
#872 = ORIENTED_EDGE('',*,*,#873,.T.);
#873 = EDGE_CURVE('',#874,#876,#878,.T.);
#874 = VERTEX_POINT('',#875);
#875 = CARTESIAN_POINT('',(-16.18999924906,43.25,96.));
#876 = VERTEX_POINT('',#877);
#877 = CARTESIAN_POINT('',(-19.18999924906,43.25,96.));
#878 = LINE('',#879,#880);
#879 = CARTESIAN_POINT('',(-15.,43.25,96.));
#880 = VECTOR('',#881,1.);
#881 = DIRECTION('',(-1.,0.,5.921189464668E-16));
#882 = ORIENTED_EDGE('',*,*,#883,.T.);
#883 = EDGE_CURVE('',#876,#876,#884,.T.);
#884 = CIRCLE('',#885,2.25);
#885 = AXIS2_PLACEMENT_3D('',#886,#887,#888);
#886 = CARTESIAN_POINT('',(-19.18999924906,41.,96.));
#887 = DIRECTION('',(1.,0.,2.191986614046E-17));
#888 = DIRECTION('',(8.498969253486E-65,-1.,-3.877290672774E-48));
#889 = ORIENTED_EDGE('',*,*,#873,.F.);
#890 = ORIENTED_EDGE('',*,*,#891,.T.);
#891 = EDGE_CURVE('',#874,#874,#892,.T.);
#892 = CIRCLE('',#893,2.25);
#893 = AXIS2_PLACEMENT_3D('',#894,#895,#896);
#894 = CARTESIAN_POINT('',(-16.18999924906,41.,96.));
#895 = DIRECTION('',(-1.,0.,4.383973228092E-17));
#896 = DIRECTION('',(-1.699793850697E-64,-1.,-3.877290672774E-48));
#897 = CYLINDRICAL_SURFACE('',#898,2.25);
#898 = AXIS2_PLACEMENT_3D('',#899,#900,#901);
#899 = CARTESIAN_POINT('',(-15.,41.,96.));
#900 = DIRECTION('',(-1.,0.,5.921189464668E-16));
#901 = DIRECTION('',(-2.295817268308E-63,-1.,-3.877290672774E-48));
#902 = ADVANCED_FACE('',(#903),#930,.F.);
#903 = FACE_BOUND('',#904,.F.);
#904 = EDGE_LOOP('',(#905,#915,#922,#923));
#905 = ORIENTED_EDGE('',*,*,#906,.T.);
#906 = EDGE_CURVE('',#907,#909,#911,.T.);
#907 = VERTEX_POINT('',#908);
#908 = CARTESIAN_POINT('',(-16.18999924906,11.25,64.));
#909 = VERTEX_POINT('',#910);
#910 = CARTESIAN_POINT('',(-19.18999924906,11.25,64.));
#911 = LINE('',#912,#913);
#912 = CARTESIAN_POINT('',(-15.,11.25,64.));
#913 = VECTOR('',#914,1.);
#914 = DIRECTION('',(-1.,0.,5.921189464668E-16));
#915 = ORIENTED_EDGE('',*,*,#916,.T.);
#916 = EDGE_CURVE('',#909,#909,#917,.T.);
#917 = CIRCLE('',#918,2.25);
#918 = AXIS2_PLACEMENT_3D('',#919,#920,#921);
#919 = CARTESIAN_POINT('',(-19.18999924906,9.,64.));
#920 = DIRECTION('',(1.,0.,2.191986614046E-17));
#921 = DIRECTION('',(8.498969253486E-65,-1.,-3.877290672774E-48));
#922 = ORIENTED_EDGE('',*,*,#906,.F.);
#923 = ORIENTED_EDGE('',*,*,#924,.T.);
#924 = EDGE_CURVE('',#907,#907,#925,.T.);
#925 = CIRCLE('',#926,2.25);
#926 = AXIS2_PLACEMENT_3D('',#927,#928,#929);
#927 = CARTESIAN_POINT('',(-16.18999924906,9.,64.));
#928 = DIRECTION('',(-1.,0.,4.383973228092E-17));
#929 = DIRECTION('',(-1.699793850697E-64,-1.,-3.877290672774E-48));
#930 = CYLINDRICAL_SURFACE('',#931,2.25);
#931 = AXIS2_PLACEMENT_3D('',#932,#933,#934);
#932 = CARTESIAN_POINT('',(-15.,9.,64.));
#933 = DIRECTION('',(-1.,0.,5.921189464668E-16));
#934 = DIRECTION('',(-2.295817268308E-63,-1.,-3.877290672774E-48));
#935 = ADVANCED_FACE('',(#936),#972,.T.);
#936 = FACE_BOUND('',#937,.T.);
#937 = EDGE_LOOP('',(#938,#949,#957,#966));
#938 = ORIENTED_EDGE('',*,*,#939,.F.);
#939 = EDGE_CURVE('',#940,#942,#944,.T.);
#940 = VERTEX_POINT('',#941);
#941 = CARTESIAN_POINT('',(-16.18999924906,13.654006114166,
    83.751122864241));
#942 = VERTEX_POINT('',#943);
#943 = CARTESIAN_POINT('',(-16.18999924906,24.016135931622,
    68.09057047987));
#944 = CIRCLE('',#945,11.95);
#945 = AXIS2_PLACEMENT_3D('',#946,#947,#948);
#946 = CARTESIAN_POINT('',(-16.18999924906,25.,80.));
#947 = DIRECTION('',(1.,0.,-4.383973228092E-17));
#948 = DIRECTION('',(-4.369089554653E-17,-8.233172120318E-02,
    -0.996604980764));
#949 = ORIENTED_EDGE('',*,*,#950,.T.);
#950 = EDGE_CURVE('',#940,#951,#953,.T.);
#951 = VERTEX_POINT('',#952);
#952 = CARTESIAN_POINT('',(-19.18999924906,13.654006114166,
    83.751122864241));
#953 = LINE('',#954,#955);
#954 = CARTESIAN_POINT('',(-15.,13.654006114166,83.751122864241));
#955 = VECTOR('',#956,1.);
#956 = DIRECTION('',(-1.,0.,5.921189464668E-16));
#957 = ORIENTED_EDGE('',*,*,#958,.F.);
#958 = EDGE_CURVE('',#959,#951,#961,.T.);
#959 = VERTEX_POINT('',#960);
#960 = CARTESIAN_POINT('',(-19.18999924906,24.016135931622,
    68.09057047987));
#961 = CIRCLE('',#962,11.95);
#962 = AXIS2_PLACEMENT_3D('',#963,#964,#965);
#963 = CARTESIAN_POINT('',(-19.18999924906,25.,80.));
#964 = DIRECTION('',(-1.,0.,-2.191986614046E-17));
#965 = DIRECTION('',(2.184544777326E-17,-8.233172120318E-02,
    -0.996604980764));
#966 = ORIENTED_EDGE('',*,*,#967,.F.);
#967 = EDGE_CURVE('',#942,#959,#968,.T.);
#968 = LINE('',#969,#970);
#969 = CARTESIAN_POINT('',(-15.,24.016135931622,68.09057047987));
#970 = VECTOR('',#971,1.);
#971 = DIRECTION('',(-1.,0.,5.921189464668E-16));
#972 = CYLINDRICAL_SURFACE('',#973,11.95);
#973 = AXIS2_PLACEMENT_3D('',#974,#975,#976);
#974 = CARTESIAN_POINT('',(-15.,25.,80.));
#975 = DIRECTION('',(-1.,0.,5.921189464668E-16));
#976 = DIRECTION('',(-5.901086912535E-16,-8.233172120318E-02,
    -0.996604980764));
#977 = ADVANCED_FACE('',(#978),#1003,.F.);
#978 = FACE_BOUND('',#979,.T.);
#979 = EDGE_LOOP('',(#980,#988,#989,#997));
#980 = ORIENTED_EDGE('',*,*,#981,.F.);
#981 = EDGE_CURVE('',#942,#982,#984,.T.);
#982 = VERTEX_POINT('',#983);
#983 = CARTESIAN_POINT('',(-16.18999924906,16.98826949737,
    62.772264717091));
#984 = LINE('',#985,#986);
#985 = CARTESIAN_POINT('',(-16.18999924906,29.72101455638,72.40771127215
    ));
#986 = VECTOR('',#987,1.);
#987 = DIRECTION('',(-2.645451319162E-17,-0.79741073412,-0.603436923887)
  );
#988 = ORIENTED_EDGE('',*,*,#967,.T.);
#989 = ORIENTED_EDGE('',*,*,#990,.F.);
#990 = EDGE_CURVE('',#991,#959,#993,.T.);
#991 = VERTEX_POINT('',#992);
#992 = CARTESIAN_POINT('',(-19.18999924906,16.98826949737,
    62.772264717091));
#993 = LINE('',#994,#995);
#994 = CARTESIAN_POINT('',(-19.18999924906,5.349288357476,
    53.964519002474));
#995 = VECTOR('',#996,1.);
#996 = DIRECTION('',(-1.322725659581E-17,0.79741073412,0.603436923887));
#997 = ORIENTED_EDGE('',*,*,#998,.F.);
#998 = EDGE_CURVE('',#982,#991,#999,.T.);
#999 = LINE('',#1000,#1001);
#1000 = CARTESIAN_POINT('',(-15.,16.98826949737,62.772264717091));
#1001 = VECTOR('',#1002,1.);
#1002 = DIRECTION('',(-1.,0.,5.921189464668E-16));
#1003 = PLANE('',#1004);
#1004 = AXIS2_PLACEMENT_3D('',#1005,#1006,#1007);
#1005 = CARTESIAN_POINT('',(-15.,24.016135931622,68.09057047987));
#1006 = DIRECTION('',(-4.721620037885E-16,0.603436923887,-0.79741073412)
  );
#1007 = DIRECTION('',(-2.847285658935E-16,-0.79741073412,-0.603436923887
    ));
#1008 = ADVANCED_FACE('',(#1009),#1048,.F.);
#1009 = FACE_BOUND('',#1010,.F.);
#1010 = EDGE_LOOP('',(#1011,#1021,#1034,#1035));
#1011 = ORIENTED_EDGE('',*,*,#1012,.T.);
#1012 = EDGE_CURVE('',#1013,#1015,#1017,.T.);
#1013 = VERTEX_POINT('',#1014);
#1014 = CARTESIAN_POINT('',(-16.18999924906,15.803879819606,
    62.672336455601));
#1015 = VERTEX_POINT('',#1016);
#1016 = CARTESIAN_POINT('',(-19.18999924906,15.803879819606,
    62.672336455601));
#1017 = LINE('',#1018,#1019);
#1018 = CARTESIAN_POINT('',(-15.,15.803879819606,62.672336455601));
#1019 = VECTOR('',#1020,1.);
#1020 = DIRECTION('',(-1.,0.,5.921189464668E-16));
#1021 = ORIENTED_EDGE('',*,*,#1022,.T.);
#1022 = EDGE_CURVE('',#1015,#991,#1023,.T.);
#1023 = B_SPLINE_CURVE_WITH_KNOTS('',3,(#1024,#1025,#1026,#1027,#1028,
    #1029,#1030,#1031,#1032,#1033),.UNSPECIFIED.,.F.,.F.,(4,3,3,4),(0.,
    3.264249421098E-02,6.528498842195E-02,0.130569976844),
  .UNSPECIFIED.);
#1024 = CARTESIAN_POINT('',(-19.18999924906,15.803879819606,
    62.672336455601));
#1025 = CARTESIAN_POINT('',(-19.18999924906,15.897041309136,
    62.622893883514));
#1026 = CARTESIAN_POINT('',(-19.18999924906,15.995053826565,
    62.588226257039));
#1027 = CARTESIAN_POINT('',(-19.18999924906,16.097685318016,
    62.567626801551));
#1028 = CARTESIAN_POINT('',(-19.18999924906,16.200316809466,
    62.547027346064));
#1029 = CARTESIAN_POINT('',(-19.18999924906,16.30570757125,
    62.541290384947));
#1030 = CARTESIAN_POINT('',(-19.18999924906,16.409555802757,
    62.550192490364));
#1031 = CARTESIAN_POINT('',(-19.18999924906,16.617252265773,
    62.567996701198));
#1032 = CARTESIAN_POINT('',(-19.18999924906,16.820139023218,
    62.645032750185));
#1033 = CARTESIAN_POINT('',(-19.18999924906,16.98826949737,
    62.772264717091));
#1034 = ORIENTED_EDGE('',*,*,#998,.F.);
#1035 = ORIENTED_EDGE('',*,*,#1036,.T.);
#1036 = EDGE_CURVE('',#982,#1013,#1037,.T.);
#1037 = B_SPLINE_CURVE_WITH_KNOTS('',3,(#1038,#1039,#1040,#1041,#1042,
    #1043,#1044,#1045,#1046,#1047),.UNSPECIFIED.,.F.,.F.,(4,3,3,4),(0.,
    6.271344271146E-02,9.407016406719E-02,0.125426885423),
  .UNSPECIFIED.);
#1038 = CARTESIAN_POINT('',(-16.18999924906,16.98826949737,
    62.772264717091));
#1039 = CARTESIAN_POINT('',(-16.18999924906,16.820139023218,
    62.645032750185));
#1040 = CARTESIAN_POINT('',(-16.18999924906,16.617252265773,
    62.567996701198));
#1041 = CARTESIAN_POINT('',(-16.18999924906,16.409555802757,
    62.550192490364));
#1042 = CARTESIAN_POINT('',(-16.18999924906,16.30570757125,
    62.541290384947));
#1043 = CARTESIAN_POINT('',(-16.18999924906,16.200316809466,
    62.547027346064));
#1044 = CARTESIAN_POINT('',(-16.18999924906,16.097685318016,
    62.567626801551));
#1045 = CARTESIAN_POINT('',(-16.18999924906,15.995053826565,
    62.588226257039));
#1046 = CARTESIAN_POINT('',(-16.18999924906,15.897041309136,
    62.622893883514));
#1047 = CARTESIAN_POINT('',(-16.18999924906,15.803879819606,
    62.672336455601));
#1048 = B_SPLINE_SURFACE_WITH_KNOTS('',3,1,(
    (#1049,#1050)
    ,(#1051,#1052)
    ,(#1053,#1054)
    ,(#1055,#1056)
    ,(#1057,#1058)
    ,(#1059,#1060)
    ,(#1061,#1062)
    ,(#1063,#1064
    )),.UNSPECIFIED.,.F.,.F.,.F.,(4,2,2,4),(2,2),(-1.247233201985E-03,
    -6.236166009923E-04,-3.118083004961E-04,-1.734723475977E-18),(0.,3.)
  ,.UNSPECIFIED.);
#1049 = CARTESIAN_POINT('',(-15.,16.98826949737,62.772264717091));
#1050 = CARTESIAN_POINT('',(-45.,16.98826949737,62.772264717091));
#1051 = CARTESIAN_POINT('',(-15.,16.820139023218,62.645032750185));
#1052 = CARTESIAN_POINT('',(-45.,16.820139023218,62.645032750185));
#1053 = CARTESIAN_POINT('',(-15.,16.617252265773,62.567996701198));
#1054 = CARTESIAN_POINT('',(-45.,16.617252265773,62.567996701198));
#1055 = CARTESIAN_POINT('',(-15.,16.30570757125,62.541290384947));
#1056 = CARTESIAN_POINT('',(-45.,16.30570757125,62.541290384947));
#1057 = CARTESIAN_POINT('',(-15.,16.200316809466,62.547027346064));
#1058 = CARTESIAN_POINT('',(-45.,16.200316809466,62.547027346064));
#1059 = CARTESIAN_POINT('',(-15.,15.995053826565,62.588226257039));
#1060 = CARTESIAN_POINT('',(-45.,15.995053826565,62.588226257039));
#1061 = CARTESIAN_POINT('',(-15.,15.897041309136,62.622893883514));
#1062 = CARTESIAN_POINT('',(-45.,15.897041309136,62.622893883514));
#1063 = CARTESIAN_POINT('',(-15.,15.803879819606,62.672336455601));
#1064 = CARTESIAN_POINT('',(-45.,15.803879819606,62.672336455602));
#1065 = ADVANCED_FACE('',(#1066),#1093,.F.);
#1066 = FACE_BOUND('',#1067,.F.);
#1067 = EDGE_LOOP('',(#1068,#1078,#1085,#1086));
#1068 = ORIENTED_EDGE('',*,*,#1069,.T.);
#1069 = EDGE_CURVE('',#1070,#1072,#1074,.T.);
#1070 = VERTEX_POINT('',#1071);
#1071 = CARTESIAN_POINT('',(-16.18999924906,5.85,75.7462898218));
#1072 = VERTEX_POINT('',#1073);
#1073 = CARTESIAN_POINT('',(-19.18999924906,5.85,75.7462898218));
#1074 = LINE('',#1075,#1076);
#1075 = CARTESIAN_POINT('',(-15.,5.85,75.7462898218));
#1076 = VECTOR('',#1077,1.);
#1077 = DIRECTION('',(-1.,0.,5.921189464668E-16));
#1078 = ORIENTED_EDGE('',*,*,#1079,.T.);
#1079 = EDGE_CURVE('',#1072,#1015,#1080,.T.);
#1080 = CIRCLE('',#1081,19.616741581622);
#1081 = AXIS2_PLACEMENT_3D('',#1082,#1083,#1084);
#1082 = CARTESIAN_POINT('',(-19.18999924906,25.,80.));
#1083 = DIRECTION('',(1.,0.,2.191986614046E-17));
#1084 = DIRECTION('',(1.936203644422E-17,-0.468789382892,-0.883309976445
    ));
#1085 = ORIENTED_EDGE('',*,*,#1012,.F.);
#1086 = ORIENTED_EDGE('',*,*,#1087,.T.);
#1087 = EDGE_CURVE('',#1013,#1070,#1088,.T.);
#1088 = CIRCLE('',#1089,19.616741581622);
#1089 = AXIS2_PLACEMENT_3D('',#1090,#1091,#1092);
#1090 = CARTESIAN_POINT('',(-16.18999924906,25.,80.));
#1091 = DIRECTION('',(-1.,0.,4.383973228092E-17));
#1092 = DIRECTION('',(-3.872407288844E-17,-0.468789382892,
    -0.883309976445));
#1093 = CYLINDRICAL_SURFACE('',#1094,19.616741581622);
#1094 = AXIS2_PLACEMENT_3D('',#1095,#1096,#1097);
#1095 = CARTESIAN_POINT('',(-15.,25.,80.));
#1096 = DIRECTION('',(-1.,0.,5.921189464668E-16));
#1097 = DIRECTION('',(-5.230245726564E-16,-0.468789382892,
    -0.883309976445));
#1098 = ADVANCED_FACE('',(#1099),#1124,.F.);
#1099 = FACE_BOUND('',#1100,.T.);
#1100 = EDGE_LOOP('',(#1101,#1109,#1110,#1118));
#1101 = ORIENTED_EDGE('',*,*,#1102,.F.);
#1102 = EDGE_CURVE('',#1070,#1103,#1105,.T.);
#1103 = VERTEX_POINT('',#1104);
#1104 = CARTESIAN_POINT('',(-16.18999924906,5.85,84.2537101782));
#1105 = LINE('',#1106,#1107);
#1106 = CARTESIAN_POINT('',(-16.18999924906,5.85,99.642315186137));
#1107 = VECTOR('',#1108,1.);
#1108 = DIRECTION('',(4.383973228092E-17,-7.269920011451E-49,1.));
#1109 = ORIENTED_EDGE('',*,*,#1069,.T.);
#1110 = ORIENTED_EDGE('',*,*,#1111,.F.);
#1111 = EDGE_CURVE('',#1112,#1072,#1114,.T.);
#1112 = VERTEX_POINT('',#1113);
#1113 = CARTESIAN_POINT('',(-19.18999924906,5.85,84.2537101782));
#1114 = LINE('',#1115,#1116);
#1115 = CARTESIAN_POINT('',(-19.18999924906,5.85,48.993145272831));
#1116 = VECTOR('',#1117,1.);
#1117 = DIRECTION('',(2.191986614046E-17,7.269920011451E-49,-1.));
#1118 = ORIENTED_EDGE('',*,*,#1119,.F.);
#1119 = EDGE_CURVE('',#1103,#1112,#1120,.T.);
#1120 = LINE('',#1121,#1122);
#1121 = CARTESIAN_POINT('',(-15.,5.85,84.2537101782));
#1122 = VECTOR('',#1123,1.);
#1123 = DIRECTION('',(-1.,0.,5.921189464668E-16));
#1124 = PLANE('',#1125);
#1125 = AXIS2_PLACEMENT_3D('',#1126,#1127,#1128);
#1126 = CARTESIAN_POINT('',(-15.,5.85,75.7462898218));
#1127 = DIRECTION('',(-4.304657378078E-64,-1.,-7.269920011451E-49));
#1128 = DIRECTION('',(4.718447854657E-16,-7.269920011451E-49,1.));
#1129 = ADVANCED_FACE('',(#1130),#1155,.F.);
#1130 = FACE_BOUND('',#1131,.T.);
#1131 = EDGE_LOOP('',(#1132,#1140,#1148,#1154));
#1132 = ORIENTED_EDGE('',*,*,#1133,.F.);
#1133 = EDGE_CURVE('',#1134,#940,#1136,.T.);
#1134 = VERTEX_POINT('',#1135);
#1135 = CARTESIAN_POINT('',(-16.18999924906,12.52299819304,
    92.810193606176));
#1136 = LINE('',#1137,#1138);
#1137 = CARTESIAN_POINT('',(-16.18999924906,10.538161987395,
    108.70820038598));
#1138 = VECTOR('',#1139,1.);
#1139 = DIRECTION('',(-4.350200917437E-17,0.123886338608,-0.992296414942
    ));
#1140 = ORIENTED_EDGE('',*,*,#1141,.T.);
#1141 = EDGE_CURVE('',#1134,#1142,#1144,.T.);
#1142 = VERTEX_POINT('',#1143);
#1143 = CARTESIAN_POINT('',(-19.18999924906,12.52299819304,
    92.810193606176));
#1144 = LINE('',#1145,#1146);
#1145 = CARTESIAN_POINT('',(-15.,12.52299819304,92.810193606176));
#1146 = VECTOR('',#1147,1.);
#1147 = DIRECTION('',(-1.,0.,5.921189464668E-16));
#1148 = ORIENTED_EDGE('',*,*,#1149,.F.);
#1149 = EDGE_CURVE('',#951,#1142,#1150,.T.);
#1150 = LINE('',#1151,#1152);
#1151 = CARTESIAN_POINT('',(-19.18999924906,16.764564206508,
    58.836385063513));
#1152 = VECTOR('',#1153,1.);
#1153 = DIRECTION('',(-2.175100458718E-17,-0.123886338608,0.992296414942
    ));
#1154 = ORIENTED_EDGE('',*,*,#950,.F.);
#1155 = PLANE('',#1156);
#1156 = AXIS2_PLACEMENT_3D('',#1157,#1158,#1159);
#1157 = CARTESIAN_POINT('',(-15.,12.52299819304,92.810193606176));
#1158 = DIRECTION('',(7.335544829791E-17,0.992296414942,0.123886338608)
  );
#1159 = DIRECTION('',(-4.682098890266E-16,0.123886338608,-0.992296414942
    ));
#1160 = ADVANCED_FACE('',(#1161),#1212,.F.);
#1161 = FACE_BOUND('',#1162,.F.);
#1162 = EDGE_LOOP('',(#1163,#1164,#1185,#1193));
#1163 = ORIENTED_EDGE('',*,*,#1141,.T.);
#1164 = ORIENTED_EDGE('',*,*,#1165,.T.);
#1165 = EDGE_CURVE('',#1142,#1166,#1168,.T.);
#1166 = VERTEX_POINT('',#1167);
#1167 = CARTESIAN_POINT('',(-19.18999924906,10.70210326729,
    93.430811565236));
#1168 = B_SPLINE_CURVE_WITH_KNOTS('',3,(#1169,#1170,#1171,#1172,#1173,
    #1174,#1175,#1176,#1177,#1178,#1179,#1180,#1181,#1182,#1183,#1184),
  .UNSPECIFIED.,.F.,.F.,(4,3,3,3,3,4),(0.,4.099977103861E-02,
    8.199954207722E-02,0.163999084154,0.245998626232,0.327998168309),
  .UNSPECIFIED.);
#1169 = CARTESIAN_POINT('',(-19.18999924906,12.52299819304,
    92.810193606176));
#1170 = CARTESIAN_POINT('',(-19.18999924906,12.510480032998,
    92.910460717721));
#1171 = CARTESIAN_POINT('',(-19.18999924906,12.484403854788,
    93.006631157646));
#1172 = CARTESIAN_POINT('',(-19.18999924906,12.445227673694,
    93.098843319203));
#1173 = CARTESIAN_POINT('',(-19.18999924906,12.406051492599,
    93.191055480761));
#1174 = CARTESIAN_POINT('',(-19.18999924906,12.353865947508,
    93.277973492336));
#1175 = CARTESIAN_POINT('',(-19.18999924906,12.291297423225,
    93.355629530107));
#1176 = CARTESIAN_POINT('',(-19.18999924906,12.16616037466,
    93.510941605649));
#1177 = CARTESIAN_POINT('',(-19.18999924906,11.995291833694,
    93.632101537243));
#1178 = CARTESIAN_POINT('',(-19.18999924906,11.806730006861,
    93.697856075839));
#1179 = CARTESIAN_POINT('',(-19.18999924906,11.618168180028,
    93.763610614435));
#1180 = CARTESIAN_POINT('',(-19.18999924906,11.411673963918,
    93.775331253899));
#1181 = CARTESIAN_POINT('',(-19.18999924906,11.215645629188,
    93.728499570191));
#1182 = CARTESIAN_POINT('',(-19.18999924906,11.019617294457,
    93.681667886483));
#1183 = CARTESIAN_POINT('',(-19.18999924906,10.840522102287,
    93.578166637492));
#1184 = CARTESIAN_POINT('',(-19.18999924906,10.70210326729,
    93.430811565236));
#1185 = ORIENTED_EDGE('',*,*,#1186,.F.);
#1186 = EDGE_CURVE('',#1187,#1166,#1189,.T.);
#1187 = VERTEX_POINT('',#1188);
#1188 = CARTESIAN_POINT('',(-16.18999924906,10.70210326729,
    93.430811565236));
#1189 = LINE('',#1190,#1191);
#1190 = CARTESIAN_POINT('',(-15.,10.70210326729,93.430811565236));
#1191 = VECTOR('',#1192,1.);
#1192 = DIRECTION('',(-1.,0.,5.921189464668E-16));
#1193 = ORIENTED_EDGE('',*,*,#1194,.T.);
#1194 = EDGE_CURVE('',#1187,#1134,#1195,.T.);
#1195 = B_SPLINE_CURVE_WITH_KNOTS('',3,(#1196,#1197,#1198,#1199,#1200,
    #1201,#1202,#1203,#1204,#1205,#1206,#1207,#1208,#1209,#1210,#1211),
  .UNSPECIFIED.,.F.,.F.,(4,3,3,3,3,4),(0.,7.566484712601E-02,
    0.151329694252,0.226994541378,0.264826964941,0.302659388504),
  .UNSPECIFIED.);
#1196 = CARTESIAN_POINT('',(-16.18999924906,10.70210326729,
    93.430811565236));
#1197 = CARTESIAN_POINT('',(-16.18999924906,10.840522102287,
    93.578166637492));
#1198 = CARTESIAN_POINT('',(-16.18999924906,11.019617294457,
    93.681667886483));
#1199 = CARTESIAN_POINT('',(-16.18999924906,11.215645629188,
    93.728499570191));
#1200 = CARTESIAN_POINT('',(-16.18999924906,11.411673963918,
    93.775331253899));
#1201 = CARTESIAN_POINT('',(-16.18999924906,11.618168180028,
    93.763610614435));
#1202 = CARTESIAN_POINT('',(-16.18999924906,11.806730006861,
    93.697856075839));
#1203 = CARTESIAN_POINT('',(-16.18999924906,11.995291833694,
    93.632101537243));
#1204 = CARTESIAN_POINT('',(-16.18999924906,12.16616037466,
    93.510941605649));
#1205 = CARTESIAN_POINT('',(-16.18999924906,12.291297423225,
    93.355629530107));
#1206 = CARTESIAN_POINT('',(-16.18999924906,12.353865947508,
    93.277973492336));
#1207 = CARTESIAN_POINT('',(-16.18999924906,12.406051492599,
    93.191055480761));
#1208 = CARTESIAN_POINT('',(-16.18999924906,12.445227673694,
    93.098843319203));
#1209 = CARTESIAN_POINT('',(-16.18999924906,12.484403854788,
    93.006631157646));
#1210 = CARTESIAN_POINT('',(-16.18999924906,12.510480032998,
    92.910460717721));
#1211 = CARTESIAN_POINT('',(-16.18999924906,12.52299819304,
    92.810193606176));
#1212 = B_SPLINE_SURFACE_WITH_KNOTS('',3,1,(
    (#1213,#1214)
    ,(#1215,#1216)
    ,(#1217,#1218)
    ,(#1219,#1220)
    ,(#1221,#1222)
    ,(#1223,#1224)
    ,(#1225,#1226)
    ,(#1227,#1228)
    ,(#1229,#1230)
    ,(#1231,#1232)
    ,(#1233,#1234)
    ,(#1235,#1236
    )),.UNSPECIFIED.,.F.,.F.,.F.,(4,2,2,2,2,4),(2,2),(
    -2.390449303383E-03,-1.792836977537E-03,-1.195224651691E-03,
    -5.976123258457E-04,-2.988061629228E-04,0.),(0.,3.),.UNSPECIFIED.);
#1213 = CARTESIAN_POINT('',(-15.,10.70210326729,93.430811565236));
#1214 = CARTESIAN_POINT('',(-45.,10.70210326729,93.430811565236));
#1215 = CARTESIAN_POINT('',(-15.,10.840522102287,93.578166637492));
#1216 = CARTESIAN_POINT('',(-45.,10.840522102287,93.578166637492));
#1217 = CARTESIAN_POINT('',(-15.,11.019617294457,93.681667886483));
#1218 = CARTESIAN_POINT('',(-45.,11.019617294457,93.681667886483));
#1219 = CARTESIAN_POINT('',(-15.,11.411673963918,93.775331253899));
#1220 = CARTESIAN_POINT('',(-45.,11.411673963918,93.775331253899));
#1221 = CARTESIAN_POINT('',(-15.,11.618168180028,93.763610614435));
#1222 = CARTESIAN_POINT('',(-45.,11.618168180028,93.763610614435));
#1223 = CARTESIAN_POINT('',(-15.,11.995291833694,93.632101537243));
#1224 = CARTESIAN_POINT('',(-45.,11.995291833694,93.632101537243));
#1225 = CARTESIAN_POINT('',(-15.,12.16616037466,93.510941605649));
#1226 = CARTESIAN_POINT('',(-45.,12.16616037466,93.510941605649));
#1227 = CARTESIAN_POINT('',(-15.,12.353865947508,93.277973492336));
#1228 = CARTESIAN_POINT('',(-45.,12.353865947508,93.277973492336));
#1229 = CARTESIAN_POINT('',(-15.,12.406051492599,93.191055480761));
#1230 = CARTESIAN_POINT('',(-45.,12.406051492599,93.191055480761));
#1231 = CARTESIAN_POINT('',(-15.,12.484403854788,93.006631157646));
#1232 = CARTESIAN_POINT('',(-45.,12.484403854788,93.006631157646));
#1233 = CARTESIAN_POINT('',(-15.,12.510480032998,92.910460717721));
#1234 = CARTESIAN_POINT('',(-45.,12.510480032998,92.910460717721));
#1235 = CARTESIAN_POINT('',(-15.,12.52299819304,92.810193606176));
#1236 = CARTESIAN_POINT('',(-45.,12.52299819304,92.810193606176));
#1237 = ADVANCED_FACE('',(#1238),#1256,.F.);
#1238 = FACE_BOUND('',#1239,.F.);
#1239 = EDGE_LOOP('',(#1240,#1241,#1248,#1249));
#1240 = ORIENTED_EDGE('',*,*,#1186,.T.);
#1241 = ORIENTED_EDGE('',*,*,#1242,.T.);
#1242 = EDGE_CURVE('',#1166,#1112,#1243,.T.);
#1243 = CIRCLE('',#1244,19.616741581622);
#1244 = AXIS2_PLACEMENT_3D('',#1245,#1246,#1247);
#1245 = CARTESIAN_POINT('',(-19.18999924906,25.,80.));
#1246 = DIRECTION('',(1.,7.703719777549E-34,2.191986614046E-17));
#1247 = DIRECTION('',(-4.753121578245E-18,-0.976206977103,0.216840812247
    ));
#1248 = ORIENTED_EDGE('',*,*,#1119,.F.);
#1249 = ORIENTED_EDGE('',*,*,#1250,.T.);
#1250 = EDGE_CURVE('',#1103,#1187,#1251,.T.);
#1251 = CIRCLE('',#1252,19.616741581622);
#1252 = AXIS2_PLACEMENT_3D('',#1253,#1254,#1255);
#1253 = CARTESIAN_POINT('',(-16.18999924906,25.,80.));
#1254 = DIRECTION('',(-1.,1.54074395551E-33,4.383973228092E-17));
#1255 = DIRECTION('',(9.50624315649E-18,-0.976206977103,0.216840812247)
  );
#1256 = CYLINDRICAL_SURFACE('',#1257,19.616741581622);
#1257 = AXIS2_PLACEMENT_3D('',#1258,#1259,#1260);
#1258 = CARTESIAN_POINT('',(-15.,25.,80.));
#1259 = DIRECTION('',(-1.,0.,5.921189464668E-16));
#1260 = DIRECTION('',(1.283955532987E-16,-0.976206977103,0.216840812247)
  );
#1261 = ADVANCED_FACE('',(#1262),#1296,.F.);
#1262 = FACE_BOUND('',#1263,.T.);
#1263 = EDGE_LOOP('',(#1264,#1274,#1282,#1290));
#1264 = ORIENTED_EDGE('',*,*,#1265,.F.);
#1265 = EDGE_CURVE('',#1266,#1268,#1270,.T.);
#1266 = VERTEX_POINT('',#1267);
#1267 = CARTESIAN_POINT('',(-16.18999924906,15.178063525176,
    86.806766037151));
#1268 = VERTEX_POINT('',#1269);
#1269 = CARTESIAN_POINT('',(-16.18999924906,14.291384516276,
    93.908827585056));
#1270 = LINE('',#1271,#1272);
#1271 = CARTESIAN_POINT('',(-16.18999924906,12.803845992744,
    105.82361302935));
#1272 = VECTOR('',#1273,1.);
#1273 = DIRECTION('',(4.350200917437E-17,-0.123886338608,0.992296414942)
  );
#1274 = ORIENTED_EDGE('',*,*,#1275,.T.);
#1275 = EDGE_CURVE('',#1266,#1276,#1278,.T.);
#1276 = VERTEX_POINT('',#1277);
#1277 = CARTESIAN_POINT('',(-19.18999924906,15.178063525176,
    86.806766037151));
#1278 = LINE('',#1279,#1280);
#1279 = CARTESIAN_POINT('',(-15.,15.178063525176,86.806766037151));
#1280 = VECTOR('',#1281,1.);
#1281 = DIRECTION('',(-1.,0.,5.921189464668E-16));
#1282 = ORIENTED_EDGE('',*,*,#1283,.F.);
#1283 = EDGE_CURVE('',#1284,#1276,#1286,.T.);
#1284 = VERTEX_POINT('',#1285);
#1285 = CARTESIAN_POINT('',(-19.18999924906,14.291384516276,
    93.908827585056));
#1286 = LINE('',#1287,#1288);
#1287 = CARTESIAN_POINT('',(-19.18999924906,19.030248211857,
    55.951797706884));
#1288 = VECTOR('',#1289,1.);
#1289 = DIRECTION('',(2.175100458718E-17,0.123886338608,-0.992296414942)
  );
#1290 = ORIENTED_EDGE('',*,*,#1291,.F.);
#1291 = EDGE_CURVE('',#1268,#1284,#1292,.T.);
#1292 = LINE('',#1293,#1294);
#1293 = CARTESIAN_POINT('',(-15.,14.291384516276,93.908827585056));
#1294 = VECTOR('',#1295,1.);
#1295 = DIRECTION('',(-1.,0.,5.921189464668E-16));
#1296 = PLANE('',#1297);
#1297 = AXIS2_PLACEMENT_3D('',#1298,#1299,#1300);
#1298 = CARTESIAN_POINT('',(-15.,15.178063525176,86.806766037151));
#1299 = DIRECTION('',(-7.335544829791E-17,-0.992296414942,
    -0.123886338608));
#1300 = DIRECTION('',(4.682098890266E-16,-0.123886338608,0.992296414942)
  );
#1301 = ADVANCED_FACE('',(#1302),#1327,.F.);
#1302 = FACE_BOUND('',#1303,.T.);
#1303 = EDGE_LOOP('',(#1304,#1312,#1313,#1321));
#1304 = ORIENTED_EDGE('',*,*,#1305,.F.);
#1305 = EDGE_CURVE('',#1268,#1306,#1308,.T.);
#1306 = VERTEX_POINT('',#1307);
#1307 = CARTESIAN_POINT('',(-16.18999924906,13.653464958749,
    96.089256048319));
#1308 = LINE('',#1309,#1310);
#1309 = CARTESIAN_POINT('',(-16.18999924906,9.735420600337,
    109.48125091444));
#1310 = VECTOR('',#1311,1.);
#1311 = DIRECTION('',(4.207595538193E-17,-0.280795515144,0.959767617017)
  );
#1312 = ORIENTED_EDGE('',*,*,#1291,.T.);
#1313 = ORIENTED_EDGE('',*,*,#1314,.F.);
#1314 = EDGE_CURVE('',#1315,#1284,#1317,.T.);
#1315 = VERTEX_POINT('',#1316);
#1316 = CARTESIAN_POINT('',(-19.18999924906,13.653464958749,
    96.089256048319));
#1317 = LINE('',#1318,#1319);
#1318 = CARTESIAN_POINT('',(-19.18999924906,23.3852930028,
    62.825571597135));
#1319 = VECTOR('',#1320,1.);
#1320 = DIRECTION('',(2.103797769097E-17,0.280795515144,-0.959767617017)
  );
#1321 = ORIENTED_EDGE('',*,*,#1322,.F.);
#1322 = EDGE_CURVE('',#1306,#1315,#1323,.T.);
#1323 = LINE('',#1324,#1325);
#1324 = CARTESIAN_POINT('',(-15.,13.653464958749,96.089256048319));
#1325 = VECTOR('',#1326,1.);
#1326 = DIRECTION('',(-1.,0.,5.921189464668E-16));
#1327 = PLANE('',#1328);
#1328 = AXIS2_PLACEMENT_3D('',#1329,#1330,#1331);
#1329 = CARTESIAN_POINT('',(-15.,14.291384516276,93.908827585056));
#1330 = DIRECTION('',(-1.662643445997E-16,-0.959767617017,
    -0.280795515144));
#1331 = DIRECTION('',(4.528613453484E-16,-0.280795515144,0.959767617017)
  );
#1332 = ADVANCED_FACE('',(#1333),#1358,.F.);
#1333 = FACE_BOUND('',#1334,.T.);
#1334 = EDGE_LOOP('',(#1335,#1343,#1344,#1352));
#1335 = ORIENTED_EDGE('',*,*,#1336,.F.);
#1336 = EDGE_CURVE('',#1306,#1337,#1339,.T.);
#1337 = VERTEX_POINT('',#1338);
#1338 = CARTESIAN_POINT('',(-16.18999924906,17.250477214728,
    98.021138889667));
#1339 = LINE('',#1340,#1341);
#1340 = CARTESIAN_POINT('',(-16.18999924906,14.076019766811,
    96.316201725768));
#1341 = VECTOR('',#1342,1.);
#1342 = DIRECTION('',(2.0743028831E-17,0.880978703485,0.47315591934));
#1343 = ORIENTED_EDGE('',*,*,#1322,.T.);
#1344 = ORIENTED_EDGE('',*,*,#1345,.F.);
#1345 = EDGE_CURVE('',#1346,#1315,#1348,.T.);
#1346 = VERTEX_POINT('',#1347);
#1347 = CARTESIAN_POINT('',(-19.18999924906,17.250477214728,
    98.021138889667));
#1348 = LINE('',#1349,#1350);
#1349 = CARTESIAN_POINT('',(-19.18999924906,-7.03659482536,
    84.977041621768));
#1350 = VECTOR('',#1351,1.);
#1351 = DIRECTION('',(1.03715144155E-17,-0.880978703485,-0.47315591934)
  );
#1352 = ORIENTED_EDGE('',*,*,#1353,.F.);
#1353 = EDGE_CURVE('',#1337,#1346,#1354,.T.);
#1354 = LINE('',#1355,#1356);
#1355 = CARTESIAN_POINT('',(-15.,17.250477214728,98.021138889667));
#1356 = VECTOR('',#1357,1.);
#1357 = DIRECTION('',(-1.,0.,5.921189464668E-16));
#1358 = PLANE('',#1359);
#1359 = AXIS2_PLACEMENT_3D('',#1360,#1361,#1362);
#1360 = CARTESIAN_POINT('',(-15.,13.653464958749,96.089256048319));
#1361 = DIRECTION('',(5.21644181767E-16,-0.47315591934,0.880978703485));
#1362 = DIRECTION('',(2.232561532528E-16,0.880978703485,0.47315591934));
#1363 = ADVANCED_FACE('',(#1364),#1391,.F.);
#1364 = FACE_BOUND('',#1365,.F.);
#1365 = EDGE_LOOP('',(#1366,#1376,#1383,#1384));
#1366 = ORIENTED_EDGE('',*,*,#1367,.T.);
#1367 = EDGE_CURVE('',#1368,#1370,#1372,.T.);
#1368 = VERTEX_POINT('',#1369);
#1369 = CARTESIAN_POINT('',(-16.18999924906,20.746289821801,99.15));
#1370 = VERTEX_POINT('',#1371);
#1371 = CARTESIAN_POINT('',(-19.18999924906,20.746289821801,99.15));
#1372 = LINE('',#1373,#1374);
#1373 = CARTESIAN_POINT('',(-15.,20.746289821801,99.15));
#1374 = VECTOR('',#1375,1.);
#1375 = DIRECTION('',(-1.,0.,5.921189464668E-16));
#1376 = ORIENTED_EDGE('',*,*,#1377,.T.);
#1377 = EDGE_CURVE('',#1370,#1346,#1378,.T.);
#1378 = CIRCLE('',#1379,19.616741581624);
#1379 = AXIS2_PLACEMENT_3D('',#1380,#1381,#1382);
#1380 = CARTESIAN_POINT('',(-19.18999924906,25.000000000001,
    79.999999999998));
#1381 = DIRECTION('',(1.,0.,2.191986614046E-17));
#1382 = DIRECTION('',(-2.013693000525E-17,-0.395046381838,0.918661175949
    ));
#1383 = ORIENTED_EDGE('',*,*,#1353,.F.);
#1384 = ORIENTED_EDGE('',*,*,#1385,.T.);
#1385 = EDGE_CURVE('',#1337,#1368,#1386,.T.);
#1386 = CIRCLE('',#1387,19.616741581624);
#1387 = AXIS2_PLACEMENT_3D('',#1388,#1389,#1390);
#1388 = CARTESIAN_POINT('',(-16.18999924906,25.000000000001,
    79.999999999998));
#1389 = DIRECTION('',(-1.,0.,4.383973228092E-17));
#1390 = DIRECTION('',(4.02738600105E-17,-0.395046381838,0.918661175949)
  );
#1391 = CYLINDRICAL_SURFACE('',#1392,19.616741581624);
#1392 = AXIS2_PLACEMENT_3D('',#1393,#1394,#1395);
#1393 = CARTESIAN_POINT('',(-15.,25.000000000001,79.999999999998));
#1394 = DIRECTION('',(-1.,0.,5.921189464668E-16));
#1395 = DIRECTION('',(5.43956687663E-16,-0.395046381838,0.918661175949)
  );
#1396 = ADVANCED_FACE('',(#1397),#1422,.F.);
#1397 = FACE_BOUND('',#1398,.T.);
#1398 = EDGE_LOOP('',(#1399,#1407,#1408,#1416));
#1399 = ORIENTED_EDGE('',*,*,#1400,.F.);
#1400 = EDGE_CURVE('',#1368,#1401,#1403,.T.);
#1401 = VERTEX_POINT('',#1402);
#1402 = CARTESIAN_POINT('',(-16.18999924906,29.253710178199,99.15));
#1403 = LINE('',#1404,#1405);
#1404 = CARTESIAN_POINT('',(-16.18999924906,10.3731449109,99.15));
#1405 = VECTOR('',#1406,1.);
#1406 = DIRECTION('',(-9.153774588806E-32,1.,-2.088008779376E-15));
#1407 = ORIENTED_EDGE('',*,*,#1367,.T.);
#1408 = ORIENTED_EDGE('',*,*,#1409,.F.);
#1409 = EDGE_CURVE('',#1410,#1370,#1412,.T.);
#1410 = VERTEX_POINT('',#1411);
#1411 = CARTESIAN_POINT('',(-19.18999924906,29.253710178199,99.15));
#1412 = LINE('',#1413,#1414);
#1413 = CARTESIAN_POINT('',(-19.18999924906,10.3731449109,99.15));
#1414 = VECTOR('',#1415,1.);
#1415 = DIRECTION('',(-4.576887294403E-32,-1.,2.088008779376E-15));
#1416 = ORIENTED_EDGE('',*,*,#1417,.F.);
#1417 = EDGE_CURVE('',#1401,#1410,#1418,.T.);
#1418 = LINE('',#1419,#1420);
#1419 = CARTESIAN_POINT('',(-15.,29.253710178199,99.15));
#1420 = VECTOR('',#1421,1.);
#1421 = DIRECTION('',(-1.,0.,5.921189464668E-16));
#1422 = PLANE('',#1423);
#1423 = AXIS2_PLACEMENT_3D('',#1424,#1425,#1426);
#1424 = CARTESIAN_POINT('',(-15.,20.746289821801,99.15));
#1425 = DIRECTION('',(5.921189464668E-16,2.088008779376E-15,1.));
#1426 = DIRECTION('',(-9.590234073115E-31,1.,-2.088008779376E-15));
#1427 = ADVANCED_FACE('',(#1428),#1455,.T.);
#1428 = FACE_BOUND('',#1429,.T.);
#1429 = EDGE_LOOP('',(#1430,#1439,#1447,#1454));
#1430 = ORIENTED_EDGE('',*,*,#1431,.F.);
#1431 = EDGE_CURVE('',#1432,#1266,#1434,.T.);
#1432 = VERTEX_POINT('',#1433);
#1433 = CARTESIAN_POINT('',(-16.18999924906,33.921564636066,
    87.950357504195));
#1434 = CIRCLE('',#1435,11.95);
#1435 = AXIS2_PLACEMENT_3D('',#1436,#1437,#1438);
#1436 = CARTESIAN_POINT('',(-16.18999924906,25.,80.));
#1437 = DIRECTION('',(1.,3.08148791102E-33,-4.383973228092E-17));
#1438 = DIRECTION('',(2.497128039896E-17,-0.821919370278,0.569603852481)
  );
#1439 = ORIENTED_EDGE('',*,*,#1440,.T.);
#1440 = EDGE_CURVE('',#1432,#1441,#1443,.T.);
#1441 = VERTEX_POINT('',#1442);
#1442 = CARTESIAN_POINT('',(-19.18999924906,33.921564636066,
    87.950357504195));
#1443 = LINE('',#1444,#1445);
#1444 = CARTESIAN_POINT('',(-15.,33.921564636066,87.950357504195));
#1445 = VECTOR('',#1446,1.);
#1446 = DIRECTION('',(-1.,0.,5.921189464668E-16));
#1447 = ORIENTED_EDGE('',*,*,#1448,.F.);
#1448 = EDGE_CURVE('',#1276,#1441,#1449,.T.);
#1449 = CIRCLE('',#1450,11.95);
#1450 = AXIS2_PLACEMENT_3D('',#1451,#1452,#1453);
#1451 = CARTESIAN_POINT('',(-19.18999924906,25.,80.));
#1452 = DIRECTION('',(-1.,1.54074395551E-33,-2.191986614046E-17));
#1453 = DIRECTION('',(-1.248564019948E-17,-0.821919370278,0.569603852481
    ));
#1454 = ORIENTED_EDGE('',*,*,#1275,.F.);
#1455 = CYLINDRICAL_SURFACE('',#1456,11.95);
#1456 = AXIS2_PLACEMENT_3D('',#1457,#1458,#1459);
#1457 = CARTESIAN_POINT('',(-15.,25.,80.));
#1458 = DIRECTION('',(-1.,0.,5.921189464668E-16));
#1459 = DIRECTION('',(3.372732330346E-16,-0.821919370278,0.569603852481)
  );
#1460 = ADVANCED_FACE('',(#1461),#1486,.F.);
#1461 = FACE_BOUND('',#1462,.T.);
#1462 = EDGE_LOOP('',(#1463,#1471,#1479,#1485));
#1463 = ORIENTED_EDGE('',*,*,#1464,.F.);
#1464 = EDGE_CURVE('',#1465,#1432,#1467,.T.);
#1465 = VERTEX_POINT('',#1466);
#1466 = CARTESIAN_POINT('',(-16.18999924906,42.332453993826,
    84.400303724804));
#1467 = LINE('',#1468,#1469);
#1468 = CARTESIAN_POINT('',(-16.18999924906,17.356107383826,
    94.942277338616));
#1469 = VECTOR('',#1470,1.);
#1470 = DIRECTION('',(1.704749598274E-17,-0.921297072728,0.388859491055)
  );
#1471 = ORIENTED_EDGE('',*,*,#1472,.T.);
#1472 = EDGE_CURVE('',#1465,#1473,#1475,.T.);
#1473 = VERTEX_POINT('',#1474);
#1474 = CARTESIAN_POINT('',(-19.18999924906,42.332453993826,
    84.400303724804));
#1475 = LINE('',#1476,#1477);
#1476 = CARTESIAN_POINT('',(-15.,42.332453993826,84.400303724804));
#1477 = VECTOR('',#1478,1.);
#1478 = DIRECTION('',(-1.,0.,5.921189464668E-16));
#1479 = ORIENTED_EDGE('',*,*,#1480,.F.);
#1480 = EDGE_CURVE('',#1441,#1473,#1481,.T.);
#1481 = LINE('',#1482,#1483);
#1482 = CARTESIAN_POINT('',(-19.18999924906,35.501431363617,
    87.283530060804));
#1483 = VECTOR('',#1484,1.);
#1484 = DIRECTION('',(8.523747991372E-18,0.921297072728,-0.388859491055)
  );
#1485 = ORIENTED_EDGE('',*,*,#1440,.F.);
#1486 = PLANE('',#1487);
#1487 = AXIS2_PLACEMENT_3D('',#1488,#1489,#1490);
#1488 = CARTESIAN_POINT('',(-15.,42.332453993826,84.400303724804));
#1489 = DIRECTION('',(-5.455174520864E-16,-0.388859491055,
    -0.921297072728));
#1490 = DIRECTION('',(1.834813231331E-16,-0.921297072728,0.388859491055)
  );
#1491 = ADVANCED_FACE('',(#1492),#1543,.F.);
#1492 = FACE_BOUND('',#1493,.F.);
#1493 = EDGE_LOOP('',(#1494,#1495,#1516,#1524));
#1494 = ORIENTED_EDGE('',*,*,#1472,.T.);
#1495 = ORIENTED_EDGE('',*,*,#1496,.T.);
#1496 = EDGE_CURVE('',#1473,#1497,#1499,.T.);
#1497 = VERTEX_POINT('',#1498);
#1498 = CARTESIAN_POINT('',(-19.18999924906,43.780372375291,
    85.666936008595));
#1499 = B_SPLINE_CURVE_WITH_KNOTS('',3,(#1500,#1501,#1502,#1503,#1504,
    #1505,#1506,#1507,#1508,#1509,#1510,#1511,#1512,#1513,#1514,#1515),
  .UNSPECIFIED.,.F.,.F.,(4,3,3,3,3,4),(0.,4.09997710396E-02,
    8.199954207919E-02,0.163999084158,0.245998626238,0.327998168317),
  .UNSPECIFIED.);
#1500 = CARTESIAN_POINT('',(-19.18999924906,42.332453993826,
    84.400303724804));
#1501 = CARTESIAN_POINT('',(-19.18999924906,42.425546939609,
    84.361011213637));
#1502 = CARTESIAN_POINT('',(-19.18999924906,42.521871072782,
    84.335508626438));
#1503 = CARTESIAN_POINT('',(-19.18999924906,42.621317237776,
    84.32333011371));
#1504 = CARTESIAN_POINT('',(-19.18999924906,42.720763402769,
    84.311151600982));
#1505 = CARTESIAN_POINT('',(-19.18999924906,42.822129381385,
    84.312886602954));
#1506 = CARTESIAN_POINT('',(-19.18999924906,42.920665744993,
    84.328244515574));
#1507 = CARTESIAN_POINT('',(-19.18999924906,43.117738472211,
    84.358960340816));
#1508 = CARTESIAN_POINT('',(-19.18999924906,43.308100321374,
    84.446356872203));
#1509 = CARTESIAN_POINT('',(-19.18999924906,43.459326335629,
    84.576778935126));
#1510 = CARTESIAN_POINT('',(-19.18999924906,43.610552349884,
    84.707200998049));
#1511 = CARTESIAN_POINT('',(-19.18999924906,43.723949829464,
    84.880169915203));
#1512 = CARTESIAN_POINT('',(-19.18999924906,43.781406569035,
    85.073351274796));
#1513 = CARTESIAN_POINT('',(-19.18999924906,43.838863308607,
    85.266532634388));
#1514 = CARTESIAN_POINT('',(-19.18999924906,43.838776193743,
    85.473384244998));
#1515 = CARTESIAN_POINT('',(-19.18999924906,43.780372375293,
    85.666936008596));
#1516 = ORIENTED_EDGE('',*,*,#1517,.F.);
#1517 = EDGE_CURVE('',#1518,#1497,#1520,.T.);
#1518 = VERTEX_POINT('',#1519);
#1519 = CARTESIAN_POINT('',(-16.18999924906,43.780372375291,
    85.666936008595));
#1520 = LINE('',#1521,#1522);
#1521 = CARTESIAN_POINT('',(-15.,43.780372375291,85.666936008595));
#1522 = VECTOR('',#1523,1.);
#1523 = DIRECTION('',(-1.,0.,5.921189464668E-16));
#1524 = ORIENTED_EDGE('',*,*,#1525,.T.);
#1525 = EDGE_CURVE('',#1518,#1465,#1526,.T.);
#1526 = B_SPLINE_CURVE_WITH_KNOTS('',3,(#1527,#1528,#1529,#1530,#1531,
    #1532,#1533,#1534,#1535,#1536,#1537,#1538,#1539,#1540,#1541,#1542),
  .UNSPECIFIED.,.F.,.F.,(4,3,3,3,3,4),(0.,7.566484712066E-02,
    0.151329694241,0.226994541362,0.264826964922,0.302659388483),
  .UNSPECIFIED.);
#1527 = CARTESIAN_POINT('',(-16.18999924906,43.780372375293,
    85.666936008596));
#1528 = CARTESIAN_POINT('',(-16.18999924906,43.838776193743,
    85.473384244998));
#1529 = CARTESIAN_POINT('',(-16.18999924906,43.838863308607,
    85.266532634388));
#1530 = CARTESIAN_POINT('',(-16.18999924906,43.781406569035,
    85.073351274796));
#1531 = CARTESIAN_POINT('',(-16.18999924906,43.723949829464,
    84.880169915203));
#1532 = CARTESIAN_POINT('',(-16.18999924906,43.610552349884,
    84.707200998049));
#1533 = CARTESIAN_POINT('',(-16.18999924906,43.459326335629,
    84.576778935126));
#1534 = CARTESIAN_POINT('',(-16.18999924906,43.308100321374,
    84.446356872203));
#1535 = CARTESIAN_POINT('',(-16.18999924906,43.117738472211,
    84.358960340816));
#1536 = CARTESIAN_POINT('',(-16.18999924906,42.920665744993,
    84.328244515574));
#1537 = CARTESIAN_POINT('',(-16.18999924906,42.822129381385,
    84.312886602954));
#1538 = CARTESIAN_POINT('',(-16.18999924906,42.720763402769,
    84.311151600982));
#1539 = CARTESIAN_POINT('',(-16.18999924906,42.621317237776,
    84.32333011371));
#1540 = CARTESIAN_POINT('',(-16.18999924906,42.521871072782,
    84.335508626438));
#1541 = CARTESIAN_POINT('',(-16.18999924906,42.425546939609,
    84.361011213637));
#1542 = CARTESIAN_POINT('',(-16.18999924906,42.332453993826,
    84.400303724804));
#1543 = B_SPLINE_SURFACE_WITH_KNOTS('',3,1,(
    (#1544,#1545)
    ,(#1546,#1547)
    ,(#1548,#1549)
    ,(#1550,#1551)
    ,(#1552,#1553)
    ,(#1554,#1555)
    ,(#1556,#1557)
    ,(#1558,#1559)
    ,(#1560,#1561)
    ,(#1562,#1563)
    ,(#1564,#1565)
    ,(#1566,#1567
    )),.UNSPECIFIED.,.F.,.F.,.F.,(4,2,2,2,2,4),(2,2),(
    -2.390449303383E-03,-1.792836977537E-03,-1.195224651692E-03,
    -5.976123258458E-04,-2.988061629229E-04,0.),(0.,3.),.UNSPECIFIED.);
#1544 = CARTESIAN_POINT('',(-15.,43.780372375293,85.666936008596));
#1545 = CARTESIAN_POINT('',(-45.,43.780372375293,85.666936008596));
#1546 = CARTESIAN_POINT('',(-15.,43.838776193743,85.473384244998));
#1547 = CARTESIAN_POINT('',(-45.,43.838776193743,85.473384244998));
#1548 = CARTESIAN_POINT('',(-15.,43.838863308607,85.266532634388));
#1549 = CARTESIAN_POINT('',(-45.,43.838863308607,85.266532634388));
#1550 = CARTESIAN_POINT('',(-15.,43.723949829464,84.880169915203));
#1551 = CARTESIAN_POINT('',(-45.,43.723949829464,84.880169915203));
#1552 = CARTESIAN_POINT('',(-15.,43.610552349884,84.707200998049));
#1553 = CARTESIAN_POINT('',(-45.,43.610552349884,84.707200998049));
#1554 = CARTESIAN_POINT('',(-15.,43.308100321374,84.446356872203));
#1555 = CARTESIAN_POINT('',(-45.,43.308100321374,84.446356872203));
#1556 = CARTESIAN_POINT('',(-15.,43.117738472211,84.358960340816));
#1557 = CARTESIAN_POINT('',(-45.,43.117738472211,84.358960340816));
#1558 = CARTESIAN_POINT('',(-15.,42.822129381385,84.312886602954));
#1559 = CARTESIAN_POINT('',(-45.,42.822129381385,84.312886602954));
#1560 = CARTESIAN_POINT('',(-15.,42.720763402769,84.311151600982));
#1561 = CARTESIAN_POINT('',(-45.,42.720763402769,84.311151600982));
#1562 = CARTESIAN_POINT('',(-15.,42.521871072782,84.335508626438));
#1563 = CARTESIAN_POINT('',(-45.,42.521871072782,84.335508626438));
#1564 = CARTESIAN_POINT('',(-15.,42.425546939609,84.361011213637));
#1565 = CARTESIAN_POINT('',(-45.,42.425546939609,84.361011213637));
#1566 = CARTESIAN_POINT('',(-15.,42.332453993826,84.400303724804));
#1567 = CARTESIAN_POINT('',(-45.,42.332453993826,84.400303724804));
#1568 = ADVANCED_FACE('',(#1569),#1587,.F.);
#1569 = FACE_BOUND('',#1570,.F.);
#1570 = EDGE_LOOP('',(#1571,#1572,#1579,#1580));
#1571 = ORIENTED_EDGE('',*,*,#1517,.T.);
#1572 = ORIENTED_EDGE('',*,*,#1573,.T.);
#1573 = EDGE_CURVE('',#1497,#1410,#1574,.T.);
#1574 = CIRCLE('',#1575,19.616741581622);
#1575 = AXIS2_PLACEMENT_3D('',#1576,#1577,#1578);
#1576 = CARTESIAN_POINT('',(-19.18999924906,25.,80.));
#1577 = DIRECTION('',(1.,0.,2.191986614046E-17));
#1578 = DIRECTION('',(-2.139832626348E-17,0.216840812247,0.976206977103)
  );
#1579 = ORIENTED_EDGE('',*,*,#1417,.F.);
#1580 = ORIENTED_EDGE('',*,*,#1581,.T.);
#1581 = EDGE_CURVE('',#1401,#1518,#1582,.T.);
#1582 = CIRCLE('',#1583,19.616741581622);
#1583 = AXIS2_PLACEMENT_3D('',#1584,#1585,#1586);
#1584 = CARTESIAN_POINT('',(-16.18999924906,25.,80.));
#1585 = DIRECTION('',(-1.,0.,4.383973228092E-17));
#1586 = DIRECTION('',(4.279665252695E-17,0.216840812247,0.976206977103)
  );
#1587 = CYLINDRICAL_SURFACE('',#1588,19.616741581622);
#1588 = AXIS2_PLACEMENT_3D('',#1589,#1590,#1591);
#1589 = CARTESIAN_POINT('',(-15.,25.,80.));
#1590 = DIRECTION('',(-1.,0.,5.921189464668E-16));
#1591 = DIRECTION('',(5.780306468156E-16,0.216840812247,0.976206977103)
  );
#1592 = ADVANCED_FACE('',(#1593),#1620,.F.);
#1593 = FACE_BOUND('',#1594,.F.);
#1594 = EDGE_LOOP('',(#1595,#1605,#1612,#1613));
#1595 = ORIENTED_EDGE('',*,*,#1596,.T.);
#1596 = EDGE_CURVE('',#1597,#1599,#1601,.T.);
#1597 = VERTEX_POINT('',#1598);
#1598 = CARTESIAN_POINT('',(-16.18999924906,11.25,96.));
#1599 = VERTEX_POINT('',#1600);
#1600 = CARTESIAN_POINT('',(-19.18999924906,11.25,96.));
#1601 = LINE('',#1602,#1603);
#1602 = CARTESIAN_POINT('',(-15.,11.25,96.));
#1603 = VECTOR('',#1604,1.);
#1604 = DIRECTION('',(-1.,0.,5.921189464668E-16));
#1605 = ORIENTED_EDGE('',*,*,#1606,.T.);
#1606 = EDGE_CURVE('',#1599,#1599,#1607,.T.);
#1607 = CIRCLE('',#1608,2.25);
#1608 = AXIS2_PLACEMENT_3D('',#1609,#1610,#1611);
#1609 = CARTESIAN_POINT('',(-19.18999924906,9.,96.));
#1610 = DIRECTION('',(1.,0.,2.191986614046E-17));
#1611 = DIRECTION('',(8.498969253486E-65,-1.,-3.877290672774E-48));
#1612 = ORIENTED_EDGE('',*,*,#1596,.F.);
#1613 = ORIENTED_EDGE('',*,*,#1614,.T.);
#1614 = EDGE_CURVE('',#1597,#1597,#1615,.T.);
#1615 = CIRCLE('',#1616,2.25);
#1616 = AXIS2_PLACEMENT_3D('',#1617,#1618,#1619);
#1617 = CARTESIAN_POINT('',(-16.18999924906,9.,96.));
#1618 = DIRECTION('',(-1.,0.,4.383973228092E-17));
#1619 = DIRECTION('',(-1.699793850697E-64,-1.,-3.877290672774E-48));
#1620 = CYLINDRICAL_SURFACE('',#1621,2.25);
#1621 = AXIS2_PLACEMENT_3D('',#1622,#1623,#1624);
#1622 = CARTESIAN_POINT('',(-15.,9.,96.));
#1623 = DIRECTION('',(-1.,0.,5.921189464668E-16));
#1624 = DIRECTION('',(-2.295817268308E-63,-1.,-3.877290672774E-48));
#1625 = ADVANCED_FACE('',(#1626,#1687),#1748,.T.);
#1626 = FACE_BOUND('',#1627,.T.);
#1627 = EDGE_LOOP('',(#1628,#1637,#1638,#1647,#1655,#1664,#1672,#1681));
#1628 = ORIENTED_EDGE('',*,*,#1629,.T.);
#1629 = EDGE_CURVE('',#1630,#346,#1632,.T.);
#1630 = VERTEX_POINT('',#1631);
#1631 = CARTESIAN_POINT('',(155.21211269884,50.,22.240000723861));
#1632 = CIRCLE('',#1633,12.);
#1633 = AXIS2_PLACEMENT_3D('',#1634,#1635,#1636);
#1634 = CARTESIAN_POINT('',(143.21211269884,50.,22.240000723861));
#1635 = DIRECTION('',(-0.,1.,0.));
#1636 = DIRECTION('',(1.,0.,0.));
#1637 = ORIENTED_EDGE('',*,*,#345,.T.);
#1638 = ORIENTED_EDGE('',*,*,#1639,.T.);
#1639 = EDGE_CURVE('',#338,#1640,#1642,.T.);
#1640 = VERTEX_POINT('',#1641);
#1641 = CARTESIAN_POINT('',(-19.18999924906,50.,22.240000723861));
#1642 = CIRCLE('',#1643,12.);
#1643 = AXIS2_PLACEMENT_3D('',#1644,#1645,#1646);
#1644 = CARTESIAN_POINT('',(-7.189999249065,50.,22.240000723861));
#1645 = DIRECTION('',(0.,1.,0.));
#1646 = DIRECTION('',(6.47630097698E-16,0.,-1.));
#1647 = ORIENTED_EDGE('',*,*,#1648,.T.);
#1648 = EDGE_CURVE('',#1640,#1649,#1651,.T.);
#1649 = VERTEX_POINT('',#1650);
#1650 = CARTESIAN_POINT('',(-19.18999924906,50.,123.53834055047));
#1651 = LINE('',#1652,#1653);
#1652 = CARTESIAN_POINT('',(-19.18999924906,50.,123.53834055047));
#1653 = VECTOR('',#1654,1.);
#1654 = DIRECTION('',(-2.191986614046E-17,0.,1.));
#1655 = ORIENTED_EDGE('',*,*,#1656,.T.);
#1656 = EDGE_CURVE('',#1649,#1657,#1659,.T.);
#1657 = VERTEX_POINT('',#1658);
#1658 = CARTESIAN_POINT('',(-7.189999249065,50.,135.53834055047));
#1659 = CIRCLE('',#1660,12.);
#1660 = AXIS2_PLACEMENT_3D('',#1661,#1662,#1663);
#1661 = CARTESIAN_POINT('',(-7.189999249065,50.,123.53834055047));
#1662 = DIRECTION('',(0.,1.,0.));
#1663 = DIRECTION('',(-1.,0.,0.));
#1664 = ORIENTED_EDGE('',*,*,#1665,.T.);
#1665 = EDGE_CURVE('',#1657,#1666,#1668,.T.);
#1666 = VERTEX_POINT('',#1667);
#1667 = CARTESIAN_POINT('',(143.21211269884,50.,135.53834055047));
#1668 = LINE('',#1669,#1670);
#1669 = CARTESIAN_POINT('',(143.21211269884,50.,135.53834055047));
#1670 = VECTOR('',#1671,1.);
#1671 = DIRECTION('',(1.,0.,0.));
#1672 = ORIENTED_EDGE('',*,*,#1673,.T.);
#1673 = EDGE_CURVE('',#1666,#1674,#1676,.T.);
#1674 = VERTEX_POINT('',#1675);
#1675 = CARTESIAN_POINT('',(155.21211269884,50.,123.53834055047));
#1676 = CIRCLE('',#1677,12.);
#1677 = AXIS2_PLACEMENT_3D('',#1678,#1679,#1680);
#1678 = CARTESIAN_POINT('',(143.21211269884,50.,123.53834055047));
#1679 = DIRECTION('',(0.,1.,0.));
#1680 = DIRECTION('',(0.,-0.,1.));
#1681 = ORIENTED_EDGE('',*,*,#1682,.T.);
#1682 = EDGE_CURVE('',#1674,#1630,#1683,.T.);
#1683 = LINE('',#1684,#1685);
#1684 = CARTESIAN_POINT('',(155.21211269884,50.,22.240000723861));
#1685 = VECTOR('',#1686,1.);
#1686 = DIRECTION('',(0.,0.,-1.));
#1687 = FACE_BOUND('',#1688,.T.);
#1688 = EDGE_LOOP('',(#1689,#1698,#1699,#1708,#1716,#1725,#1733,#1742));
#1689 = ORIENTED_EDGE('',*,*,#1690,.T.);
#1690 = EDGE_CURVE('',#1691,#281,#1693,.T.);
#1691 = VERTEX_POINT('',#1692);
#1692 = CARTESIAN_POINT('',(-16.18999924906,50.,22.240000723861));
#1693 = CIRCLE('',#1694,9.);
#1694 = AXIS2_PLACEMENT_3D('',#1695,#1696,#1697);
#1695 = CARTESIAN_POINT('',(-7.189999249065,50.,22.240000723861));
#1696 = DIRECTION('',(0.,-1.,0.));
#1697 = DIRECTION('',(7.401486830834E-16,0.,-1.));
#1698 = ORIENTED_EDGE('',*,*,#280,.T.);
#1699 = ORIENTED_EDGE('',*,*,#1700,.T.);
#1700 = EDGE_CURVE('',#273,#1701,#1703,.T.);
#1701 = VERTEX_POINT('',#1702);
#1702 = CARTESIAN_POINT('',(152.21211269884,50.,22.240000723861));
#1703 = CIRCLE('',#1704,9.);
#1704 = AXIS2_PLACEMENT_3D('',#1705,#1706,#1707);
#1705 = CARTESIAN_POINT('',(143.21211269884,50.,22.240000723861));
#1706 = DIRECTION('',(0.,-1.,0.));
#1707 = DIRECTION('',(1.,0.,0.));
#1708 = ORIENTED_EDGE('',*,*,#1709,.T.);
#1709 = EDGE_CURVE('',#1701,#1710,#1712,.T.);
#1710 = VERTEX_POINT('',#1711);
#1711 = CARTESIAN_POINT('',(152.21211269884,50.,123.53834055047));
#1712 = LINE('',#1713,#1714);
#1713 = CARTESIAN_POINT('',(152.21211269884,50.,22.240000723861));
#1714 = VECTOR('',#1715,1.);
#1715 = DIRECTION('',(0.,0.,1.));
#1716 = ORIENTED_EDGE('',*,*,#1717,.T.);
#1717 = EDGE_CURVE('',#1710,#1718,#1720,.T.);
#1718 = VERTEX_POINT('',#1719);
#1719 = CARTESIAN_POINT('',(143.21211269884,50.,132.53834055047));
#1720 = CIRCLE('',#1721,9.);
#1721 = AXIS2_PLACEMENT_3D('',#1722,#1723,#1724);
#1722 = CARTESIAN_POINT('',(143.21211269884,50.,123.53834055047));
#1723 = DIRECTION('',(0.,-1.,0.));
#1724 = DIRECTION('',(0.,0.,1.));
#1725 = ORIENTED_EDGE('',*,*,#1726,.T.);
#1726 = EDGE_CURVE('',#1718,#1727,#1729,.T.);
#1727 = VERTEX_POINT('',#1728);
#1728 = CARTESIAN_POINT('',(-7.189999249065,50.,132.53834055047));
#1729 = LINE('',#1730,#1731);
#1730 = CARTESIAN_POINT('',(143.21211269884,50.,132.53834055047));
#1731 = VECTOR('',#1732,1.);
#1732 = DIRECTION('',(-1.,0.,0.));
#1733 = ORIENTED_EDGE('',*,*,#1734,.T.);
#1734 = EDGE_CURVE('',#1727,#1735,#1737,.T.);
#1735 = VERTEX_POINT('',#1736);
#1736 = CARTESIAN_POINT('',(-16.18999924906,50.,123.53834055047));
#1737 = CIRCLE('',#1738,9.);
#1738 = AXIS2_PLACEMENT_3D('',#1739,#1740,#1741);
#1739 = CARTESIAN_POINT('',(-7.189999249065,50.,123.53834055047));
#1740 = DIRECTION('',(0.,-1.,0.));
#1741 = DIRECTION('',(-1.,0.,0.));
#1742 = ORIENTED_EDGE('',*,*,#1743,.T.);
#1743 = EDGE_CURVE('',#1735,#1691,#1744,.T.);
#1744 = LINE('',#1745,#1746);
#1745 = CARTESIAN_POINT('',(-16.18999924906,50.,123.53834055047));
#1746 = VECTOR('',#1747,1.);
#1747 = DIRECTION('',(-4.383973228092E-17,0.,-1.));
#1748 = PLANE('',#1749);
#1749 = AXIS2_PLACEMENT_3D('',#1750,#1751,#1752);
#1750 = CARTESIAN_POINT('',(68.011056724889,50.,72.889170637168));
#1751 = DIRECTION('',(0.,1.,0.));
#1752 = DIRECTION('',(1.,0.,0.));
#1753 = ADVANCED_FACE('',(#1754,#1779,#1785),#1791,.T.);
#1754 = FACE_BOUND('',#1755,.T.);
#1755 = EDGE_LOOP('',(#1756,#1766,#1772,#1773));
#1756 = ORIENTED_EDGE('',*,*,#1757,.F.);
#1757 = EDGE_CURVE('',#1758,#1760,#1762,.T.);
#1758 = VERTEX_POINT('',#1759);
#1759 = CARTESIAN_POINT('',(-7.189999249065,5.,132.53834055047));
#1760 = VERTEX_POINT('',#1761);
#1761 = CARTESIAN_POINT('',(143.21211269884,5.,132.53834055047));
#1762 = LINE('',#1763,#1764);
#1763 = CARTESIAN_POINT('',(143.21211269884,5.,132.53834055047));
#1764 = VECTOR('',#1765,1.);
#1765 = DIRECTION('',(1.,0.,0.));
#1766 = ORIENTED_EDGE('',*,*,#1767,.T.);
#1767 = EDGE_CURVE('',#1758,#1727,#1768,.T.);
#1768 = LINE('',#1769,#1770);
#1769 = CARTESIAN_POINT('',(-7.189999249065,0.,132.53834055047));
#1770 = VECTOR('',#1771,1.);
#1771 = DIRECTION('',(0.,1.,0.));
#1772 = ORIENTED_EDGE('',*,*,#1726,.F.);
#1773 = ORIENTED_EDGE('',*,*,#1774,.F.);
#1774 = EDGE_CURVE('',#1760,#1718,#1775,.T.);
#1775 = LINE('',#1776,#1777);
#1776 = CARTESIAN_POINT('',(143.21211269884,0.,132.53834055047));
#1777 = VECTOR('',#1778,1.);
#1778 = DIRECTION('',(0.,1.,0.));
#1779 = FACE_BOUND('',#1780,.T.);
#1780 = EDGE_LOOP('',(#1781,#1782,#1783,#1784));
#1781 = ORIENTED_EDGE('',*,*,#92,.T.);
#1782 = ORIENTED_EDGE('',*,*,#123,.T.);
#1783 = ORIENTED_EDGE('',*,*,#21,.T.);
#1784 = ORIENTED_EDGE('',*,*,#61,.T.);
#1785 = FACE_BOUND('',#1786,.T.);
#1786 = EDGE_LOOP('',(#1787,#1788,#1789,#1790));
#1787 = ORIENTED_EDGE('',*,*,#438,.T.);
#1788 = ORIENTED_EDGE('',*,*,#469,.T.);
#1789 = ORIENTED_EDGE('',*,*,#367,.T.);
#1790 = ORIENTED_EDGE('',*,*,#407,.T.);
#1791 = PLANE('',#1792);
#1792 = AXIS2_PLACEMENT_3D('',#1793,#1794,#1795);
#1793 = CARTESIAN_POINT('',(143.21211269884,0.,132.53834055047));
#1794 = DIRECTION('',(0.,0.,-1.));
#1795 = DIRECTION('',(-1.,0.,0.));
#1796 = ADVANCED_FACE('',(#1797),#1816,.F.);
#1797 = FACE_BOUND('',#1798,.F.);
#1798 = EDGE_LOOP('',(#1799,#1800,#1801,#1809));
#1799 = ORIENTED_EDGE('',*,*,#1767,.T.);
#1800 = ORIENTED_EDGE('',*,*,#1734,.T.);
#1801 = ORIENTED_EDGE('',*,*,#1802,.F.);
#1802 = EDGE_CURVE('',#1803,#1735,#1805,.T.);
#1803 = VERTEX_POINT('',#1804);
#1804 = CARTESIAN_POINT('',(-16.18999924906,5.,123.53834055047));
#1805 = LINE('',#1806,#1807);
#1806 = CARTESIAN_POINT('',(-16.18999924906,0.,123.53834055047));
#1807 = VECTOR('',#1808,1.);
#1808 = DIRECTION('',(0.,1.,0.));
#1809 = ORIENTED_EDGE('',*,*,#1810,.T.);
#1810 = EDGE_CURVE('',#1803,#1758,#1811,.T.);
#1811 = CIRCLE('',#1812,9.);
#1812 = AXIS2_PLACEMENT_3D('',#1813,#1814,#1815);
#1813 = CARTESIAN_POINT('',(-7.189999249065,5.,123.53834055047));
#1814 = DIRECTION('',(0.,1.,0.));
#1815 = DIRECTION('',(-1.,0.,0.));
#1816 = CYLINDRICAL_SURFACE('',#1817,9.);
#1817 = AXIS2_PLACEMENT_3D('',#1818,#1819,#1820);
#1818 = CARTESIAN_POINT('',(-7.189999249065,0.,123.53834055047));
#1819 = DIRECTION('',(0.,1.,0.));
#1820 = DIRECTION('',(-1.,0.,0.));
#1821 = ADVANCED_FACE('',(#1822,#1840,#1843,#1854,#1864,#1867,#1870,
    #1881),#1884,.T.);
#1822 = FACE_BOUND('',#1823,.T.);
#1823 = EDGE_LOOP('',(#1824,#1832,#1838,#1839));
#1824 = ORIENTED_EDGE('',*,*,#1825,.F.);
#1825 = EDGE_CURVE('',#1826,#1803,#1828,.T.);
#1826 = VERTEX_POINT('',#1827);
#1827 = CARTESIAN_POINT('',(-16.18999924906,5.,22.240000723861));
#1828 = LINE('',#1829,#1830);
#1829 = CARTESIAN_POINT('',(-16.18999924906,5.,123.53834055047));
#1830 = VECTOR('',#1831,1.);
#1831 = DIRECTION('',(4.383973228092E-17,0.,1.));
#1832 = ORIENTED_EDGE('',*,*,#1833,.T.);
#1833 = EDGE_CURVE('',#1826,#1691,#1834,.T.);
#1834 = LINE('',#1835,#1836);
#1835 = CARTESIAN_POINT('',(-16.18999924906,0.,22.240000723861));
#1836 = VECTOR('',#1837,1.);
#1837 = DIRECTION('',(0.,1.,0.));
#1838 = ORIENTED_EDGE('',*,*,#1743,.F.);
#1839 = ORIENTED_EDGE('',*,*,#1802,.F.);
#1840 = FACE_BOUND('',#1841,.T.);
#1841 = EDGE_LOOP('',(#1842));
#1842 = ORIENTED_EDGE('',*,*,#1614,.T.);
#1843 = FACE_BOUND('',#1844,.T.);
#1844 = EDGE_LOOP('',(#1845,#1846,#1847,#1848,#1849,#1850,#1851,#1852,
    #1853));
#1845 = ORIENTED_EDGE('',*,*,#1400,.T.);
#1846 = ORIENTED_EDGE('',*,*,#1581,.T.);
#1847 = ORIENTED_EDGE('',*,*,#1525,.T.);
#1848 = ORIENTED_EDGE('',*,*,#1464,.T.);
#1849 = ORIENTED_EDGE('',*,*,#1431,.T.);
#1850 = ORIENTED_EDGE('',*,*,#1265,.T.);
#1851 = ORIENTED_EDGE('',*,*,#1305,.T.);
#1852 = ORIENTED_EDGE('',*,*,#1336,.T.);
#1853 = ORIENTED_EDGE('',*,*,#1385,.T.);
#1854 = FACE_BOUND('',#1855,.T.);
#1855 = EDGE_LOOP('',(#1856,#1857,#1858,#1859,#1860,#1861,#1862,#1863));
#1856 = ORIENTED_EDGE('',*,*,#1102,.T.);
#1857 = ORIENTED_EDGE('',*,*,#1250,.T.);
#1858 = ORIENTED_EDGE('',*,*,#1194,.T.);
#1859 = ORIENTED_EDGE('',*,*,#1133,.T.);
#1860 = ORIENTED_EDGE('',*,*,#939,.T.);
#1861 = ORIENTED_EDGE('',*,*,#981,.T.);
#1862 = ORIENTED_EDGE('',*,*,#1036,.T.);
#1863 = ORIENTED_EDGE('',*,*,#1087,.T.);
#1864 = FACE_BOUND('',#1865,.T.);
#1865 = EDGE_LOOP('',(#1866));
#1866 = ORIENTED_EDGE('',*,*,#924,.T.);
#1867 = FACE_BOUND('',#1868,.T.);
#1868 = EDGE_LOOP('',(#1869));
#1869 = ORIENTED_EDGE('',*,*,#891,.T.);
#1870 = FACE_BOUND('',#1871,.T.);
#1871 = EDGE_LOOP('',(#1872,#1873,#1874,#1875,#1876,#1877,#1878,#1879,
    #1880));
#1872 = ORIENTED_EDGE('',*,*,#677,.T.);
#1873 = ORIENTED_EDGE('',*,*,#858,.T.);
#1874 = ORIENTED_EDGE('',*,*,#818,.T.);
#1875 = ORIENTED_EDGE('',*,*,#803,.T.);
#1876 = ORIENTED_EDGE('',*,*,#738,.T.);
#1877 = ORIENTED_EDGE('',*,*,#524,.T.);
#1878 = ORIENTED_EDGE('',*,*,#564,.T.);
#1879 = ORIENTED_EDGE('',*,*,#597,.T.);
#1880 = ORIENTED_EDGE('',*,*,#649,.T.);
#1881 = FACE_BOUND('',#1882,.T.);
#1882 = EDGE_LOOP('',(#1883));
#1883 = ORIENTED_EDGE('',*,*,#509,.T.);
#1884 = PLANE('',#1885);
#1885 = AXIS2_PLACEMENT_3D('',#1886,#1887,#1888);
#1886 = CARTESIAN_POINT('',(-16.18999924906,0.,123.53834055047));
#1887 = DIRECTION('',(1.,0.,-4.383973228092E-17));
#1888 = DIRECTION('',(-4.383973228092E-17,0.,-1.));
#1889 = ADVANCED_FACE('',(#1890),#1902,.F.);
#1890 = FACE_BOUND('',#1891,.F.);
#1891 = EDGE_LOOP('',(#1892,#1893,#1894,#1895));
#1892 = ORIENTED_EDGE('',*,*,#1833,.T.);
#1893 = ORIENTED_EDGE('',*,*,#1690,.T.);
#1894 = ORIENTED_EDGE('',*,*,#288,.F.);
#1895 = ORIENTED_EDGE('',*,*,#1896,.T.);
#1896 = EDGE_CURVE('',#289,#1826,#1897,.T.);
#1897 = CIRCLE('',#1898,9.);
#1898 = AXIS2_PLACEMENT_3D('',#1899,#1900,#1901);
#1899 = CARTESIAN_POINT('',(-7.189999249065,5.,22.240000723861));
#1900 = DIRECTION('',(0.,1.,0.));
#1901 = DIRECTION('',(7.401486830834E-16,0.,-1.));
#1902 = CYLINDRICAL_SURFACE('',#1903,9.);
#1903 = AXIS2_PLACEMENT_3D('',#1904,#1905,#1906);
#1904 = CARTESIAN_POINT('',(-7.189999249065,0.,22.240000723861));
#1905 = DIRECTION('',(0.,1.,0.));
#1906 = DIRECTION('',(7.401486830834E-16,0.,-1.));
#1907 = ADVANCED_FACE('',(#1908),#1927,.F.);
#1908 = FACE_BOUND('',#1909,.F.);
#1909 = EDGE_LOOP('',(#1910,#1918,#1919,#1920));
#1910 = ORIENTED_EDGE('',*,*,#1911,.T.);
#1911 = EDGE_CURVE('',#1912,#1710,#1914,.T.);
#1912 = VERTEX_POINT('',#1913);
#1913 = CARTESIAN_POINT('',(152.21211269884,5.,123.53834055047));
#1914 = LINE('',#1915,#1916);
#1915 = CARTESIAN_POINT('',(152.21211269884,0.,123.53834055047));
#1916 = VECTOR('',#1917,1.);
#1917 = DIRECTION('',(0.,1.,0.));
#1918 = ORIENTED_EDGE('',*,*,#1717,.T.);
#1919 = ORIENTED_EDGE('',*,*,#1774,.F.);
#1920 = ORIENTED_EDGE('',*,*,#1921,.T.);
#1921 = EDGE_CURVE('',#1760,#1912,#1922,.T.);
#1922 = CIRCLE('',#1923,9.);
#1923 = AXIS2_PLACEMENT_3D('',#1924,#1925,#1926);
#1924 = CARTESIAN_POINT('',(143.21211269884,5.,123.53834055047));
#1925 = DIRECTION('',(0.,1.,0.));
#1926 = DIRECTION('',(0.,-0.,1.));
#1927 = CYLINDRICAL_SURFACE('',#1928,9.);
#1928 = AXIS2_PLACEMENT_3D('',#1929,#1930,#1931);
#1929 = CARTESIAN_POINT('',(143.21211269884,0.,123.53834055047));
#1930 = DIRECTION('',(0.,1.,0.));
#1931 = DIRECTION('',(0.,-0.,1.));
#1932 = ADVANCED_FACE('',(#1933),#1951,.T.);
#1933 = FACE_BOUND('',#1934,.T.);
#1934 = EDGE_LOOP('',(#1935,#1943,#1944,#1945));
#1935 = ORIENTED_EDGE('',*,*,#1936,.F.);
#1936 = EDGE_CURVE('',#1912,#1937,#1939,.T.);
#1937 = VERTEX_POINT('',#1938);
#1938 = CARTESIAN_POINT('',(152.21211269884,5.,22.240000723861));
#1939 = LINE('',#1940,#1941);
#1940 = CARTESIAN_POINT('',(152.21211269884,5.,22.240000723861));
#1941 = VECTOR('',#1942,1.);
#1942 = DIRECTION('',(0.,0.,-1.));
#1943 = ORIENTED_EDGE('',*,*,#1911,.T.);
#1944 = ORIENTED_EDGE('',*,*,#1709,.F.);
#1945 = ORIENTED_EDGE('',*,*,#1946,.F.);
#1946 = EDGE_CURVE('',#1937,#1701,#1947,.T.);
#1947 = LINE('',#1948,#1949);
#1948 = CARTESIAN_POINT('',(152.21211269884,0.,22.240000723861));
#1949 = VECTOR('',#1950,1.);
#1950 = DIRECTION('',(0.,1.,0.));
#1951 = PLANE('',#1952);
#1952 = AXIS2_PLACEMENT_3D('',#1953,#1954,#1955);
#1953 = CARTESIAN_POINT('',(152.21211269884,0.,22.240000723861));
#1954 = DIRECTION('',(-1.,0.,0.));
#1955 = DIRECTION('',(0.,0.,1.));
#1956 = ADVANCED_FACE('',(#1957),#1971,.F.);
#1957 = FACE_BOUND('',#1958,.F.);
#1958 = EDGE_LOOP('',(#1959,#1960,#1961,#1962,#1963,#1964));
#1959 = ORIENTED_EDGE('',*,*,#304,.T.);
#1960 = ORIENTED_EDGE('',*,*,#185,.T.);
#1961 = ORIENTED_EDGE('',*,*,#272,.T.);
#1962 = ORIENTED_EDGE('',*,*,#1700,.T.);
#1963 = ORIENTED_EDGE('',*,*,#1946,.F.);
#1964 = ORIENTED_EDGE('',*,*,#1965,.T.);
#1965 = EDGE_CURVE('',#1937,#297,#1966,.T.);
#1966 = CIRCLE('',#1967,9.);
#1967 = AXIS2_PLACEMENT_3D('',#1968,#1969,#1970);
#1968 = CARTESIAN_POINT('',(143.21211269884,5.,22.240000723861));
#1969 = DIRECTION('',(-0.,1.,0.));
#1970 = DIRECTION('',(1.,0.,0.));
#1971 = CYLINDRICAL_SURFACE('',#1972,9.);
#1972 = AXIS2_PLACEMENT_3D('',#1973,#1974,#1975);
#1973 = CARTESIAN_POINT('',(143.21211269884,0.,22.240000723861));
#1974 = DIRECTION('',(0.,1.,0.));
#1975 = DIRECTION('',(1.,0.,0.));
#1976 = ADVANCED_FACE('',(#1977),#2002,.T.);
#1977 = FACE_BOUND('',#1978,.T.);
#1978 = EDGE_LOOP('',(#1979,#1989,#1995,#1996));
#1979 = ORIENTED_EDGE('',*,*,#1980,.F.);
#1980 = EDGE_CURVE('',#1981,#1983,#1985,.T.);
#1981 = VERTEX_POINT('',#1982);
#1982 = CARTESIAN_POINT('',(155.21211269884,0.,22.240000723861));
#1983 = VERTEX_POINT('',#1984);
#1984 = CARTESIAN_POINT('',(155.21211269884,0.,123.53834055047));
#1985 = LINE('',#1986,#1987);
#1986 = CARTESIAN_POINT('',(155.21211269884,0.,22.240000723861));
#1987 = VECTOR('',#1988,1.);
#1988 = DIRECTION('',(0.,0.,1.));
#1989 = ORIENTED_EDGE('',*,*,#1990,.T.);
#1990 = EDGE_CURVE('',#1981,#1630,#1991,.T.);
#1991 = LINE('',#1992,#1993);
#1992 = CARTESIAN_POINT('',(155.21211269884,0.,22.240000723861));
#1993 = VECTOR('',#1994,1.);
#1994 = DIRECTION('',(0.,1.,0.));
#1995 = ORIENTED_EDGE('',*,*,#1682,.F.);
#1996 = ORIENTED_EDGE('',*,*,#1997,.F.);
#1997 = EDGE_CURVE('',#1983,#1674,#1998,.T.);
#1998 = LINE('',#1999,#2000);
#1999 = CARTESIAN_POINT('',(155.21211269884,0.,123.53834055047));
#2000 = VECTOR('',#2001,1.);
#2001 = DIRECTION('',(0.,1.,0.));
#2002 = PLANE('',#2003);
#2003 = AXIS2_PLACEMENT_3D('',#2004,#2005,#2006);
#2004 = CARTESIAN_POINT('',(155.21211269884,0.,123.53834055047));
#2005 = DIRECTION('',(1.,0.,0.));
#2006 = DIRECTION('',(0.,0.,-1.));
#2007 = ADVANCED_FACE('',(#2008),#2027,.T.);
#2008 = FACE_BOUND('',#2009,.T.);
#2009 = EDGE_LOOP('',(#2010,#2019,#2020,#2021));
#2010 = ORIENTED_EDGE('',*,*,#2011,.T.);
#2011 = EDGE_CURVE('',#2012,#1983,#2014,.T.);
#2012 = VERTEX_POINT('',#2013);
#2013 = CARTESIAN_POINT('',(143.21211269884,0.,135.53834055047));
#2014 = CIRCLE('',#2015,12.);
#2015 = AXIS2_PLACEMENT_3D('',#2016,#2017,#2018);
#2016 = CARTESIAN_POINT('',(143.21211269884,0.,123.53834055047));
#2017 = DIRECTION('',(0.,1.,0.));
#2018 = DIRECTION('',(0.,-0.,1.));
#2019 = ORIENTED_EDGE('',*,*,#1997,.T.);
#2020 = ORIENTED_EDGE('',*,*,#1673,.F.);
#2021 = ORIENTED_EDGE('',*,*,#2022,.F.);
#2022 = EDGE_CURVE('',#2012,#1666,#2023,.T.);
#2023 = LINE('',#2024,#2025);
#2024 = CARTESIAN_POINT('',(143.21211269884,0.,135.53834055047));
#2025 = VECTOR('',#2026,1.);
#2026 = DIRECTION('',(0.,1.,0.));
#2027 = CYLINDRICAL_SURFACE('',#2028,12.);
#2028 = AXIS2_PLACEMENT_3D('',#2029,#2030,#2031);
#2029 = CARTESIAN_POINT('',(143.21211269884,0.,123.53834055047));
#2030 = DIRECTION('',(0.,1.,0.));
#2031 = DIRECTION('',(0.,-0.,1.));
#2032 = ADVANCED_FACE('',(#2033,#2051,#2057),#2063,.T.);
#2033 = FACE_BOUND('',#2034,.T.);
#2034 = EDGE_LOOP('',(#2035,#2043,#2044,#2045));
#2035 = ORIENTED_EDGE('',*,*,#2036,.F.);
#2036 = EDGE_CURVE('',#2012,#2037,#2039,.T.);
#2037 = VERTEX_POINT('',#2038);
#2038 = CARTESIAN_POINT('',(-7.189999249065,0.,135.53834055047));
#2039 = LINE('',#2040,#2041);
#2040 = CARTESIAN_POINT('',(143.21211269884,0.,135.53834055047));
#2041 = VECTOR('',#2042,1.);
#2042 = DIRECTION('',(-1.,0.,0.));
#2043 = ORIENTED_EDGE('',*,*,#2022,.T.);
#2044 = ORIENTED_EDGE('',*,*,#1665,.F.);
#2045 = ORIENTED_EDGE('',*,*,#2046,.F.);
#2046 = EDGE_CURVE('',#2037,#1657,#2047,.T.);
#2047 = LINE('',#2048,#2049);
#2048 = CARTESIAN_POINT('',(-7.189999249065,0.,135.53834055047));
#2049 = VECTOR('',#2050,1.);
#2050 = DIRECTION('',(0.,1.,0.));
#2051 = FACE_BOUND('',#2052,.T.);
#2052 = EDGE_LOOP('',(#2053,#2054,#2055,#2056));
#2053 = ORIENTED_EDGE('',*,*,#101,.T.);
#2054 = ORIENTED_EDGE('',*,*,#70,.T.);
#2055 = ORIENTED_EDGE('',*,*,#39,.T.);
#2056 = ORIENTED_EDGE('',*,*,#130,.T.);
#2057 = FACE_BOUND('',#2058,.T.);
#2058 = EDGE_LOOP('',(#2059,#2060,#2061,#2062));
#2059 = ORIENTED_EDGE('',*,*,#447,.T.);
#2060 = ORIENTED_EDGE('',*,*,#416,.T.);
#2061 = ORIENTED_EDGE('',*,*,#385,.T.);
#2062 = ORIENTED_EDGE('',*,*,#476,.T.);
#2063 = PLANE('',#2064);
#2064 = AXIS2_PLACEMENT_3D('',#2065,#2066,#2067);
#2065 = CARTESIAN_POINT('',(-7.189999249065,0.,135.53834055047));
#2066 = DIRECTION('',(0.,0.,1.));
#2067 = DIRECTION('',(1.,0.,-0.));
#2068 = ADVANCED_FACE('',(#2069),#2088,.T.);
#2069 = FACE_BOUND('',#2070,.T.);
#2070 = EDGE_LOOP('',(#2071,#2080,#2081,#2082));
#2071 = ORIENTED_EDGE('',*,*,#2072,.T.);
#2072 = EDGE_CURVE('',#2073,#2037,#2075,.T.);
#2073 = VERTEX_POINT('',#2074);
#2074 = CARTESIAN_POINT('',(-19.18999924906,0.,123.53834055047));
#2075 = CIRCLE('',#2076,12.);
#2076 = AXIS2_PLACEMENT_3D('',#2077,#2078,#2079);
#2077 = CARTESIAN_POINT('',(-7.189999249065,0.,123.53834055047));
#2078 = DIRECTION('',(0.,1.,0.));
#2079 = DIRECTION('',(-1.,0.,0.));
#2080 = ORIENTED_EDGE('',*,*,#2046,.T.);
#2081 = ORIENTED_EDGE('',*,*,#1656,.F.);
#2082 = ORIENTED_EDGE('',*,*,#2083,.F.);
#2083 = EDGE_CURVE('',#2073,#1649,#2084,.T.);
#2084 = LINE('',#2085,#2086);
#2085 = CARTESIAN_POINT('',(-19.18999924906,0.,123.53834055047));
#2086 = VECTOR('',#2087,1.);
#2087 = DIRECTION('',(0.,1.,0.));
#2088 = CYLINDRICAL_SURFACE('',#2089,12.);
#2089 = AXIS2_PLACEMENT_3D('',#2090,#2091,#2092);
#2090 = CARTESIAN_POINT('',(-7.189999249065,0.,123.53834055047));
#2091 = DIRECTION('',(0.,1.,0.));
#2092 = DIRECTION('',(-1.,0.,0.));
#2093 = ADVANCED_FACE('',(#2094,#2112,#2115,#2126,#2136,#2139,#2142,
    #2153),#2156,.T.);
#2094 = FACE_BOUND('',#2095,.T.);
#2095 = EDGE_LOOP('',(#2096,#2104,#2105,#2106));
#2096 = ORIENTED_EDGE('',*,*,#2097,.F.);
#2097 = EDGE_CURVE('',#2073,#2098,#2100,.T.);
#2098 = VERTEX_POINT('',#2099);
#2099 = CARTESIAN_POINT('',(-19.18999924906,0.,22.240000723861));
#2100 = LINE('',#2101,#2102);
#2101 = CARTESIAN_POINT('',(-19.18999924906,0.,123.53834055047));
#2102 = VECTOR('',#2103,1.);
#2103 = DIRECTION('',(2.191986614046E-17,0.,-1.));
#2104 = ORIENTED_EDGE('',*,*,#2083,.T.);
#2105 = ORIENTED_EDGE('',*,*,#1648,.F.);
#2106 = ORIENTED_EDGE('',*,*,#2107,.F.);
#2107 = EDGE_CURVE('',#2098,#1640,#2108,.T.);
#2108 = LINE('',#2109,#2110);
#2109 = CARTESIAN_POINT('',(-19.18999924906,0.,22.240000723861));
#2110 = VECTOR('',#2111,1.);
#2111 = DIRECTION('',(0.,1.,0.));
#2112 = FACE_BOUND('',#2113,.T.);
#2113 = EDGE_LOOP('',(#2114));
#2114 = ORIENTED_EDGE('',*,*,#1606,.T.);
#2115 = FACE_BOUND('',#2116,.T.);
#2116 = EDGE_LOOP('',(#2117,#2118,#2119,#2120,#2121,#2122,#2123,#2124,
    #2125));
#2117 = ORIENTED_EDGE('',*,*,#1409,.T.);
#2118 = ORIENTED_EDGE('',*,*,#1377,.T.);
#2119 = ORIENTED_EDGE('',*,*,#1345,.T.);
#2120 = ORIENTED_EDGE('',*,*,#1314,.T.);
#2121 = ORIENTED_EDGE('',*,*,#1283,.T.);
#2122 = ORIENTED_EDGE('',*,*,#1448,.T.);
#2123 = ORIENTED_EDGE('',*,*,#1480,.T.);
#2124 = ORIENTED_EDGE('',*,*,#1496,.T.);
#2125 = ORIENTED_EDGE('',*,*,#1573,.T.);
#2126 = FACE_BOUND('',#2127,.T.);
#2127 = EDGE_LOOP('',(#2128,#2129,#2130,#2131,#2132,#2133,#2134,#2135));
#2128 = ORIENTED_EDGE('',*,*,#1111,.T.);
#2129 = ORIENTED_EDGE('',*,*,#1079,.T.);
#2130 = ORIENTED_EDGE('',*,*,#1022,.T.);
#2131 = ORIENTED_EDGE('',*,*,#990,.T.);
#2132 = ORIENTED_EDGE('',*,*,#958,.T.);
#2133 = ORIENTED_EDGE('',*,*,#1149,.T.);
#2134 = ORIENTED_EDGE('',*,*,#1165,.T.);
#2135 = ORIENTED_EDGE('',*,*,#1242,.T.);
#2136 = FACE_BOUND('',#2137,.T.);
#2137 = EDGE_LOOP('',(#2138));
#2138 = ORIENTED_EDGE('',*,*,#916,.T.);
#2139 = FACE_BOUND('',#2140,.T.);
#2140 = EDGE_LOOP('',(#2141));
#2141 = ORIENTED_EDGE('',*,*,#883,.T.);
#2142 = FACE_BOUND('',#2143,.T.);
#2143 = EDGE_LOOP('',(#2144,#2145,#2146,#2147,#2148,#2149,#2150,#2151,
    #2152));
#2144 = ORIENTED_EDGE('',*,*,#686,.T.);
#2145 = ORIENTED_EDGE('',*,*,#638,.T.);
#2146 = ORIENTED_EDGE('',*,*,#606,.T.);
#2147 = ORIENTED_EDGE('',*,*,#574,.T.);
#2148 = ORIENTED_EDGE('',*,*,#542,.T.);
#2149 = ORIENTED_EDGE('',*,*,#709,.T.);
#2150 = ORIENTED_EDGE('',*,*,#786,.T.);
#2151 = ORIENTED_EDGE('',*,*,#834,.T.);
#2152 = ORIENTED_EDGE('',*,*,#850,.T.);
#2153 = FACE_BOUND('',#2154,.T.);
#2154 = EDGE_LOOP('',(#2155));
#2155 = ORIENTED_EDGE('',*,*,#501,.T.);
#2156 = PLANE('',#2157);
#2157 = AXIS2_PLACEMENT_3D('',#2158,#2159,#2160);
#2158 = CARTESIAN_POINT('',(-19.18999924906,0.,22.240000723861));
#2159 = DIRECTION('',(-1.,0.,-2.191986614046E-17));
#2160 = DIRECTION('',(-2.191986614046E-17,0.,1.));
#2161 = ADVANCED_FACE('',(#2162),#2174,.T.);
#2162 = FACE_BOUND('',#2163,.T.);
#2163 = EDGE_LOOP('',(#2164,#2171,#2172,#2173));
#2164 = ORIENTED_EDGE('',*,*,#2165,.T.);
#2165 = EDGE_CURVE('',#330,#2098,#2166,.T.);
#2166 = CIRCLE('',#2167,12.);
#2167 = AXIS2_PLACEMENT_3D('',#2168,#2169,#2170);
#2168 = CARTESIAN_POINT('',(-7.189999249065,0.,22.240000723861));
#2169 = DIRECTION('',(0.,1.,0.));
#2170 = DIRECTION('',(6.47630097698E-16,0.,-1.));
#2171 = ORIENTED_EDGE('',*,*,#2107,.T.);
#2172 = ORIENTED_EDGE('',*,*,#1639,.F.);
#2173 = ORIENTED_EDGE('',*,*,#337,.F.);
#2174 = CYLINDRICAL_SURFACE('',#2175,12.);
#2175 = AXIS2_PLACEMENT_3D('',#2176,#2177,#2178);
#2176 = CARTESIAN_POINT('',(-7.189999249065,0.,22.240000723861));
#2177 = DIRECTION('',(0.,1.,0.));
#2178 = DIRECTION('',(6.47630097698E-16,0.,-1.));
#2179 = ADVANCED_FACE('',(#2180),#2194,.T.);
#2180 = FACE_BOUND('',#2181,.T.);
#2181 = EDGE_LOOP('',(#2182,#2189,#2190,#2191,#2192,#2193));
#2182 = ORIENTED_EDGE('',*,*,#2183,.T.);
#2183 = EDGE_CURVE('',#1981,#322,#2184,.T.);
#2184 = CIRCLE('',#2185,12.);
#2185 = AXIS2_PLACEMENT_3D('',#2186,#2187,#2188);
#2186 = CARTESIAN_POINT('',(143.21211269884,0.,22.240000723861));
#2187 = DIRECTION('',(-0.,1.,0.));
#2188 = DIRECTION('',(1.,0.,0.));
#2189 = ORIENTED_EDGE('',*,*,#321,.T.);
#2190 = ORIENTED_EDGE('',*,*,#194,.T.);
#2191 = ORIENTED_EDGE('',*,*,#353,.T.);
#2192 = ORIENTED_EDGE('',*,*,#1629,.F.);
#2193 = ORIENTED_EDGE('',*,*,#1990,.F.);
#2194 = CYLINDRICAL_SURFACE('',#2195,12.);
#2195 = AXIS2_PLACEMENT_3D('',#2196,#2197,#2198);
#2196 = CARTESIAN_POINT('',(143.21211269884,0.,22.240000723861));
#2197 = DIRECTION('',(0.,1.,0.));
#2198 = DIRECTION('',(1.,0.,0.));
#2199 = ADVANCED_FACE('',(#2200),#2211,.T.);
#2200 = FACE_BOUND('',#2201,.T.);
#2201 = EDGE_LOOP('',(#2202));
#2202 = ORIENTED_EDGE('',*,*,#2203,.T.);
#2203 = EDGE_CURVE('',#2204,#2204,#2206,.T.);
#2204 = VERTEX_POINT('',#2205);
#2205 = CARTESIAN_POINT('',(109.65,5.,32.));
#2206 = CIRCLE('',#2207,1.6);
#2207 = AXIS2_PLACEMENT_3D('',#2208,#2209,#2210);
#2208 = CARTESIAN_POINT('',(111.25,5.,32.));
#2209 = DIRECTION('',(0.,1.,3.17801340799E-15));
#2210 = DIRECTION('',(1.,0.,-0.));
#2211 = PLANE('',#2212);
#2212 = AXIS2_PLACEMENT_3D('',#2213,#2214,#2215);
#2213 = CARTESIAN_POINT('',(68.011056724889,5.,72.889170637168));
#2214 = DIRECTION('',(0.,1.,0.));
#2215 = DIRECTION('',(1.,0.,0.));
#2216 = ADVANCED_FACE('',(#2217),#2228,.T.);
#2217 = FACE_BOUND('',#2218,.T.);
#2218 = EDGE_LOOP('',(#2219));
#2219 = ORIENTED_EDGE('',*,*,#2220,.T.);
#2220 = EDGE_CURVE('',#2221,#2221,#2223,.T.);
#2221 = VERTEX_POINT('',#2222);
#2222 = CARTESIAN_POINT('',(58.9,5.,29.));
#2223 = CIRCLE('',#2224,1.6);
#2224 = AXIS2_PLACEMENT_3D('',#2225,#2226,#2227);
#2225 = CARTESIAN_POINT('',(60.5,5.,29.));
#2226 = DIRECTION('',(0.,1.,3.17801340799E-15));
#2227 = DIRECTION('',(1.,0.,-0.));
#2228 = PLANE('',#2229);
#2229 = AXIS2_PLACEMENT_3D('',#2230,#2231,#2232);
#2230 = CARTESIAN_POINT('',(68.011056724889,5.,72.889170637168));
#2231 = DIRECTION('',(0.,1.,0.));
#2232 = DIRECTION('',(1.,0.,0.));
#2233 = ADVANCED_FACE('',(#2234),#2245,.T.);
#2234 = FACE_BOUND('',#2235,.T.);
#2235 = EDGE_LOOP('',(#2236));
#2236 = ORIENTED_EDGE('',*,*,#2237,.T.);
#2237 = EDGE_CURVE('',#2238,#2238,#2240,.T.);
#2238 = VERTEX_POINT('',#2239);
#2239 = CARTESIAN_POINT('',(99.9,5.,124.5));
#2240 = CIRCLE('',#2241,1.6);
#2241 = AXIS2_PLACEMENT_3D('',#2242,#2243,#2244);
#2242 = CARTESIAN_POINT('',(101.5,5.,124.5));
#2243 = DIRECTION('',(0.,1.,3.17801340799E-15));
#2244 = DIRECTION('',(1.,0.,-0.));
#2245 = PLANE('',#2246);
#2246 = AXIS2_PLACEMENT_3D('',#2247,#2248,#2249);
#2247 = CARTESIAN_POINT('',(68.011056724889,5.,72.889170637168));
#2248 = DIRECTION('',(0.,1.,0.));
#2249 = DIRECTION('',(1.,0.,0.));
#2250 = ADVANCED_FACE('',(#2251),#2262,.T.);
#2251 = FACE_BOUND('',#2252,.T.);
#2252 = EDGE_LOOP('',(#2253));
#2253 = ORIENTED_EDGE('',*,*,#2254,.T.);
#2254 = EDGE_CURVE('',#2255,#2255,#2257,.T.);
#2255 = VERTEX_POINT('',#2256);
#2256 = CARTESIAN_POINT('',(55.9,5.,123.75));
#2257 = CIRCLE('',#2258,1.6);
#2258 = AXIS2_PLACEMENT_3D('',#2259,#2260,#2261);
#2259 = CARTESIAN_POINT('',(57.5,5.,123.75));
#2260 = DIRECTION('',(0.,1.,3.17801340799E-15));
#2261 = DIRECTION('',(1.,0.,-0.));
#2262 = PLANE('',#2263);
#2263 = AXIS2_PLACEMENT_3D('',#2264,#2265,#2266);
#2264 = CARTESIAN_POINT('',(68.011056724889,5.,72.889170637168));
#2265 = DIRECTION('',(0.,1.,0.));
#2266 = DIRECTION('',(1.,0.,0.));
#2267 = ADVANCED_FACE('',(#2268,#2278,#2289,#2300,#2311),#2322,.T.);
#2268 = FACE_BOUND('',#2269,.T.);
#2269 = EDGE_LOOP('',(#2270,#2271,#2272,#2273,#2274,#2275,#2276,#2277));
#2270 = ORIENTED_EDGE('',*,*,#1896,.T.);
#2271 = ORIENTED_EDGE('',*,*,#1825,.T.);
#2272 = ORIENTED_EDGE('',*,*,#1810,.T.);
#2273 = ORIENTED_EDGE('',*,*,#1757,.T.);
#2274 = ORIENTED_EDGE('',*,*,#1921,.T.);
#2275 = ORIENTED_EDGE('',*,*,#1936,.T.);
#2276 = ORIENTED_EDGE('',*,*,#1965,.T.);
#2277 = ORIENTED_EDGE('',*,*,#296,.T.);
#2278 = FACE_BOUND('',#2279,.T.);
#2279 = EDGE_LOOP('',(#2280));
#2280 = ORIENTED_EDGE('',*,*,#2281,.T.);
#2281 = EDGE_CURVE('',#2282,#2282,#2284,.T.);
#2282 = VERTEX_POINT('',#2283);
#2283 = CARTESIAN_POINT('',(107.25,5.,32.));
#2284 = CIRCLE('',#2285,4.);
#2285 = AXIS2_PLACEMENT_3D('',#2286,#2287,#2288);
#2286 = CARTESIAN_POINT('',(111.25,5.,32.));
#2287 = DIRECTION('',(0.,-1.,-3.17801340799E-15));
#2288 = DIRECTION('',(1.,0.,0.));
#2289 = FACE_BOUND('',#2290,.T.);
#2290 = EDGE_LOOP('',(#2291));
#2291 = ORIENTED_EDGE('',*,*,#2292,.T.);
#2292 = EDGE_CURVE('',#2293,#2293,#2295,.T.);
#2293 = VERTEX_POINT('',#2294);
#2294 = CARTESIAN_POINT('',(56.5,5.,29.));
#2295 = CIRCLE('',#2296,4.);
#2296 = AXIS2_PLACEMENT_3D('',#2297,#2298,#2299);
#2297 = CARTESIAN_POINT('',(60.5,5.,29.));
#2298 = DIRECTION('',(0.,-1.,-3.17801340799E-15));
#2299 = DIRECTION('',(1.,0.,0.));
#2300 = FACE_BOUND('',#2301,.T.);
#2301 = EDGE_LOOP('',(#2302));
#2302 = ORIENTED_EDGE('',*,*,#2303,.T.);
#2303 = EDGE_CURVE('',#2304,#2304,#2306,.T.);
#2304 = VERTEX_POINT('',#2305);
#2305 = CARTESIAN_POINT('',(97.5,5.,124.5));
#2306 = CIRCLE('',#2307,4.);
#2307 = AXIS2_PLACEMENT_3D('',#2308,#2309,#2310);
#2308 = CARTESIAN_POINT('',(101.5,5.,124.5));
#2309 = DIRECTION('',(0.,-1.,-3.17801340799E-15));
#2310 = DIRECTION('',(1.,0.,0.));
#2311 = FACE_BOUND('',#2312,.T.);
#2312 = EDGE_LOOP('',(#2313));
#2313 = ORIENTED_EDGE('',*,*,#2314,.T.);
#2314 = EDGE_CURVE('',#2315,#2315,#2317,.T.);
#2315 = VERTEX_POINT('',#2316);
#2316 = CARTESIAN_POINT('',(53.5,5.,123.75));
#2317 = CIRCLE('',#2318,4.);
#2318 = AXIS2_PLACEMENT_3D('',#2319,#2320,#2321);
#2319 = CARTESIAN_POINT('',(57.5,5.,123.75));
#2320 = DIRECTION('',(0.,-1.,-3.17801340799E-15));
#2321 = DIRECTION('',(1.,0.,0.));
#2322 = PLANE('',#2323);
#2323 = AXIS2_PLACEMENT_3D('',#2324,#2325,#2326);
#2324 = CARTESIAN_POINT('',(68.011056724889,5.,72.889170637168));
#2325 = DIRECTION('',(0.,1.,0.));
#2326 = DIRECTION('',(1.,0.,0.));
#2327 = ADVANCED_FACE('',(#2328),#2338,.F.);
#2328 = FACE_BOUND('',#2329,.T.);
#2329 = EDGE_LOOP('',(#2330,#2331,#2332,#2333,#2334,#2335,#2336,#2337));
#2330 = ORIENTED_EDGE('',*,*,#2183,.F.);
#2331 = ORIENTED_EDGE('',*,*,#1980,.T.);
#2332 = ORIENTED_EDGE('',*,*,#2011,.F.);
#2333 = ORIENTED_EDGE('',*,*,#2036,.T.);
#2334 = ORIENTED_EDGE('',*,*,#2072,.F.);
#2335 = ORIENTED_EDGE('',*,*,#2097,.T.);
#2336 = ORIENTED_EDGE('',*,*,#2165,.F.);
#2337 = ORIENTED_EDGE('',*,*,#329,.T.);
#2338 = PLANE('',#2339);
#2339 = AXIS2_PLACEMENT_3D('',#2340,#2341,#2342);
#2340 = CARTESIAN_POINT('',(68.011056724889,0.,72.889170637168));
#2341 = DIRECTION('',(0.,1.,0.));
#2342 = DIRECTION('',(1.,0.,0.));
#2343 = ADVANCED_FACE('',(#2344),#2363,.F.);
#2344 = FACE_BOUND('',#2345,.F.);
#2345 = EDGE_LOOP('',(#2346,#2354,#2361,#2362));
#2346 = ORIENTED_EDGE('',*,*,#2347,.T.);
#2347 = EDGE_CURVE('',#2204,#2348,#2350,.T.);
#2348 = VERTEX_POINT('',#2349);
#2349 = CARTESIAN_POINT('',(109.65,15.,32.));
#2350 = LINE('',#2351,#2352);
#2351 = CARTESIAN_POINT('',(109.65,15.,32.));
#2352 = VECTOR('',#2353,1.);
#2353 = DIRECTION('',(0.,1.,3.10862446895E-15));
#2354 = ORIENTED_EDGE('',*,*,#2355,.F.);
#2355 = EDGE_CURVE('',#2348,#2348,#2356,.T.);
#2356 = CIRCLE('',#2357,1.6);
#2357 = AXIS2_PLACEMENT_3D('',#2358,#2359,#2360);
#2358 = CARTESIAN_POINT('',(111.25,15.,32.));
#2359 = DIRECTION('',(0.,1.,3.17801340799E-15));
#2360 = DIRECTION('',(1.,0.,-0.));
#2361 = ORIENTED_EDGE('',*,*,#2347,.F.);
#2362 = ORIENTED_EDGE('',*,*,#2203,.T.);
#2363 = CYLINDRICAL_SURFACE('',#2364,1.6);
#2364 = AXIS2_PLACEMENT_3D('',#2365,#2366,#2367);
#2365 = CARTESIAN_POINT('',(111.25,15.,32.));
#2366 = DIRECTION('',(0.,-1.,-3.10862446895E-15));
#2367 = DIRECTION('',(1.,0.,0.));
#2368 = ADVANCED_FACE('',(#2369),#2388,.T.);
#2369 = FACE_BOUND('',#2370,.T.);
#2370 = EDGE_LOOP('',(#2371,#2372,#2380,#2387));
#2371 = ORIENTED_EDGE('',*,*,#2281,.F.);
#2372 = ORIENTED_EDGE('',*,*,#2373,.T.);
#2373 = EDGE_CURVE('',#2282,#2374,#2376,.T.);
#2374 = VERTEX_POINT('',#2375);
#2375 = CARTESIAN_POINT('',(107.25,15.,32.));
#2376 = LINE('',#2377,#2378);
#2377 = CARTESIAN_POINT('',(107.25,15.,32.));
#2378 = VECTOR('',#2379,1.);
#2379 = DIRECTION('',(0.,1.,3.10862446895E-15));
#2380 = ORIENTED_EDGE('',*,*,#2381,.T.);
#2381 = EDGE_CURVE('',#2374,#2374,#2382,.T.);
#2382 = CIRCLE('',#2383,4.);
#2383 = AXIS2_PLACEMENT_3D('',#2384,#2385,#2386);
#2384 = CARTESIAN_POINT('',(111.25,15.,32.));
#2385 = DIRECTION('',(0.,-1.,-3.17801340799E-15));
#2386 = DIRECTION('',(1.,0.,0.));
#2387 = ORIENTED_EDGE('',*,*,#2373,.F.);
#2388 = CYLINDRICAL_SURFACE('',#2389,4.);
#2389 = AXIS2_PLACEMENT_3D('',#2390,#2391,#2392);
#2390 = CARTESIAN_POINT('',(111.25,15.,32.));
#2391 = DIRECTION('',(0.,-1.,-3.10862446895E-15));
#2392 = DIRECTION('',(1.,0.,0.));
#2393 = ADVANCED_FACE('',(#2394,#2397),#2400,.F.);
#2394 = FACE_BOUND('',#2395,.T.);
#2395 = EDGE_LOOP('',(#2396));
#2396 = ORIENTED_EDGE('',*,*,#2381,.F.);
#2397 = FACE_BOUND('',#2398,.T.);
#2398 = EDGE_LOOP('',(#2399));
#2399 = ORIENTED_EDGE('',*,*,#2355,.F.);
#2400 = PLANE('',#2401);
#2401 = AXIS2_PLACEMENT_3D('',#2402,#2403,#2404);
#2402 = CARTESIAN_POINT('',(111.25,15.,32.));
#2403 = DIRECTION('',(0.,-1.,-3.17801340799E-15));
#2404 = DIRECTION('',(1.,0.,0.));
#2405 = ADVANCED_FACE('',(#2406),#2425,.F.);
#2406 = FACE_BOUND('',#2407,.F.);
#2407 = EDGE_LOOP('',(#2408,#2416,#2423,#2424));
#2408 = ORIENTED_EDGE('',*,*,#2409,.T.);
#2409 = EDGE_CURVE('',#2221,#2410,#2412,.T.);
#2410 = VERTEX_POINT('',#2411);
#2411 = CARTESIAN_POINT('',(58.9,15.,29.));
#2412 = LINE('',#2413,#2414);
#2413 = CARTESIAN_POINT('',(58.9,15.,29.));
#2414 = VECTOR('',#2415,1.);
#2415 = DIRECTION('',(0.,1.,3.10862446895E-15));
#2416 = ORIENTED_EDGE('',*,*,#2417,.F.);
#2417 = EDGE_CURVE('',#2410,#2410,#2418,.T.);
#2418 = CIRCLE('',#2419,1.6);
#2419 = AXIS2_PLACEMENT_3D('',#2420,#2421,#2422);
#2420 = CARTESIAN_POINT('',(60.5,15.,29.));
#2421 = DIRECTION('',(0.,1.,3.17801340799E-15));
#2422 = DIRECTION('',(1.,0.,-0.));
#2423 = ORIENTED_EDGE('',*,*,#2409,.F.);
#2424 = ORIENTED_EDGE('',*,*,#2220,.T.);
#2425 = CYLINDRICAL_SURFACE('',#2426,1.6);
#2426 = AXIS2_PLACEMENT_3D('',#2427,#2428,#2429);
#2427 = CARTESIAN_POINT('',(60.5,15.,29.));
#2428 = DIRECTION('',(0.,-1.,-3.10862446895E-15));
#2429 = DIRECTION('',(1.,0.,0.));
#2430 = ADVANCED_FACE('',(#2431),#2450,.T.);
#2431 = FACE_BOUND('',#2432,.T.);
#2432 = EDGE_LOOP('',(#2433,#2434,#2442,#2449));
#2433 = ORIENTED_EDGE('',*,*,#2292,.F.);
#2434 = ORIENTED_EDGE('',*,*,#2435,.T.);
#2435 = EDGE_CURVE('',#2293,#2436,#2438,.T.);
#2436 = VERTEX_POINT('',#2437);
#2437 = CARTESIAN_POINT('',(56.5,15.,29.));
#2438 = LINE('',#2439,#2440);
#2439 = CARTESIAN_POINT('',(56.5,15.,29.));
#2440 = VECTOR('',#2441,1.);
#2441 = DIRECTION('',(0.,1.,3.10862446895E-15));
#2442 = ORIENTED_EDGE('',*,*,#2443,.T.);
#2443 = EDGE_CURVE('',#2436,#2436,#2444,.T.);
#2444 = CIRCLE('',#2445,4.);
#2445 = AXIS2_PLACEMENT_3D('',#2446,#2447,#2448);
#2446 = CARTESIAN_POINT('',(60.5,15.,29.));
#2447 = DIRECTION('',(0.,-1.,-3.17801340799E-15));
#2448 = DIRECTION('',(1.,0.,0.));
#2449 = ORIENTED_EDGE('',*,*,#2435,.F.);
#2450 = CYLINDRICAL_SURFACE('',#2451,4.);
#2451 = AXIS2_PLACEMENT_3D('',#2452,#2453,#2454);
#2452 = CARTESIAN_POINT('',(60.5,15.,29.));
#2453 = DIRECTION('',(0.,-1.,-3.10862446895E-15));
#2454 = DIRECTION('',(1.,0.,0.));
#2455 = ADVANCED_FACE('',(#2456,#2459),#2462,.F.);
#2456 = FACE_BOUND('',#2457,.T.);
#2457 = EDGE_LOOP('',(#2458));
#2458 = ORIENTED_EDGE('',*,*,#2443,.F.);
#2459 = FACE_BOUND('',#2460,.T.);
#2460 = EDGE_LOOP('',(#2461));
#2461 = ORIENTED_EDGE('',*,*,#2417,.F.);
#2462 = PLANE('',#2463);
#2463 = AXIS2_PLACEMENT_3D('',#2464,#2465,#2466);
#2464 = CARTESIAN_POINT('',(60.5,15.,29.));
#2465 = DIRECTION('',(0.,-1.,-3.17801340799E-15));
#2466 = DIRECTION('',(1.,0.,0.));
#2467 = ADVANCED_FACE('',(#2468),#2487,.F.);
#2468 = FACE_BOUND('',#2469,.F.);
#2469 = EDGE_LOOP('',(#2470,#2478,#2485,#2486));
#2470 = ORIENTED_EDGE('',*,*,#2471,.T.);
#2471 = EDGE_CURVE('',#2238,#2472,#2474,.T.);
#2472 = VERTEX_POINT('',#2473);
#2473 = CARTESIAN_POINT('',(99.9,15.,124.5));
#2474 = LINE('',#2475,#2476);
#2475 = CARTESIAN_POINT('',(99.9,15.,124.5));
#2476 = VECTOR('',#2477,1.);
#2477 = DIRECTION('',(0.,1.,3.552713678801E-15));
#2478 = ORIENTED_EDGE('',*,*,#2479,.F.);
#2479 = EDGE_CURVE('',#2472,#2472,#2480,.T.);
#2480 = CIRCLE('',#2481,1.6);
#2481 = AXIS2_PLACEMENT_3D('',#2482,#2483,#2484);
#2482 = CARTESIAN_POINT('',(101.5,15.,124.5));
#2483 = DIRECTION('',(0.,1.,3.17801340799E-15));
#2484 = DIRECTION('',(1.,0.,-0.));
#2485 = ORIENTED_EDGE('',*,*,#2471,.F.);
#2486 = ORIENTED_EDGE('',*,*,#2237,.T.);
#2487 = CYLINDRICAL_SURFACE('',#2488,1.6);
#2488 = AXIS2_PLACEMENT_3D('',#2489,#2490,#2491);
#2489 = CARTESIAN_POINT('',(101.5,15.,124.5));
#2490 = DIRECTION('',(0.,-1.,-3.552713678801E-15));
#2491 = DIRECTION('',(1.,0.,0.));
#2492 = ADVANCED_FACE('',(#2493),#2512,.T.);
#2493 = FACE_BOUND('',#2494,.T.);
#2494 = EDGE_LOOP('',(#2495,#2496,#2504,#2511));
#2495 = ORIENTED_EDGE('',*,*,#2303,.F.);
#2496 = ORIENTED_EDGE('',*,*,#2497,.T.);
#2497 = EDGE_CURVE('',#2304,#2498,#2500,.T.);
#2498 = VERTEX_POINT('',#2499);
#2499 = CARTESIAN_POINT('',(97.5,15.,124.5));
#2500 = LINE('',#2501,#2502);
#2501 = CARTESIAN_POINT('',(97.5,15.,124.5));
#2502 = VECTOR('',#2503,1.);
#2503 = DIRECTION('',(0.,1.,3.552713678801E-15));
#2504 = ORIENTED_EDGE('',*,*,#2505,.T.);
#2505 = EDGE_CURVE('',#2498,#2498,#2506,.T.);
#2506 = CIRCLE('',#2507,4.);
#2507 = AXIS2_PLACEMENT_3D('',#2508,#2509,#2510);
#2508 = CARTESIAN_POINT('',(101.5,15.,124.5));
#2509 = DIRECTION('',(0.,-1.,-3.17801340799E-15));
#2510 = DIRECTION('',(1.,0.,0.));
#2511 = ORIENTED_EDGE('',*,*,#2497,.F.);
#2512 = CYLINDRICAL_SURFACE('',#2513,4.);
#2513 = AXIS2_PLACEMENT_3D('',#2514,#2515,#2516);
#2514 = CARTESIAN_POINT('',(101.5,15.,124.5));
#2515 = DIRECTION('',(0.,-1.,-3.552713678801E-15));
#2516 = DIRECTION('',(1.,0.,0.));
#2517 = ADVANCED_FACE('',(#2518,#2521),#2524,.F.);
#2518 = FACE_BOUND('',#2519,.T.);
#2519 = EDGE_LOOP('',(#2520));
#2520 = ORIENTED_EDGE('',*,*,#2505,.F.);
#2521 = FACE_BOUND('',#2522,.T.);
#2522 = EDGE_LOOP('',(#2523));
#2523 = ORIENTED_EDGE('',*,*,#2479,.F.);
#2524 = PLANE('',#2525);
#2525 = AXIS2_PLACEMENT_3D('',#2526,#2527,#2528);
#2526 = CARTESIAN_POINT('',(101.5,15.,124.5));
#2527 = DIRECTION('',(0.,-1.,-3.17801340799E-15));
#2528 = DIRECTION('',(1.,0.,0.));
#2529 = ADVANCED_FACE('',(#2530),#2549,.F.);
#2530 = FACE_BOUND('',#2531,.F.);
#2531 = EDGE_LOOP('',(#2532,#2540,#2547,#2548));
#2532 = ORIENTED_EDGE('',*,*,#2533,.T.);
#2533 = EDGE_CURVE('',#2255,#2534,#2536,.T.);
#2534 = VERTEX_POINT('',#2535);
#2535 = CARTESIAN_POINT('',(55.9,15.,123.75));
#2536 = LINE('',#2537,#2538);
#2537 = CARTESIAN_POINT('',(55.9,15.,123.75));
#2538 = VECTOR('',#2539,1.);
#2539 = DIRECTION('',(0.,1.,3.552713678801E-15));
#2540 = ORIENTED_EDGE('',*,*,#2541,.F.);
#2541 = EDGE_CURVE('',#2534,#2534,#2542,.T.);
#2542 = CIRCLE('',#2543,1.6);
#2543 = AXIS2_PLACEMENT_3D('',#2544,#2545,#2546);
#2544 = CARTESIAN_POINT('',(57.5,15.,123.75));
#2545 = DIRECTION('',(0.,1.,3.17801340799E-15));
#2546 = DIRECTION('',(1.,0.,-0.));
#2547 = ORIENTED_EDGE('',*,*,#2533,.F.);
#2548 = ORIENTED_EDGE('',*,*,#2254,.T.);
#2549 = CYLINDRICAL_SURFACE('',#2550,1.6);
#2550 = AXIS2_PLACEMENT_3D('',#2551,#2552,#2553);
#2551 = CARTESIAN_POINT('',(57.5,15.,123.75));
#2552 = DIRECTION('',(0.,-1.,-3.552713678801E-15));
#2553 = DIRECTION('',(1.,0.,0.));
#2554 = ADVANCED_FACE('',(#2555),#2574,.T.);
#2555 = FACE_BOUND('',#2556,.T.);
#2556 = EDGE_LOOP('',(#2557,#2558,#2566,#2573));
#2557 = ORIENTED_EDGE('',*,*,#2314,.F.);
#2558 = ORIENTED_EDGE('',*,*,#2559,.T.);
#2559 = EDGE_CURVE('',#2315,#2560,#2562,.T.);
#2560 = VERTEX_POINT('',#2561);
#2561 = CARTESIAN_POINT('',(53.5,15.,123.75));
#2562 = LINE('',#2563,#2564);
#2563 = CARTESIAN_POINT('',(53.5,15.,123.75));
#2564 = VECTOR('',#2565,1.);
#2565 = DIRECTION('',(0.,1.,3.552713678801E-15));
#2566 = ORIENTED_EDGE('',*,*,#2567,.T.);
#2567 = EDGE_CURVE('',#2560,#2560,#2568,.T.);
#2568 = CIRCLE('',#2569,4.);
#2569 = AXIS2_PLACEMENT_3D('',#2570,#2571,#2572);
#2570 = CARTESIAN_POINT('',(57.5,15.,123.75));
#2571 = DIRECTION('',(0.,-1.,-3.17801340799E-15));
#2572 = DIRECTION('',(1.,0.,0.));
#2573 = ORIENTED_EDGE('',*,*,#2559,.F.);
#2574 = CYLINDRICAL_SURFACE('',#2575,4.);
#2575 = AXIS2_PLACEMENT_3D('',#2576,#2577,#2578);
#2576 = CARTESIAN_POINT('',(57.5,15.,123.75));
#2577 = DIRECTION('',(0.,-1.,-3.552713678801E-15));
#2578 = DIRECTION('',(1.,0.,0.));
#2579 = ADVANCED_FACE('',(#2580,#2583),#2586,.F.);
#2580 = FACE_BOUND('',#2581,.T.);
#2581 = EDGE_LOOP('',(#2582));
#2582 = ORIENTED_EDGE('',*,*,#2567,.F.);
#2583 = FACE_BOUND('',#2584,.T.);
#2584 = EDGE_LOOP('',(#2585));
#2585 = ORIENTED_EDGE('',*,*,#2541,.F.);
#2586 = PLANE('',#2587);
#2587 = AXIS2_PLACEMENT_3D('',#2588,#2589,#2590);
#2588 = CARTESIAN_POINT('',(57.5,15.,123.75));
#2589 = DIRECTION('',(0.,-1.,-3.17801340799E-15));
#2590 = DIRECTION('',(1.,0.,0.));
#2591 = ( GEOMETRIC_REPRESENTATION_CONTEXT(3) 
GLOBAL_UNCERTAINTY_ASSIGNED_CONTEXT((#2595)) 
GLOBAL_UNIT_ASSIGNED_CONTEXT((#2592,#2593,#2594)) REPRESENTATION_CONTEXT
('Context #1','3D Context with UNIT and UNCERTAINTY') );
#2592 = ( LENGTH_UNIT() NAMED_UNIT(*) SI_UNIT(.MILLI.,.METRE.) );
#2593 = ( NAMED_UNIT(*) PLANE_ANGLE_UNIT() SI_UNIT($,.RADIAN.) );
#2594 = ( NAMED_UNIT(*) SI_UNIT($,.STERADIAN.) SOLID_ANGLE_UNIT() );
#2595 = UNCERTAINTY_MEASURE_WITH_UNIT(LENGTH_MEASURE(1.E-07),#2592,
  'distance_accuracy_value','confusion accuracy');
#2596 = PRODUCT_RELATED_PRODUCT_CATEGORY('part',$,(#7));
#2597 = MECHANICAL_DESIGN_GEOMETRIC_PRESENTATION_REPRESENTATION('',(
    #2598),#2591);
#2598 = STYLED_ITEM('color',(#2599),#15);
#2599 = PRESENTATION_STYLE_ASSIGNMENT((#2600,#2606));
#2600 = SURFACE_STYLE_USAGE(.BOTH.,#2601);
#2601 = SURFACE_SIDE_STYLE('',(#2602));
#2602 = SURFACE_STYLE_FILL_AREA(#2603);
#2603 = FILL_AREA_STYLE('',(#2604));
#2604 = FILL_AREA_STYLE_COLOUR('',#2605);
#2605 = COLOUR_RGB('',0.627451011593,0.627451011593,0.627451011593);
#2606 = CURVE_STYLE('',#2607,POSITIVE_LENGTH_MEASURE(0.1),#2608);
#2607 = DRAUGHTING_PRE_DEFINED_CURVE_FONT('continuous');
#2608 = COLOUR_RGB('',9.803921802644E-02,9.803921802644E-02,
  9.803921802644E-02);
ENDSEC;
END-ISO-10303-21;
