ISO-10303-21;
HEADER;
FILE_DESCRIPTION(('FreeCAD Model'),'2;1');
FILE_NAME('Open CASCADE Shape Model','2026-08-20T22:01:22',('Author'),(
    ''),'Open CASCADE STEP processor 7.8','FreeCAD','Unknown');
FILE_SCHEMA(('AUTOMOTIVE_DESIGN { 1 0 10303 214 1 1 1 1 }'));
ENDSEC;
DATA;
#1 = APPLICATION_PROTOCOL_DEFINITION('international standard',
  'automotive_design',2000,#2);
#2 = APPLICATION_CONTEXT(
  'core data for automotive mechanical design processes');
#3 = SHAPE_DEFINITION_REPRESENTATION(#4,#10);
#4 = PRODUCT_DEFINITION_SHAPE('','',#5);
#5 = PRODUCT_DEFINITION('design','',#6,#9);
#6 = PRODUCT_DEFINITION_FORMATION('','',#7);
#7 = PRODUCT('COMPOUND009','COMPOUND009','',(#8));
#8 = PRODUCT_CONTEXT('',#2,'mechanical');
#9 = PRODUCT_DEFINITION_CONTEXT('part definition',#2,'design');
#10 = ADVANCED_BREP_SHAPE_REPRESENTATION('',(#11,#15),#9820);
#11 = AXIS2_PLACEMENT_3D('',#12,#13,#14);
#12 = CARTESIAN_POINT('',(0.,0.,0.));
#13 = DIRECTION('',(0.,0.,1.));
#14 = DIRECTION('',(1.,0.,-0.));
#15 = MANIFOLD_SOLID_BREP('',#16);
#16 = CLOSED_SHELL('',(#17,#57,#88,#119,#160,#201,#232,#263,#294,#325,
    #356,#387,#418,#449,#480,#502,#525,#575,#616,#657,#698,#739,#780,
    #821,#853,#893,#934,#975,#1016,#1057,#1098,#1139,#1180,#1221,#1262,
    #1293,#1324,#1355,#1377,#1409,#1425,#1475,#1516,#1557,#1598,#1639,
    #1680,#1721,#1753,#1793,#1824,#1855,#1886,#1927,#1968,#2009,#2050,
    #2091,#2132,#2173,#2214,#2236,#2267,#2283,#2333,#2374,#2415,#2456,
    #2497,#2538,#2579,#2611,#2651,#2692,#2733,#2774,#2815,#2856,#2897,
    #2938,#2979,#3020,#3051,#3082,#3113,#3135,#3167,#3183,#3223,#3264,
    #3305,#3346,#3378,#3418,#3459,#3500,#3541,#3582,#3623,#3664,#3705,
    #3746,#3787,#3818,#3859,#3900,#3941,#3973,#4003,#4016,#4056,#4087,
    #4118,#4149,#4180,#4211,#4242,#4273,#4304,#4326,#4344,#4384,#4425,
    #4466,#4507,#4548,#4589,#4620,#4651,#4682,#4723,#4764,#4805,#4846,
    #4887,#4928,#4959,#4990,#5021,#5043,#5070,#5110,#5141,#5172,#5203,
    #5244,#5285,#5316,#5347,#5378,#5409,#5440,#5471,#5502,#5533,#5555,
    #5578,#5618,#5649,#5680,#5711,#5742,#5773,#5804,#5835,#5866,#5897,
    #5928,#5950,#5970,#6010,#6051,#6092,#6133,#6174,#6215,#6246,#6277,
    #6308,#6349,#6390,#6421,#6452,#6483,#6524,#6565,#6606,#6638,#6664,
    #6704,#6745,#6786,#6827,#6859,#6899,#6940,#6981,#7022,#7063,#7104,
    #7145,#7186,#7227,#7268,#7299,#7340,#7381,#7422,#7454,#7484,#8008,
    #8058,#8099,#8140,#8181,#8222,#8263,#8304,#8345,#8386,#8408,#8447,
    #8479,#8511,#8543,#8575,#8607,#8639,#8671,#8703,#8735,#8767,#8799,
    #8831,#8863,#8887,#8919,#8951,#8983,#9015,#9047,#9079,#9111,#9135,
    #9167,#9199,#9223,#9248,#9295,#9308,#9454,#9476,#9493,#9510,#9527,
    #9544,#9561,#9578,#9590,#9608,#9639,#9664,#9688,#9713,#9737,#9762,
    #9786,#9804));
#17 = ADVANCED_FACE('',(#18),#52,.T.);
#18 = FACE_BOUND('',#19,.T.);
#19 = EDGE_LOOP('',(#20,#30,#38,#46));
#20 = ORIENTED_EDGE('',*,*,#21,.F.);
#21 = EDGE_CURVE('',#22,#24,#26,.T.);
#22 = VERTEX_POINT('',#23);
#23 = CARTESIAN_POINT('',(18.224412671613,53.,75.351343699492));
#24 = VERTEX_POINT('',#25);
#25 = CARTESIAN_POINT('',(18.241065783733,53.,65.351357565809));
#26 = LINE('',#27,#28);
#27 = CARTESIAN_POINT('',(18.234858402724,53.,69.078812444821));
#28 = VECTOR('',#29,1.);
#29 = DIRECTION('',(1.665311211988E-03,0.,-0.999998613368));
#30 = ORIENTED_EDGE('',*,*,#31,.T.);
#31 = EDGE_CURVE('',#22,#32,#34,.T.);
#32 = VERTEX_POINT('',#33);
#33 = CARTESIAN_POINT('',(18.224412671613,54.,75.351343699492));
#34 = LINE('',#35,#36);
#35 = CARTESIAN_POINT('',(18.224412671613,53.,75.351343699492));
#36 = VECTOR('',#37,1.);
#37 = DIRECTION('',(0.,1.,0.));
#38 = ORIENTED_EDGE('',*,*,#39,.F.);
#39 = EDGE_CURVE('',#40,#32,#42,.T.);
#40 = VERTEX_POINT('',#41);
#41 = CARTESIAN_POINT('',(18.241065783733,54.,65.351357565809));
#42 = LINE('',#43,#44);
#43 = CARTESIAN_POINT('',(18.224412671613,54.,75.351343699492));
#44 = VECTOR('',#45,1.);
#45 = DIRECTION('',(-1.665311211988E-03,0.,0.999998613368));
#46 = ORIENTED_EDGE('',*,*,#47,.F.);
#47 = EDGE_CURVE('',#24,#40,#48,.T.);
#48 = LINE('',#49,#50);
#49 = CARTESIAN_POINT('',(18.241065783733,53.,65.351357565809));
#50 = VECTOR('',#51,1.);
#51 = DIRECTION('',(0.,1.,0.));
#52 = PLANE('',#53);
#53 = AXIS2_PLACEMENT_3D('',#54,#55,#56);
#54 = CARTESIAN_POINT('',(18.241065783733,53.,65.351357565809));
#55 = DIRECTION('',(-0.999998613368,0.,-1.665311211988E-03));
#56 = DIRECTION('',(-1.665311211988E-03,0.,0.999998613368));
#57 = ADVANCED_FACE('',(#58),#83,.T.);
#58 = FACE_BOUND('',#59,.T.);
#59 = EDGE_LOOP('',(#60,#68,#69,#77));
#60 = ORIENTED_EDGE('',*,*,#61,.F.);
#61 = EDGE_CURVE('',#24,#62,#64,.T.);
#62 = VERTEX_POINT('',#63);
#63 = CARTESIAN_POINT('',(20.23287747125,53.,65.354674556744));
#64 = LINE('',#65,#66);
#65 = CARTESIAN_POINT('',(44.128174479079,53.,65.394467717943));
#66 = VECTOR('',#67,1.);
#67 = DIRECTION('',(0.999998613368,0.,1.665311211984E-03));
#68 = ORIENTED_EDGE('',*,*,#47,.T.);
#69 = ORIENTED_EDGE('',*,*,#70,.F.);
#70 = EDGE_CURVE('',#71,#40,#73,.T.);
#71 = VERTEX_POINT('',#72);
#72 = CARTESIAN_POINT('',(20.23287747125,54.,65.354674556744));
#73 = LINE('',#74,#75);
#74 = CARTESIAN_POINT('',(18.241065783733,54.,65.351357565809));
#75 = VECTOR('',#76,1.);
#76 = DIRECTION('',(-0.999998613368,0.,-1.665311211984E-03));
#77 = ORIENTED_EDGE('',*,*,#78,.F.);
#78 = EDGE_CURVE('',#62,#71,#79,.T.);
#79 = LINE('',#80,#81);
#80 = CARTESIAN_POINT('',(20.23287747125,53.,65.354674556744));
#81 = VECTOR('',#82,1.);
#82 = DIRECTION('',(0.,1.,0.));
#83 = PLANE('',#84);
#84 = AXIS2_PLACEMENT_3D('',#85,#86,#87);
#85 = CARTESIAN_POINT('',(20.23287747125,53.,65.354674556744));
#86 = DIRECTION('',(1.665311211984E-03,0.,-0.999998613368));
#87 = DIRECTION('',(-0.999998613368,0.,-1.665311211984E-03));
#88 = ADVANCED_FACE('',(#89),#114,.T.);
#89 = FACE_BOUND('',#90,.T.);
#90 = EDGE_LOOP('',(#91,#99,#100,#108));
#91 = ORIENTED_EDGE('',*,*,#92,.F.);
#92 = EDGE_CURVE('',#62,#93,#95,.T.);
#93 = VERTEX_POINT('',#94);
#94 = CARTESIAN_POINT('',(22.58806775236,53.,72.439097690199));
#95 = LINE('',#96,#97);
#96 = CARTESIAN_POINT('',(24.915714272661,53.,79.440669065213));
#97 = VECTOR('',#98,1.);
#98 = DIRECTION('',(0.315470104246,0.,0.948935515895));
#99 = ORIENTED_EDGE('',*,*,#78,.T.);
#100 = ORIENTED_EDGE('',*,*,#101,.F.);
#101 = EDGE_CURVE('',#102,#71,#104,.T.);
#102 = VERTEX_POINT('',#103);
#103 = CARTESIAN_POINT('',(22.58806775236,54.,72.439097690199));
#104 = LINE('',#105,#106);
#105 = CARTESIAN_POINT('',(20.23287747125,54.,65.354674556744));
#106 = VECTOR('',#107,1.);
#107 = DIRECTION('',(-0.315470104246,0.,-0.948935515895));
#108 = ORIENTED_EDGE('',*,*,#109,.F.);
#109 = EDGE_CURVE('',#93,#102,#110,.T.);
#110 = LINE('',#111,#112);
#111 = CARTESIAN_POINT('',(22.58806775236,53.,72.439097690199));
#112 = VECTOR('',#113,1.);
#113 = DIRECTION('',(0.,1.,0.));
#114 = PLANE('',#115);
#115 = AXIS2_PLACEMENT_3D('',#116,#117,#118);
#116 = CARTESIAN_POINT('',(22.58806775236,53.,72.439097690199));
#117 = DIRECTION('',(0.948935515895,0.,-0.315470104246));
#118 = DIRECTION('',(-0.315470104246,0.,-0.948935515895));
#119 = ADVANCED_FACE('',(#120),#149,.T.);
#120 = FACE_BOUND('',#121,.T.);
#121 = EDGE_LOOP('',(#122,#132,#133,#143));
#122 = ORIENTED_EDGE('',*,*,#123,.F.);
#123 = EDGE_CURVE('',#93,#124,#126,.T.);
#124 = VERTEX_POINT('',#125);
#125 = CARTESIAN_POINT('',(23.063091896395,53.,73.920108382875));
#126 = B_SPLINE_CURVE_WITH_KNOTS('',3,(#127,#128,#129,#130,#131),
  .UNSPECIFIED.,.F.,.F.,(4,1,4),(0.,9.097604487873E-02,0.155534749185),
  .UNSPECIFIED.);
#127 = CARTESIAN_POINT('',(22.58806775236,53.,72.439097690199));
#128 = CARTESIAN_POINT('',(22.682838923405,53.,72.727168791872));
#129 = CARTESIAN_POINT('',(22.844861908008,53.,73.219661805893));
#130 = CARTESIAN_POINT('',(22.99907979123,53.,73.714650552447));
#131 = CARTESIAN_POINT('',(23.063091896395,53.,73.920108382875));
#132 = ORIENTED_EDGE('',*,*,#109,.T.);
#133 = ORIENTED_EDGE('',*,*,#134,.F.);
#134 = EDGE_CURVE('',#135,#102,#137,.T.);
#135 = VERTEX_POINT('',#136);
#136 = CARTESIAN_POINT('',(23.063091896395,54.,73.920108382875));
#137 = B_SPLINE_CURVE_WITH_KNOTS('',3,(#138,#139,#140,#141,#142),
  .UNSPECIFIED.,.F.,.F.,(4,1,4),(-0.155534749185,-9.097604487873E-02,0.)
  ,.UNSPECIFIED.);
#138 = CARTESIAN_POINT('',(23.063091896395,54.,73.920108382875));
#139 = CARTESIAN_POINT('',(22.99907979123,54.,73.714650552447));
#140 = CARTESIAN_POINT('',(22.844861908008,54.,73.219661805893));
#141 = CARTESIAN_POINT('',(22.682838923405,54.,72.727168791872));
#142 = CARTESIAN_POINT('',(22.58806775236,54.,72.439097690199));
#143 = ORIENTED_EDGE('',*,*,#144,.F.);
#144 = EDGE_CURVE('',#124,#135,#145,.T.);
#145 = LINE('',#146,#147);
#146 = CARTESIAN_POINT('',(23.063091896395,53.,73.920108382875));
#147 = VECTOR('',#148,1.);
#148 = DIRECTION('',(0.,1.,0.));
#149 = B_SPLINE_SURFACE_WITH_KNOTS('',3,1,(
    (#150,#151)
    ,(#152,#153)
    ,(#154,#155)
    ,(#156,#157)
    ,(#158,#159
    )),.UNSPECIFIED.,.F.,.F.,.F.,(4,1,4),(2,2),(-0.155534749185,
    -9.097604487873E-02,0.),(0.,1.E-01),.UNSPECIFIED.);
#150 = CARTESIAN_POINT('',(23.063091896395,53.,73.920108382875));
#151 = CARTESIAN_POINT('',(23.063091896395,54.,73.920108382875));
#152 = CARTESIAN_POINT('',(22.99907979123,53.,73.714650552447));
#153 = CARTESIAN_POINT('',(22.99907979123,54.,73.714650552447));
#154 = CARTESIAN_POINT('',(22.844861908008,53.,73.219661805893));
#155 = CARTESIAN_POINT('',(22.844861908008,54.,73.219661805893));
#156 = CARTESIAN_POINT('',(22.682838923405,53.,72.727168791872));
#157 = CARTESIAN_POINT('',(22.682838923405,54.,72.727168791872));
#158 = CARTESIAN_POINT('',(22.58806775236,53.,72.439097690199));
#159 = CARTESIAN_POINT('',(22.58806775236,54.,72.439097690199));
#160 = ADVANCED_FACE('',(#161),#190,.T.);
#161 = FACE_BOUND('',#162,.T.);
#162 = EDGE_LOOP('',(#163,#173,#174,#184));
#163 = ORIENTED_EDGE('',*,*,#164,.F.);
#164 = EDGE_CURVE('',#124,#165,#167,.T.);
#165 = VERTEX_POINT('',#166);
#166 = CARTESIAN_POINT('',(23.597820919303,53.,72.317995891494));
#167 = B_SPLINE_CURVE_WITH_KNOTS('',3,(#168,#169,#170,#171,#172),
  .UNSPECIFIED.,.F.,.F.,(4,1,4),(0.,7.080860207308E-02,0.168902438849),
  .UNSPECIFIED.);
#168 = CARTESIAN_POINT('',(23.063091896395,53.,73.920108382875));
#169 = CARTESIAN_POINT('',(23.135652148326,53.,73.695505052694));
#170 = CARTESIAN_POINT('',(23.308732863887,53.,73.159750227281));
#171 = CARTESIAN_POINT('',(23.491610611854,53.,72.627254558968));
#172 = CARTESIAN_POINT('',(23.597820919303,53.,72.317995891494));
#173 = ORIENTED_EDGE('',*,*,#144,.T.);
#174 = ORIENTED_EDGE('',*,*,#175,.F.);
#175 = EDGE_CURVE('',#176,#135,#178,.T.);
#176 = VERTEX_POINT('',#177);
#177 = CARTESIAN_POINT('',(23.597820919303,54.,72.317995891494));
#178 = B_SPLINE_CURVE_WITH_KNOTS('',3,(#179,#180,#181,#182,#183),
  .UNSPECIFIED.,.F.,.F.,(4,1,4),(-0.168902438849,-7.080860207308E-02,0.)
  ,.UNSPECIFIED.);
#179 = CARTESIAN_POINT('',(23.597820919303,54.,72.317995891494));
#180 = CARTESIAN_POINT('',(23.491610611854,54.,72.627254558968));
#181 = CARTESIAN_POINT('',(23.308732863887,54.,73.159750227281));
#182 = CARTESIAN_POINT('',(23.135652148326,54.,73.695505052694));
#183 = CARTESIAN_POINT('',(23.063091896395,54.,73.920108382875));
#184 = ORIENTED_EDGE('',*,*,#185,.F.);
#185 = EDGE_CURVE('',#165,#176,#186,.T.);
#186 = LINE('',#187,#188);
#187 = CARTESIAN_POINT('',(23.597820919303,53.,72.317995891494));
#188 = VECTOR('',#189,1.);
#189 = DIRECTION('',(0.,1.,0.));
#190 = B_SPLINE_SURFACE_WITH_KNOTS('',3,1,(
    (#191,#192)
    ,(#193,#194)
    ,(#195,#196)
    ,(#197,#198)
    ,(#199,#200
    )),.UNSPECIFIED.,.F.,.F.,.F.,(4,1,4),(2,2),(-0.168902438849,
    -7.080860207308E-02,0.),(0.,1.E-01),.UNSPECIFIED.);
#191 = CARTESIAN_POINT('',(23.597820919303,53.,72.317995891494));
#192 = CARTESIAN_POINT('',(23.597820919303,54.,72.317995891494));
#193 = CARTESIAN_POINT('',(23.491610611854,53.,72.627254558968));
#194 = CARTESIAN_POINT('',(23.491610611854,54.,72.627254558968));
#195 = CARTESIAN_POINT('',(23.308732863887,53.,73.159750227281));
#196 = CARTESIAN_POINT('',(23.308732863887,54.,73.159750227281));
#197 = CARTESIAN_POINT('',(23.135652148326,53.,73.695505052694));
#198 = CARTESIAN_POINT('',(23.135652148326,54.,73.695505052694));
#199 = CARTESIAN_POINT('',(23.063091896395,53.,73.920108382875));
#200 = CARTESIAN_POINT('',(23.063091896395,54.,73.920108382875));
#201 = ADVANCED_FACE('',(#202),#227,.T.);
#202 = FACE_BOUND('',#203,.T.);
#203 = EDGE_LOOP('',(#204,#212,#213,#221));
#204 = ORIENTED_EDGE('',*,*,#205,.F.);
#205 = EDGE_CURVE('',#165,#206,#208,.T.);
#206 = VERTEX_POINT('',#207);
#207 = CARTESIAN_POINT('',(26.003674053296,53.,65.36428474232));
#208 = LINE('',#209,#210);
#209 = CARTESIAN_POINT('',(27.086523589734,53.,62.234491494335));
#210 = VECTOR('',#211,1.);
#211 = DIRECTION('',(0.326964837556,0.,-0.945036504587));
#212 = ORIENTED_EDGE('',*,*,#185,.T.);
#213 = ORIENTED_EDGE('',*,*,#214,.F.);
#214 = EDGE_CURVE('',#215,#176,#217,.T.);
#215 = VERTEX_POINT('',#216);
#216 = CARTESIAN_POINT('',(26.003674053296,54.,65.36428474232));
#217 = LINE('',#218,#219);
#218 = CARTESIAN_POINT('',(23.597820919303,54.,72.317995891494));
#219 = VECTOR('',#220,1.);
#220 = DIRECTION('',(-0.326964837556,0.,0.945036504587));
#221 = ORIENTED_EDGE('',*,*,#222,.F.);
#222 = EDGE_CURVE('',#206,#215,#223,.T.);
#223 = LINE('',#224,#225);
#224 = CARTESIAN_POINT('',(26.003674053296,53.,65.36428474232));
#225 = VECTOR('',#226,1.);
#226 = DIRECTION('',(0.,1.,0.));
#227 = PLANE('',#228);
#228 = AXIS2_PLACEMENT_3D('',#229,#230,#231);
#229 = CARTESIAN_POINT('',(26.003674053296,53.,65.36428474232));
#230 = DIRECTION('',(-0.945036504587,0.,-0.326964837556));
#231 = DIRECTION('',(-0.326964837556,0.,0.945036504587));
#232 = ADVANCED_FACE('',(#233),#258,.T.);
#233 = FACE_BOUND('',#234,.T.);
#234 = EDGE_LOOP('',(#235,#243,#244,#252));
#235 = ORIENTED_EDGE('',*,*,#236,.F.);
#236 = EDGE_CURVE('',#206,#237,#239,.T.);
#237 = VERTEX_POINT('',#238);
#238 = CARTESIAN_POINT('',(27.784026561253,53.,65.367249587424));
#239 = LINE('',#240,#241);
#240 = CARTESIAN_POINT('',(47.903749024081,53.,65.400755233283));
#241 = VECTOR('',#242,1.);
#242 = DIRECTION('',(0.999998613368,0.,1.665311211988E-03));
#243 = ORIENTED_EDGE('',*,*,#222,.T.);
#244 = ORIENTED_EDGE('',*,*,#245,.F.);
#245 = EDGE_CURVE('',#246,#215,#248,.T.);
#246 = VERTEX_POINT('',#247);
#247 = CARTESIAN_POINT('',(27.784026561253,54.,65.367249587424));
#248 = LINE('',#249,#250);
#249 = CARTESIAN_POINT('',(26.003674053296,54.,65.36428474232));
#250 = VECTOR('',#251,1.);
#251 = DIRECTION('',(-0.999998613368,0.,-1.665311211988E-03));
#252 = ORIENTED_EDGE('',*,*,#253,.F.);
#253 = EDGE_CURVE('',#237,#246,#254,.T.);
#254 = LINE('',#255,#256);
#255 = CARTESIAN_POINT('',(27.784026561253,53.,65.367249587424));
#256 = VECTOR('',#257,1.);
#257 = DIRECTION('',(0.,1.,0.));
#258 = PLANE('',#259);
#259 = AXIS2_PLACEMENT_3D('',#260,#261,#262);
#260 = CARTESIAN_POINT('',(27.784026561253,53.,65.367249587424));
#261 = DIRECTION('',(1.665311211988E-03,0.,-0.999998613368));
#262 = DIRECTION('',(-0.999998613368,0.,-1.665311211988E-03));
#263 = ADVANCED_FACE('',(#264),#289,.T.);
#264 = FACE_BOUND('',#265,.T.);
#265 = EDGE_LOOP('',(#266,#274,#275,#283));
#266 = ORIENTED_EDGE('',*,*,#267,.F.);
#267 = EDGE_CURVE('',#237,#268,#270,.T.);
#268 = VERTEX_POINT('',#269);
#269 = CARTESIAN_POINT('',(27.767373449133,53.,75.367235721107));
#270 = LINE('',#271,#272);
#271 = CARTESIAN_POINT('',(27.769492624183,53.,74.094697533278));
#272 = VECTOR('',#273,1.);
#273 = DIRECTION('',(-1.665311211988E-03,0.,0.999998613368));
#274 = ORIENTED_EDGE('',*,*,#253,.T.);
#275 = ORIENTED_EDGE('',*,*,#276,.F.);
#276 = EDGE_CURVE('',#277,#246,#279,.T.);
#277 = VERTEX_POINT('',#278);
#278 = CARTESIAN_POINT('',(27.767373449133,54.,75.367235721107));
#279 = LINE('',#280,#281);
#280 = CARTESIAN_POINT('',(27.784026561253,54.,65.367249587424));
#281 = VECTOR('',#282,1.);
#282 = DIRECTION('',(1.665311211988E-03,0.,-0.999998613368));
#283 = ORIENTED_EDGE('',*,*,#284,.F.);
#284 = EDGE_CURVE('',#268,#277,#285,.T.);
#285 = LINE('',#286,#287);
#286 = CARTESIAN_POINT('',(27.767373449133,53.,75.367235721107));
#287 = VECTOR('',#288,1.);
#288 = DIRECTION('',(0.,1.,0.));
#289 = PLANE('',#290);
#290 = AXIS2_PLACEMENT_3D('',#291,#292,#293);
#291 = CARTESIAN_POINT('',(27.767373449133,53.,75.367235721107));
#292 = DIRECTION('',(0.999998613368,0.,1.665311211988E-03));
#293 = DIRECTION('',(1.665311211988E-03,0.,-0.999998613368));
#294 = ADVANCED_FACE('',(#295),#320,.T.);
#295 = FACE_BOUND('',#296,.T.);
#296 = EDGE_LOOP('',(#297,#305,#306,#314));
#297 = ORIENTED_EDGE('',*,*,#298,.F.);
#298 = EDGE_CURVE('',#268,#299,#301,.T.);
#299 = VERTEX_POINT('',#300);
#300 = CARTESIAN_POINT('',(26.491795288541,53.,75.365111483549));
#301 = LINE('',#302,#303);
#302 = CARTESIAN_POINT('',(47.249306831665,53.,75.399679248187));
#303 = VECTOR('',#304,1.);
#304 = DIRECTION('',(-0.999998613368,0.,-1.66531121199E-03));
#305 = ORIENTED_EDGE('',*,*,#284,.T.);
#306 = ORIENTED_EDGE('',*,*,#307,.F.);
#307 = EDGE_CURVE('',#308,#277,#310,.T.);
#308 = VERTEX_POINT('',#309);
#309 = CARTESIAN_POINT('',(26.491795288541,54.,75.365111483549));
#310 = LINE('',#311,#312);
#311 = CARTESIAN_POINT('',(27.767373449133,54.,75.367235721107));
#312 = VECTOR('',#313,1.);
#313 = DIRECTION('',(0.999998613368,0.,1.66531121199E-03));
#314 = ORIENTED_EDGE('',*,*,#315,.F.);
#315 = EDGE_CURVE('',#299,#308,#316,.T.);
#316 = LINE('',#317,#318);
#317 = CARTESIAN_POINT('',(26.491795288541,53.,75.365111483549));
#318 = VECTOR('',#319,1.);
#319 = DIRECTION('',(0.,1.,0.));
#320 = PLANE('',#321);
#321 = AXIS2_PLACEMENT_3D('',#322,#323,#324);
#322 = CARTESIAN_POINT('',(26.491795288541,53.,75.365111483549));
#323 = DIRECTION('',(-1.66531121199E-03,0.,0.999998613368));
#324 = DIRECTION('',(0.999998613368,0.,1.66531121199E-03));
#325 = ADVANCED_FACE('',(#326),#351,.T.);
#326 = FACE_BOUND('',#327,.T.);
#327 = EDGE_LOOP('',(#328,#336,#337,#345));
#328 = ORIENTED_EDGE('',*,*,#329,.F.);
#329 = EDGE_CURVE('',#299,#330,#332,.T.);
#330 = VERTEX_POINT('',#331);
#331 = CARTESIAN_POINT('',(26.50573346615,53.,66.995409663622));
#332 = LINE('',#333,#334);
#333 = CARTESIAN_POINT('',(26.500883552396,53.,69.907722385757));
#334 = VECTOR('',#335,1.);
#335 = DIRECTION('',(1.665311211988E-03,0.,-0.999998613368));
#336 = ORIENTED_EDGE('',*,*,#315,.T.);
#337 = ORIENTED_EDGE('',*,*,#338,.F.);
#338 = EDGE_CURVE('',#339,#308,#341,.T.);
#339 = VERTEX_POINT('',#340);
#340 = CARTESIAN_POINT('',(26.50573346615,54.,66.995409663622));
#341 = LINE('',#342,#343);
#342 = CARTESIAN_POINT('',(26.491795288541,54.,75.365111483549));
#343 = VECTOR('',#344,1.);
#344 = DIRECTION('',(-1.665311211988E-03,0.,0.999998613368));
#345 = ORIENTED_EDGE('',*,*,#346,.F.);
#346 = EDGE_CURVE('',#330,#339,#347,.T.);
#347 = LINE('',#348,#349);
#348 = CARTESIAN_POINT('',(26.50573346615,53.,66.995409663622));
#349 = VECTOR('',#350,1.);
#350 = DIRECTION('',(0.,1.,0.));
#351 = PLANE('',#352);
#352 = AXIS2_PLACEMENT_3D('',#353,#354,#355);
#353 = CARTESIAN_POINT('',(26.50573346615,53.,66.995409663622));
#354 = DIRECTION('',(-0.999998613368,0.,-1.665311211988E-03));
#355 = DIRECTION('',(-1.665311211988E-03,0.,0.999998613368));
#356 = ADVANCED_FACE('',(#357),#382,.T.);
#357 = FACE_BOUND('',#358,.T.);
#358 = EDGE_LOOP('',(#359,#367,#368,#376));
#359 = ORIENTED_EDGE('',*,*,#360,.F.);
#360 = EDGE_CURVE('',#330,#361,#363,.T.);
#361 = VERTEX_POINT('',#362);
#362 = CARTESIAN_POINT('',(23.585932814192,53.,75.36027231148));
#363 = LINE('',#364,#365);
#364 = CARTESIAN_POINT('',(26.382809539638,53.,67.347571295175));
#365 = VECTOR('',#366,1.);
#366 = DIRECTION('',(-0.329555821049,0.,0.944136092315));
#367 = ORIENTED_EDGE('',*,*,#346,.T.);
#368 = ORIENTED_EDGE('',*,*,#369,.F.);
#369 = EDGE_CURVE('',#370,#339,#372,.T.);
#370 = VERTEX_POINT('',#371);
#371 = CARTESIAN_POINT('',(23.585932814192,54.,75.36027231148));
#372 = LINE('',#373,#374);
#373 = CARTESIAN_POINT('',(26.50573346615,54.,66.995409663622));
#374 = VECTOR('',#375,1.);
#375 = DIRECTION('',(0.329555821049,0.,-0.944136092315));
#376 = ORIENTED_EDGE('',*,*,#377,.F.);
#377 = EDGE_CURVE('',#361,#370,#378,.T.);
#378 = LINE('',#379,#380);
#379 = CARTESIAN_POINT('',(23.585932814192,53.,75.36027231148));
#380 = VECTOR('',#381,1.);
#381 = DIRECTION('',(0.,1.,0.));
#382 = PLANE('',#383);
#383 = AXIS2_PLACEMENT_3D('',#384,#385,#386);
#384 = CARTESIAN_POINT('',(23.585932814192,53.,75.36027231148));
#385 = DIRECTION('',(0.944136092315,0.,0.329555821049));
#386 = DIRECTION('',(0.329555821049,0.,-0.944136092315));
#387 = ADVANCED_FACE('',(#388),#413,.T.);
#388 = FACE_BOUND('',#389,.T.);
#389 = EDGE_LOOP('',(#390,#398,#399,#407));
#390 = ORIENTED_EDGE('',*,*,#391,.F.);
#391 = EDGE_CURVE('',#361,#392,#394,.T.);
#392 = VERTEX_POINT('',#393);
#393 = CARTESIAN_POINT('',(22.392210194812,53.,75.358284389061));
#394 = LINE('',#395,#396);
#395 = CARTESIAN_POINT('',(45.1995142848,53.,75.396265700943));
#396 = VECTOR('',#397,1.);
#397 = DIRECTION('',(-0.999998613368,0.,-1.665311211987E-03));
#398 = ORIENTED_EDGE('',*,*,#377,.T.);
#399 = ORIENTED_EDGE('',*,*,#400,.F.);
#400 = EDGE_CURVE('',#401,#370,#403,.T.);
#401 = VERTEX_POINT('',#402);
#402 = CARTESIAN_POINT('',(22.392210194812,54.,75.358284389061));
#403 = LINE('',#404,#405);
#404 = CARTESIAN_POINT('',(23.585932814192,54.,75.36027231148));
#405 = VECTOR('',#406,1.);
#406 = DIRECTION('',(0.999998613368,0.,1.665311211987E-03));
#407 = ORIENTED_EDGE('',*,*,#408,.F.);
#408 = EDGE_CURVE('',#392,#401,#409,.T.);
#409 = LINE('',#410,#411);
#410 = CARTESIAN_POINT('',(22.392210194812,53.,75.358284389061));
#411 = VECTOR('',#412,1.);
#412 = DIRECTION('',(0.,1.,0.));
#413 = PLANE('',#414);
#414 = AXIS2_PLACEMENT_3D('',#415,#416,#417);
#415 = CARTESIAN_POINT('',(22.392210194812,53.,75.358284389061));
#416 = DIRECTION('',(-1.665311211987E-03,0.,0.999998613368));
#417 = DIRECTION('',(0.999998613368,0.,1.665311211987E-03));
#418 = ADVANCED_FACE('',(#419),#444,.T.);
#419 = FACE_BOUND('',#420,.T.);
#420 = EDGE_LOOP('',(#421,#429,#430,#438));
#421 = ORIENTED_EDGE('',*,*,#422,.F.);
#422 = EDGE_CURVE('',#392,#423,#425,.T.);
#423 = VERTEX_POINT('',#424);
#424 = CARTESIAN_POINT('',(19.514167337543,53.,66.84051906864));
#425 = LINE('',#426,#427);
#426 = CARTESIAN_POINT('',(22.91605139527,53.,76.90862836653));
#427 = VECTOR('',#428,1.);
#428 = DIRECTION('',(-0.320107838234,0.,-0.947381112278));
#429 = ORIENTED_EDGE('',*,*,#408,.T.);
#430 = ORIENTED_EDGE('',*,*,#431,.F.);
#431 = EDGE_CURVE('',#432,#401,#434,.T.);
#432 = VERTEX_POINT('',#433);
#433 = CARTESIAN_POINT('',(19.514167337543,54.,66.84051906864));
#434 = LINE('',#435,#436);
#435 = CARTESIAN_POINT('',(22.392210194812,54.,75.358284389061));
#436 = VECTOR('',#437,1.);
#437 = DIRECTION('',(0.320107838234,0.,0.947381112278));
#438 = ORIENTED_EDGE('',*,*,#439,.F.);
#439 = EDGE_CURVE('',#423,#432,#440,.T.);
#440 = LINE('',#441,#442);
#441 = CARTESIAN_POINT('',(19.514167337543,53.,66.84051906864));
#442 = VECTOR('',#443,1.);
#443 = DIRECTION('',(0.,1.,0.));
#444 = PLANE('',#445);
#445 = AXIS2_PLACEMENT_3D('',#446,#447,#448);
#446 = CARTESIAN_POINT('',(19.514167337543,53.,66.84051906864));
#447 = DIRECTION('',(-0.947381112278,0.,0.320107838234));
#448 = DIRECTION('',(0.320107838234,0.,0.947381112278));
#449 = ADVANCED_FACE('',(#450),#475,.T.);
#450 = FACE_BOUND('',#451,.T.);
#451 = EDGE_LOOP('',(#452,#460,#461,#469));
#452 = ORIENTED_EDGE('',*,*,#453,.F.);
#453 = EDGE_CURVE('',#423,#454,#456,.T.);
#454 = VERTEX_POINT('',#455);
#455 = CARTESIAN_POINT('',(19.499990608688,53.,75.353467936678));
#456 = LINE('',#457,#458);
#457 = CARTESIAN_POINT('',(19.502109783739,53.,74.080929748849));
#458 = VECTOR('',#459,1.);
#459 = DIRECTION('',(-1.665311211988E-03,0.,0.999998613368));
#460 = ORIENTED_EDGE('',*,*,#439,.T.);
#461 = ORIENTED_EDGE('',*,*,#462,.F.);
#462 = EDGE_CURVE('',#463,#432,#465,.T.);
#463 = VERTEX_POINT('',#464);
#464 = CARTESIAN_POINT('',(19.499990608688,54.,75.353467936678));
#465 = LINE('',#466,#467);
#466 = CARTESIAN_POINT('',(19.514167337543,54.,66.84051906864));
#467 = VECTOR('',#468,1.);
#468 = DIRECTION('',(1.665311211988E-03,0.,-0.999998613368));
#469 = ORIENTED_EDGE('',*,*,#470,.F.);
#470 = EDGE_CURVE('',#454,#463,#471,.T.);
#471 = LINE('',#472,#473);
#472 = CARTESIAN_POINT('',(19.499990608688,53.,75.353467936678));
#473 = VECTOR('',#474,1.);
#474 = DIRECTION('',(0.,1.,0.));
#475 = PLANE('',#476);
#476 = AXIS2_PLACEMENT_3D('',#477,#478,#479);
#477 = CARTESIAN_POINT('',(19.499990608688,53.,75.353467936678));
#478 = DIRECTION('',(0.999998613368,0.,1.665311211988E-03));
#479 = DIRECTION('',(1.665311211988E-03,0.,-0.999998613368));
#480 = ADVANCED_FACE('',(#481),#497,.T.);
#481 = FACE_BOUND('',#482,.T.);
#482 = EDGE_LOOP('',(#483,#489,#490,#496));
#483 = ORIENTED_EDGE('',*,*,#484,.F.);
#484 = EDGE_CURVE('',#454,#22,#485,.T.);
#485 = LINE('',#486,#487);
#486 = CARTESIAN_POINT('',(43.115615523201,53.,75.392795356159));
#487 = VECTOR('',#488,1.);
#488 = DIRECTION('',(-0.999998613368,0.,-1.665311211989E-03));
#489 = ORIENTED_EDGE('',*,*,#470,.T.);
#490 = ORIENTED_EDGE('',*,*,#491,.F.);
#491 = EDGE_CURVE('',#32,#463,#492,.T.);
#492 = LINE('',#493,#494);
#493 = CARTESIAN_POINT('',(19.499990608688,54.,75.353467936678));
#494 = VECTOR('',#495,1.);
#495 = DIRECTION('',(0.999998613368,0.,1.665311211989E-03));
#496 = ORIENTED_EDGE('',*,*,#31,.F.);
#497 = PLANE('',#498);
#498 = AXIS2_PLACEMENT_3D('',#499,#500,#501);
#499 = CARTESIAN_POINT('',(18.224412671613,53.,75.351343699492));
#500 = DIRECTION('',(-1.665311211989E-03,0.,0.999998613368));
#501 = DIRECTION('',(0.999998613368,0.,1.665311211989E-03));
#502 = ADVANCED_FACE('',(#503),#520,.T.);
#503 = FACE_BOUND('',#504,.T.);
#504 = EDGE_LOOP('',(#505,#506,#507,#508,#509,#510,#511,#512,#513,#514,
    #515,#516,#517,#518,#519));
#505 = ORIENTED_EDGE('',*,*,#491,.T.);
#506 = ORIENTED_EDGE('',*,*,#462,.T.);
#507 = ORIENTED_EDGE('',*,*,#431,.T.);
#508 = ORIENTED_EDGE('',*,*,#400,.T.);
#509 = ORIENTED_EDGE('',*,*,#369,.T.);
#510 = ORIENTED_EDGE('',*,*,#338,.T.);
#511 = ORIENTED_EDGE('',*,*,#307,.T.);
#512 = ORIENTED_EDGE('',*,*,#276,.T.);
#513 = ORIENTED_EDGE('',*,*,#245,.T.);
#514 = ORIENTED_EDGE('',*,*,#214,.T.);
#515 = ORIENTED_EDGE('',*,*,#175,.T.);
#516 = ORIENTED_EDGE('',*,*,#134,.T.);
#517 = ORIENTED_EDGE('',*,*,#101,.T.);
#518 = ORIENTED_EDGE('',*,*,#70,.T.);
#519 = ORIENTED_EDGE('',*,*,#39,.T.);
#520 = PLANE('',#521);
#521 = AXIS2_PLACEMENT_3D('',#522,#523,#524);
#522 = CARTESIAN_POINT('',(70.398423006811,54.,71.860650462761));
#523 = DIRECTION('',(0.,1.,0.));
#524 = DIRECTION('',(-1.,0.,0.));
#525 = ADVANCED_FACE('',(#526),#564,.T.);
#526 = FACE_BOUND('',#527,.T.);
#527 = EDGE_LOOP('',(#528,#540,#548,#558));
#528 = ORIENTED_EDGE('',*,*,#529,.F.);
#529 = EDGE_CURVE('',#530,#532,#534,.T.);
#530 = VERTEX_POINT('',#531);
#531 = CARTESIAN_POINT('',(38.339546004047,53.,71.769556300156));
#532 = VERTEX_POINT('',#533);
#533 = CARTESIAN_POINT('',(38.922709438199,53.,73.851022116222));
#534 = B_SPLINE_CURVE_WITH_KNOTS('',3,(#535,#536,#537,#538,#539),
  .UNSPECIFIED.,.F.,.F.,(4,1,4),(0.,0.122470708826,0.219481170838),
  .UNSPECIFIED.);
#535 = CARTESIAN_POINT('',(38.339546004047,53.,71.769556300156));
#536 = CARTESIAN_POINT('',(38.349721157161,53.,72.186439663062));
#537 = CARTESIAN_POINT('',(38.367956166496,53.,72.933541149373));
#538 = CARTESIAN_POINT('',(38.752667435174,53.,73.5697974542));
#539 = CARTESIAN_POINT('',(38.922709438199,53.,73.851022116222));
#540 = ORIENTED_EDGE('',*,*,#541,.T.);
#541 = EDGE_CURVE('',#530,#542,#544,.T.);
#542 = VERTEX_POINT('',#543);
#543 = CARTESIAN_POINT('',(38.339546004047,54.,71.769556300156));
#544 = LINE('',#545,#546);
#545 = CARTESIAN_POINT('',(38.339546004047,53.,71.769556300156));
#546 = VECTOR('',#547,1.);
#547 = DIRECTION('',(0.,1.,0.));
#548 = ORIENTED_EDGE('',*,*,#549,.F.);
#549 = EDGE_CURVE('',#550,#542,#552,.T.);
#550 = VERTEX_POINT('',#551);
#551 = CARTESIAN_POINT('',(38.922709438199,54.,73.851022116222));
#552 = B_SPLINE_CURVE_WITH_KNOTS('',3,(#553,#554,#555,#556,#557),
  .UNSPECIFIED.,.F.,.F.,(4,1,4),(-0.219481170838,-0.122470708826,0.),
  .UNSPECIFIED.);
#553 = CARTESIAN_POINT('',(38.922709438199,54.,73.851022116222));
#554 = CARTESIAN_POINT('',(38.752667435174,54.,73.5697974542));
#555 = CARTESIAN_POINT('',(38.367956166496,54.,72.933541149373));
#556 = CARTESIAN_POINT('',(38.349721157161,54.,72.186439663062));
#557 = CARTESIAN_POINT('',(38.339546004047,54.,71.769556300156));
#558 = ORIENTED_EDGE('',*,*,#559,.F.);
#559 = EDGE_CURVE('',#532,#550,#560,.T.);
#560 = LINE('',#561,#562);
#561 = CARTESIAN_POINT('',(38.922709438199,53.,73.851022116222));
#562 = VECTOR('',#563,1.);
#563 = DIRECTION('',(0.,1.,0.));
#564 = B_SPLINE_SURFACE_WITH_KNOTS('',3,1,(
    (#565,#566)
    ,(#567,#568)
    ,(#569,#570)
    ,(#571,#572)
    ,(#573,#574
    )),.UNSPECIFIED.,.F.,.F.,.F.,(4,1,4),(2,2),(-0.219481170838,
    -0.122470708826,0.),(0.,1.E-01),.UNSPECIFIED.);
#565 = CARTESIAN_POINT('',(38.922709438199,53.,73.851022116222));
#566 = CARTESIAN_POINT('',(38.922709438199,54.,73.851022116222));
#567 = CARTESIAN_POINT('',(38.752667435174,53.,73.5697974542));
#568 = CARTESIAN_POINT('',(38.752667435174,54.,73.5697974542));
#569 = CARTESIAN_POINT('',(38.367956166496,53.,72.933541149373));
#570 = CARTESIAN_POINT('',(38.367956166496,54.,72.933541149373));
#571 = CARTESIAN_POINT('',(38.349721157161,53.,72.186439663062));
#572 = CARTESIAN_POINT('',(38.349721157161,54.,72.186439663062));
#573 = CARTESIAN_POINT('',(38.339546004047,53.,71.769556300156));
#574 = CARTESIAN_POINT('',(38.339546004047,54.,71.769556300156));
#575 = ADVANCED_FACE('',(#576),#605,.T.);
#576 = FACE_BOUND('',#577,.T.);
#577 = EDGE_LOOP('',(#578,#588,#589,#599));
#578 = ORIENTED_EDGE('',*,*,#579,.F.);
#579 = EDGE_CURVE('',#532,#580,#582,.T.);
#580 = VERTEX_POINT('',#581);
#581 = CARTESIAN_POINT('',(40.306281004543,53.,74.542276975359));
#582 = B_SPLINE_CURVE_WITH_KNOTS('',3,(#583,#584,#585,#586,#587),
  .UNSPECIFIED.,.F.,.F.,(4,1,4),(0.,8.221599117055E-02,0.158702974943),
  .UNSPECIFIED.);
#583 = CARTESIAN_POINT('',(38.922709438199,53.,73.851022116222));
#584 = CARTESIAN_POINT('',(39.12159165357,53.,74.052219829198));
#585 = CARTESIAN_POINT('',(39.505497494675,53.,74.440595316088));
#586 = CARTESIAN_POINT('',(40.045855280337,53.,74.509208712305));
#587 = CARTESIAN_POINT('',(40.306281004543,53.,74.542276975359));
#588 = ORIENTED_EDGE('',*,*,#559,.T.);
#589 = ORIENTED_EDGE('',*,*,#590,.F.);
#590 = EDGE_CURVE('',#591,#550,#593,.T.);
#591 = VERTEX_POINT('',#592);
#592 = CARTESIAN_POINT('',(40.306281004543,54.,74.542276975359));
#593 = B_SPLINE_CURVE_WITH_KNOTS('',3,(#594,#595,#596,#597,#598),
  .UNSPECIFIED.,.F.,.F.,(4,1,4),(-0.158702974943,-8.221599117055E-02,0.)
  ,.UNSPECIFIED.);
#594 = CARTESIAN_POINT('',(40.306281004543,54.,74.542276975359));
#595 = CARTESIAN_POINT('',(40.045855280337,54.,74.509208712305));
#596 = CARTESIAN_POINT('',(39.505497494675,54.,74.440595316088));
#597 = CARTESIAN_POINT('',(39.12159165357,54.,74.052219829198));
#598 = CARTESIAN_POINT('',(38.922709438199,54.,73.851022116222));
#599 = ORIENTED_EDGE('',*,*,#600,.F.);
#600 = EDGE_CURVE('',#580,#591,#601,.T.);
#601 = LINE('',#602,#603);
#602 = CARTESIAN_POINT('',(40.306281004543,53.,74.542276975359));
#603 = VECTOR('',#604,1.);
#604 = DIRECTION('',(0.,1.,0.));
#605 = B_SPLINE_SURFACE_WITH_KNOTS('',3,1,(
    (#606,#607)
    ,(#608,#609)
    ,(#610,#611)
    ,(#612,#613)
    ,(#614,#615
    )),.UNSPECIFIED.,.F.,.F.,.F.,(4,1,4),(2,2),(-0.158702974943,
    -8.221599117055E-02,0.),(0.,1.E-01),.UNSPECIFIED.);
#606 = CARTESIAN_POINT('',(40.306281004543,53.,74.542276975359));
#607 = CARTESIAN_POINT('',(40.306281004543,54.,74.542276975359));
#608 = CARTESIAN_POINT('',(40.045855280337,53.,74.509208712305));
#609 = CARTESIAN_POINT('',(40.045855280337,54.,74.509208712305));
#610 = CARTESIAN_POINT('',(39.505497494675,53.,74.440595316088));
#611 = CARTESIAN_POINT('',(39.505497494675,54.,74.440595316088));
#612 = CARTESIAN_POINT('',(39.12159165357,53.,74.052219829198));
#613 = CARTESIAN_POINT('',(39.12159165357,54.,74.052219829198));
#614 = CARTESIAN_POINT('',(38.922709438199,53.,73.851022116222));
#615 = CARTESIAN_POINT('',(38.922709438199,54.,73.851022116222));
#616 = ADVANCED_FACE('',(#617),#646,.T.);
#617 = FACE_BOUND('',#618,.T.);
#618 = EDGE_LOOP('',(#619,#629,#630,#640));
#619 = ORIENTED_EDGE('',*,*,#620,.F.);
#620 = EDGE_CURVE('',#580,#621,#623,.T.);
#621 = VERTEX_POINT('',#622);
#622 = CARTESIAN_POINT('',(41.675042028241,53.,73.886300855428));
#623 = B_SPLINE_CURVE_WITH_KNOTS('',3,(#624,#625,#626,#627,#628),
  .UNSPECIFIED.,.F.,.F.,(4,1,4),(0.,7.623473935996E-02,0.155747306875),
  .UNSPECIFIED.);
#624 = CARTESIAN_POINT('',(40.306281004543,53.,74.542276975359));
#625 = CARTESIAN_POINT('',(40.566428520262,53.,74.513045355659));
#626 = CARTESIAN_POINT('',(41.0979089884,53.,74.453325258468));
#627 = CARTESIAN_POINT('',(41.479983989065,53.,74.077942401808));
#628 = CARTESIAN_POINT('',(41.675042028241,53.,73.886300855428));
#629 = ORIENTED_EDGE('',*,*,#600,.T.);
#630 = ORIENTED_EDGE('',*,*,#631,.F.);
#631 = EDGE_CURVE('',#632,#591,#634,.T.);
#632 = VERTEX_POINT('',#633);
#633 = CARTESIAN_POINT('',(41.675042028241,54.,73.886300855428));
#634 = B_SPLINE_CURVE_WITH_KNOTS('',3,(#635,#636,#637,#638,#639),
  .UNSPECIFIED.,.F.,.F.,(4,1,4),(-0.155747306875,-7.623473935996E-02,0.)
  ,.UNSPECIFIED.);
#635 = CARTESIAN_POINT('',(41.675042028241,54.,73.886300855428));
#636 = CARTESIAN_POINT('',(41.479983989065,54.,74.077942401808));
#637 = CARTESIAN_POINT('',(41.0979089884,54.,74.453325258468));
#638 = CARTESIAN_POINT('',(40.566428520262,54.,74.513045355659));
#639 = CARTESIAN_POINT('',(40.306281004543,54.,74.542276975359));
#640 = ORIENTED_EDGE('',*,*,#641,.F.);
#641 = EDGE_CURVE('',#621,#632,#642,.T.);
#642 = LINE('',#643,#644);
#643 = CARTESIAN_POINT('',(41.675042028241,53.,73.886300855428));
#644 = VECTOR('',#645,1.);
#645 = DIRECTION('',(0.,1.,0.));
#646 = B_SPLINE_SURFACE_WITH_KNOTS('',3,1,(
    (#647,#648)
    ,(#649,#650)
    ,(#651,#652)
    ,(#653,#654)
    ,(#655,#656
    )),.UNSPECIFIED.,.F.,.F.,.F.,(4,1,4),(2,2),(-0.155747306875,
    -7.623473935996E-02,0.),(0.,1.E-01),.UNSPECIFIED.);
#647 = CARTESIAN_POINT('',(41.675042028241,53.,73.886300855428));
#648 = CARTESIAN_POINT('',(41.675042028241,54.,73.886300855428));
#649 = CARTESIAN_POINT('',(41.479983989065,53.,74.077942401808));
#650 = CARTESIAN_POINT('',(41.479983989065,54.,74.077942401808));
#651 = CARTESIAN_POINT('',(41.0979089884,53.,74.453325258468));
#652 = CARTESIAN_POINT('',(41.0979089884,54.,74.453325258468));
#653 = CARTESIAN_POINT('',(40.566428520262,53.,74.513045355659));
#654 = CARTESIAN_POINT('',(40.566428520262,54.,74.513045355659));
#655 = CARTESIAN_POINT('',(40.306281004543,53.,74.542276975359));
#656 = CARTESIAN_POINT('',(40.306281004543,54.,74.542276975359));
#657 = ADVANCED_FACE('',(#658),#687,.T.);
#658 = FACE_BOUND('',#659,.T.);
#659 = EDGE_LOOP('',(#660,#670,#671,#681));
#660 = ORIENTED_EDGE('',*,*,#661,.F.);
#661 = EDGE_CURVE('',#621,#662,#664,.T.);
#662 = VERTEX_POINT('',#663);
#663 = CARTESIAN_POINT('',(42.241142698638,53.,71.878373541172));
#664 = B_SPLINE_CURVE_WITH_KNOTS('',3,(#665,#666,#667,#668,#669),
  .UNSPECIFIED.,.F.,.F.,(4,1,4),(0.,9.323487293866E-02,0.211824668768),
  .UNSPECIFIED.);
#665 = CARTESIAN_POINT('',(41.675042028241,53.,73.886300855428));
#666 = CARTESIAN_POINT('',(41.839029129555,53.,73.61638539895));
#667 = CARTESIAN_POINT('',(42.211599095309,53.,73.003151848436));
#668 = CARTESIAN_POINT('',(42.23053913777,53.,72.282070243658));
#669 = CARTESIAN_POINT('',(42.241142698638,53.,71.878373541172));
#670 = ORIENTED_EDGE('',*,*,#641,.T.);
#671 = ORIENTED_EDGE('',*,*,#672,.F.);
#672 = EDGE_CURVE('',#673,#632,#675,.T.);
#673 = VERTEX_POINT('',#674);
#674 = CARTESIAN_POINT('',(42.241142698638,54.,71.878373541172));
#675 = B_SPLINE_CURVE_WITH_KNOTS('',3,(#676,#677,#678,#679,#680),
  .UNSPECIFIED.,.F.,.F.,(4,1,4),(-0.211824668768,-9.323487293866E-02,0.)
  ,.UNSPECIFIED.);
#676 = CARTESIAN_POINT('',(42.241142698638,54.,71.878373541172));
#677 = CARTESIAN_POINT('',(42.23053913777,54.,72.282070243658));
#678 = CARTESIAN_POINT('',(42.211599095309,54.,73.003151848436));
#679 = CARTESIAN_POINT('',(41.839029129555,54.,73.61638539895));
#680 = CARTESIAN_POINT('',(41.675042028241,54.,73.886300855428));
#681 = ORIENTED_EDGE('',*,*,#682,.F.);
#682 = EDGE_CURVE('',#662,#673,#683,.T.);
#683 = LINE('',#684,#685);
#684 = CARTESIAN_POINT('',(42.241142698638,53.,71.878373541172));
#685 = VECTOR('',#686,1.);
#686 = DIRECTION('',(0.,1.,0.));
#687 = B_SPLINE_SURFACE_WITH_KNOTS('',3,1,(
    (#688,#689)
    ,(#690,#691)
    ,(#692,#693)
    ,(#694,#695)
    ,(#696,#697
    )),.UNSPECIFIED.,.F.,.F.,.F.,(4,1,4),(2,2),(-0.211824668768,
    -9.323487293866E-02,0.),(0.,1.E-01),.UNSPECIFIED.);
#688 = CARTESIAN_POINT('',(42.241142698638,53.,71.878373541172));
#689 = CARTESIAN_POINT('',(42.241142698638,54.,71.878373541172));
#690 = CARTESIAN_POINT('',(42.23053913777,53.,72.282070243658));
#691 = CARTESIAN_POINT('',(42.23053913777,54.,72.282070243658));
#692 = CARTESIAN_POINT('',(42.211599095309,53.,73.003151848436));
#693 = CARTESIAN_POINT('',(42.211599095309,54.,73.003151848436));
#694 = CARTESIAN_POINT('',(41.839029129555,53.,73.61638539895));
#695 = CARTESIAN_POINT('',(41.839029129555,54.,73.61638539895));
#696 = CARTESIAN_POINT('',(41.675042028241,53.,73.886300855428));
#697 = CARTESIAN_POINT('',(41.675042028241,54.,73.886300855428));
#698 = ADVANCED_FACE('',(#699),#728,.T.);
#699 = FACE_BOUND('',#700,.T.);
#700 = EDGE_LOOP('',(#701,#711,#712,#722));
#701 = ORIENTED_EDGE('',*,*,#702,.F.);
#702 = EDGE_CURVE('',#662,#703,#705,.T.);
#703 = VERTEX_POINT('',#704);
#704 = CARTESIAN_POINT('',(41.671791949846,53.,69.694611464318));
#705 = B_SPLINE_CURVE_WITH_KNOTS('',3,(#706,#707,#708,#709,#710),
  .UNSPECIFIED.,.F.,.F.,(4,1,4),(0.,0.12971565538,0.228870890154),
  .UNSPECIFIED.);
#706 = CARTESIAN_POINT('',(42.241142698638,53.,71.878373541172));
#707 = CARTESIAN_POINT('',(42.233701942457,53.,71.437263171861));
#708 = CARTESIAN_POINT('',(42.220573438535,53.,70.658966037376));
#709 = CARTESIAN_POINT('',(41.837676777959,53.,69.986115088054));
#710 = CARTESIAN_POINT('',(41.671791949846,53.,69.694611464318));
#711 = ORIENTED_EDGE('',*,*,#682,.T.);
#712 = ORIENTED_EDGE('',*,*,#713,.F.);
#713 = EDGE_CURVE('',#714,#673,#716,.T.);
#714 = VERTEX_POINT('',#715);
#715 = CARTESIAN_POINT('',(41.671791949846,54.,69.694611464318));
#716 = B_SPLINE_CURVE_WITH_KNOTS('',3,(#717,#718,#719,#720,#721),
  .UNSPECIFIED.,.F.,.F.,(4,1,4),(-0.228870890154,-0.12971565538,0.),
  .UNSPECIFIED.);
#717 = CARTESIAN_POINT('',(41.671791949846,54.,69.694611464318));
#718 = CARTESIAN_POINT('',(41.837676777959,54.,69.986115088054));
#719 = CARTESIAN_POINT('',(42.220573438535,54.,70.658966037376));
#720 = CARTESIAN_POINT('',(42.233701942457,54.,71.437263171861));
#721 = CARTESIAN_POINT('',(42.241142698638,54.,71.878373541172));
#722 = ORIENTED_EDGE('',*,*,#723,.F.);
#723 = EDGE_CURVE('',#703,#714,#724,.T.);
#724 = LINE('',#725,#726);
#725 = CARTESIAN_POINT('',(41.671791949846,53.,69.694611464318));
#726 = VECTOR('',#727,1.);
#727 = DIRECTION('',(0.,1.,0.));
#728 = B_SPLINE_SURFACE_WITH_KNOTS('',3,1,(
    (#729,#730)
    ,(#731,#732)
    ,(#733,#734)
    ,(#735,#736)
    ,(#737,#738
    )),.UNSPECIFIED.,.F.,.F.,.F.,(4,1,4),(2,2),(-0.228870890154,
    -0.12971565538,0.),(0.,1.E-01),.UNSPECIFIED.);
#729 = CARTESIAN_POINT('',(41.671791949846,53.,69.694611464318));
#730 = CARTESIAN_POINT('',(41.671791949846,54.,69.694611464318));
#731 = CARTESIAN_POINT('',(41.837676777959,53.,69.986115088054));
#732 = CARTESIAN_POINT('',(41.837676777959,54.,69.986115088054));
#733 = CARTESIAN_POINT('',(42.220573438535,53.,70.658966037376));
#734 = CARTESIAN_POINT('',(42.220573438535,54.,70.658966037376));
#735 = CARTESIAN_POINT('',(42.233701942457,53.,71.437263171861));
#736 = CARTESIAN_POINT('',(42.233701942457,54.,71.437263171861));
#737 = CARTESIAN_POINT('',(42.241142698638,53.,71.878373541172));
#738 = CARTESIAN_POINT('',(42.241142698638,54.,71.878373541172));
#739 = ADVANCED_FACE('',(#740),#769,.T.);
#740 = FACE_BOUND('',#741,.T.);
#741 = EDGE_LOOP('',(#742,#752,#753,#763));
#742 = ORIENTED_EDGE('',*,*,#743,.F.);
#743 = EDGE_CURVE('',#703,#744,#746,.T.);
#744 = VERTEX_POINT('',#745);
#745 = CARTESIAN_POINT('',(40.26094715849,53.,68.996490021703));
#746 = B_SPLINE_CURVE_WITH_KNOTS('',3,(#747,#748,#749,#750,#751),
  .UNSPECIFIED.,.F.,.F.,(4,1,4),(0.,8.253847337487E-02,0.161723510981),
  .UNSPECIFIED.);
#747 = CARTESIAN_POINT('',(41.671791949846,53.,69.694611464318));
#748 = CARTESIAN_POINT('',(41.47306197286,53.,69.491372339615));
#749 = CARTESIAN_POINT('',(41.083676171294,53.,69.093151443691));
#750 = CARTESIAN_POINT('',(40.531372712919,53.,69.028261988203));
#751 = CARTESIAN_POINT('',(40.26094715849,53.,68.996490021703));
#752 = ORIENTED_EDGE('',*,*,#723,.T.);
#753 = ORIENTED_EDGE('',*,*,#754,.F.);
#754 = EDGE_CURVE('',#755,#714,#757,.T.);
#755 = VERTEX_POINT('',#756);
#756 = CARTESIAN_POINT('',(40.26094715849,54.,68.996490021703));
#757 = B_SPLINE_CURVE_WITH_KNOTS('',3,(#758,#759,#760,#761,#762),
  .UNSPECIFIED.,.F.,.F.,(4,1,4),(-0.161723510981,-8.253847337487E-02,0.)
  ,.UNSPECIFIED.);
#758 = CARTESIAN_POINT('',(40.26094715849,54.,68.996490021703));
#759 = CARTESIAN_POINT('',(40.531372712919,54.,69.028261988203));
#760 = CARTESIAN_POINT('',(41.083676171294,54.,69.093151443691));
#761 = CARTESIAN_POINT('',(41.47306197286,54.,69.491372339615));
#762 = CARTESIAN_POINT('',(41.671791949846,54.,69.694611464318));
#763 = ORIENTED_EDGE('',*,*,#764,.F.);
#764 = EDGE_CURVE('',#744,#755,#765,.T.);
#765 = LINE('',#766,#767);
#766 = CARTESIAN_POINT('',(40.26094715849,53.,68.996490021703));
#767 = VECTOR('',#768,1.);
#768 = DIRECTION('',(0.,1.,0.));
#769 = B_SPLINE_SURFACE_WITH_KNOTS('',3,1,(
    (#770,#771)
    ,(#772,#773)
    ,(#774,#775)
    ,(#776,#777)
    ,(#778,#779
    )),.UNSPECIFIED.,.F.,.F.,.F.,(4,1,4),(2,2),(-0.161723510981,
    -8.253847337487E-02,0.),(0.,1.E-01),.UNSPECIFIED.);
#770 = CARTESIAN_POINT('',(40.26094715849,53.,68.996490021703));
#771 = CARTESIAN_POINT('',(40.26094715849,54.,68.996490021703));
#772 = CARTESIAN_POINT('',(40.531372712919,53.,69.028261988203));
#773 = CARTESIAN_POINT('',(40.531372712919,54.,69.028261988203));
#774 = CARTESIAN_POINT('',(41.083676171294,53.,69.093151443691));
#775 = CARTESIAN_POINT('',(41.083676171294,54.,69.093151443691));
#776 = CARTESIAN_POINT('',(41.47306197286,53.,69.491372339615));
#777 = CARTESIAN_POINT('',(41.47306197286,54.,69.491372339615));
#778 = CARTESIAN_POINT('',(41.671791949846,53.,69.694611464318));
#779 = CARTESIAN_POINT('',(41.671791949846,54.,69.694611464318));
#780 = ADVANCED_FACE('',(#781),#810,.T.);
#781 = FACE_BOUND('',#782,.T.);
#782 = EDGE_LOOP('',(#783,#793,#794,#804));
#783 = ORIENTED_EDGE('',*,*,#784,.F.);
#784 = EDGE_CURVE('',#744,#785,#787,.T.);
#785 = VERTEX_POINT('',#786);
#786 = CARTESIAN_POINT('',(38.892169096764,53.,69.662697264723));
#787 = B_SPLINE_CURVE_WITH_KNOTS('',3,(#788,#789,#790,#791,#792),
  .UNSPECIFIED.,.F.,.F.,(4,1,4),(0.,7.695605140285E-02,0.156416970812),
  .UNSPECIFIED.);
#788 = CARTESIAN_POINT('',(40.26094715849,53.,68.996490021703));
#789 = CARTESIAN_POINT('',(39.997859275739,53.,69.025647449091));
#790 = CARTESIAN_POINT('',(39.463120175602,53.,69.084911358627));
#791 = CARTESIAN_POINT('',(39.08450716465,53.,69.468056727295));
#792 = CARTESIAN_POINT('',(38.892169096764,53.,69.662697264723));
#793 = ORIENTED_EDGE('',*,*,#764,.T.);
#794 = ORIENTED_EDGE('',*,*,#795,.F.);
#795 = EDGE_CURVE('',#796,#755,#798,.T.);
#796 = VERTEX_POINT('',#797);
#797 = CARTESIAN_POINT('',(38.892169096764,54.,69.662697264723));
#798 = B_SPLINE_CURVE_WITH_KNOTS('',3,(#799,#800,#801,#802,#803),
  .UNSPECIFIED.,.F.,.F.,(4,1,4),(-0.156416970812,-7.695605140285E-02,0.)
  ,.UNSPECIFIED.);
#799 = CARTESIAN_POINT('',(38.892169096764,54.,69.662697264723));
#800 = CARTESIAN_POINT('',(39.08450716465,54.,69.468056727295));
#801 = CARTESIAN_POINT('',(39.463120175602,54.,69.084911358627));
#802 = CARTESIAN_POINT('',(39.997859275739,54.,69.025647449091));
#803 = CARTESIAN_POINT('',(40.26094715849,54.,68.996490021703));
#804 = ORIENTED_EDGE('',*,*,#805,.F.);
#805 = EDGE_CURVE('',#785,#796,#806,.T.);
#806 = LINE('',#807,#808);
#807 = CARTESIAN_POINT('',(38.892169096764,53.,69.662697264723));
#808 = VECTOR('',#809,1.);
#809 = DIRECTION('',(0.,1.,0.));
#810 = B_SPLINE_SURFACE_WITH_KNOTS('',3,1,(
    (#811,#812)
    ,(#813,#814)
    ,(#815,#816)
    ,(#817,#818)
    ,(#819,#820
    )),.UNSPECIFIED.,.F.,.F.,.F.,(4,1,4),(2,2),(-0.156416970812,
    -7.695605140285E-02,0.),(0.,1.E-01),.UNSPECIFIED.);
#811 = CARTESIAN_POINT('',(38.892169096764,53.,69.662697264723));
#812 = CARTESIAN_POINT('',(38.892169096764,54.,69.662697264723));
#813 = CARTESIAN_POINT('',(39.08450716465,53.,69.468056727295));
#814 = CARTESIAN_POINT('',(39.08450716465,54.,69.468056727295));
#815 = CARTESIAN_POINT('',(39.463120175602,53.,69.084911358627));
#816 = CARTESIAN_POINT('',(39.463120175602,54.,69.084911358627));
#817 = CARTESIAN_POINT('',(39.997859275739,53.,69.025647449091));
#818 = CARTESIAN_POINT('',(39.997859275739,54.,69.025647449091));
#819 = CARTESIAN_POINT('',(40.26094715849,53.,68.996490021703));
#820 = CARTESIAN_POINT('',(40.26094715849,54.,68.996490021703));
#821 = ADVANCED_FACE('',(#822),#842,.T.);
#822 = FACE_BOUND('',#823,.T.);
#823 = EDGE_LOOP('',(#824,#832,#833,#841));
#824 = ORIENTED_EDGE('',*,*,#825,.F.);
#825 = EDGE_CURVE('',#785,#530,#826,.T.);
#826 = B_SPLINE_CURVE_WITH_KNOTS('',3,(#827,#828,#829,#830,#831),
  .UNSPECIFIED.,.F.,.F.,(4,1,4),(0.,9.54594600105E-02,0.220872008054),
  .UNSPECIFIED.);
#827 = CARTESIAN_POINT('',(38.892169096764,53.,69.662697264723));
#828 = CARTESIAN_POINT('',(38.732284942215,53.,69.943178551403));
#829 = CARTESIAN_POINT('',(38.362348486809,53.,70.592150010114));
#830 = CARTESIAN_POINT('',(38.347804291674,53.,71.34313958501));
#831 = CARTESIAN_POINT('',(38.339546004047,53.,71.769556300156));
#832 = ORIENTED_EDGE('',*,*,#805,.T.);
#833 = ORIENTED_EDGE('',*,*,#834,.F.);
#834 = EDGE_CURVE('',#542,#796,#835,.T.);
#835 = B_SPLINE_CURVE_WITH_KNOTS('',3,(#836,#837,#838,#839,#840),
  .UNSPECIFIED.,.F.,.F.,(4,1,4),(-0.220872008054,-9.54594600105E-02,0.),
  .UNSPECIFIED.);
#836 = CARTESIAN_POINT('',(38.339546004047,54.,71.769556300156));
#837 = CARTESIAN_POINT('',(38.347804291674,54.,71.34313958501));
#838 = CARTESIAN_POINT('',(38.362348486809,54.,70.592150010114));
#839 = CARTESIAN_POINT('',(38.732284942215,54.,69.943178551403));
#840 = CARTESIAN_POINT('',(38.892169096764,54.,69.662697264723));
#841 = ORIENTED_EDGE('',*,*,#541,.F.);
#842 = B_SPLINE_SURFACE_WITH_KNOTS('',3,1,(
    (#843,#844)
    ,(#845,#846)
    ,(#847,#848)
    ,(#849,#850)
    ,(#851,#852
    )),.UNSPECIFIED.,.F.,.F.,.F.,(4,1,4),(2,2),(-0.220872008054,
    -9.54594600105E-02,0.),(0.,1.E-01),.UNSPECIFIED.);
#843 = CARTESIAN_POINT('',(38.339546004047,53.,71.769556300156));
#844 = CARTESIAN_POINT('',(38.339546004047,54.,71.769556300156));
#845 = CARTESIAN_POINT('',(38.347804291674,53.,71.34313958501));
#846 = CARTESIAN_POINT('',(38.347804291674,54.,71.34313958501));
#847 = CARTESIAN_POINT('',(38.362348486809,53.,70.592150010114));
#848 = CARTESIAN_POINT('',(38.362348486809,54.,70.592150010114));
#849 = CARTESIAN_POINT('',(38.732284942215,53.,69.943178551403));
#850 = CARTESIAN_POINT('',(38.732284942215,54.,69.943178551403));
#851 = CARTESIAN_POINT('',(38.892169096764,53.,69.662697264723));
#852 = CARTESIAN_POINT('',(38.892169096764,54.,69.662697264723));
#853 = ADVANCED_FACE('',(#854),#888,.T.);
#854 = FACE_BOUND('',#855,.T.);
#855 = EDGE_LOOP('',(#856,#866,#874,#882));
#856 = ORIENTED_EDGE('',*,*,#857,.F.);
#857 = EDGE_CURVE('',#858,#860,#862,.T.);
#858 = VERTEX_POINT('',#859);
#859 = CARTESIAN_POINT('',(42.214829087574,53.,75.391295264328));
#860 = VERTEX_POINT('',#861);
#861 = CARTESIAN_POINT('',(42.21635126784,53.,74.477244999035));
#862 = LINE('',#863,#864);
#863 = CARTESIAN_POINT('',(42.217709352757,53.,73.661731943853));
#864 = VECTOR('',#865,1.);
#865 = DIRECTION('',(1.665311211988E-03,0.,-0.999998613368));
#866 = ORIENTED_EDGE('',*,*,#867,.T.);
#867 = EDGE_CURVE('',#858,#868,#870,.T.);
#868 = VERTEX_POINT('',#869);
#869 = CARTESIAN_POINT('',(42.214829087574,54.,75.391295264328));
#870 = LINE('',#871,#872);
#871 = CARTESIAN_POINT('',(42.214829087574,53.,75.391295264328));
#872 = VECTOR('',#873,1.);
#873 = DIRECTION('',(0.,1.,0.));
#874 = ORIENTED_EDGE('',*,*,#875,.F.);
#875 = EDGE_CURVE('',#876,#868,#878,.T.);
#876 = VERTEX_POINT('',#877);
#877 = CARTESIAN_POINT('',(42.21635126784,54.,74.477244999035));
#878 = LINE('',#879,#880);
#879 = CARTESIAN_POINT('',(42.214829087574,54.,75.391295264328));
#880 = VECTOR('',#881,1.);
#881 = DIRECTION('',(-1.665311211988E-03,0.,0.999998613368));
#882 = ORIENTED_EDGE('',*,*,#883,.F.);
#883 = EDGE_CURVE('',#860,#876,#884,.T.);
#884 = LINE('',#885,#886);
#885 = CARTESIAN_POINT('',(42.21635126784,53.,74.477244999035));
#886 = VECTOR('',#887,1.);
#887 = DIRECTION('',(0.,1.,0.));
#888 = PLANE('',#889);
#889 = AXIS2_PLACEMENT_3D('',#890,#891,#892);
#890 = CARTESIAN_POINT('',(42.21635126784,53.,74.477244999035));
#891 = DIRECTION('',(-0.999998613368,0.,-1.665311211988E-03));
#892 = DIRECTION('',(-1.665311211988E-03,0.,0.999998613368));
#893 = ADVANCED_FACE('',(#894),#923,.T.);
#894 = FACE_BOUND('',#895,.T.);
#895 = EDGE_LOOP('',(#896,#906,#907,#917));
#896 = ORIENTED_EDGE('',*,*,#897,.F.);
#897 = EDGE_CURVE('',#860,#898,#900,.T.);
#898 = VERTEX_POINT('',#899);
#899 = CARTESIAN_POINT('',(40.188637921744,53.,75.551632557224));
#900 = B_SPLINE_CURVE_WITH_KNOTS('',3,(#901,#902,#903,#904,#905),
  .UNSPECIFIED.,.F.,.F.,(4,1,4),(0.,0.117367284852,0.237913801436),
  .UNSPECIFIED.);
#901 = CARTESIAN_POINT('',(42.21635126784,53.,74.477244999035));
#902 = CARTESIAN_POINT('',(41.956269279485,53.,74.791144133787));
#903 = CARTESIAN_POINT('',(41.429060231304,53.,75.427445267537));
#904 = CARTESIAN_POINT('',(40.605779181163,53.,75.509869649523));
#905 = CARTESIAN_POINT('',(40.188637921744,53.,75.551632557224));
#906 = ORIENTED_EDGE('',*,*,#883,.T.);
#907 = ORIENTED_EDGE('',*,*,#908,.F.);
#908 = EDGE_CURVE('',#909,#876,#911,.T.);
#909 = VERTEX_POINT('',#910);
#910 = CARTESIAN_POINT('',(40.188637921744,54.,75.551632557224));
#911 = B_SPLINE_CURVE_WITH_KNOTS('',3,(#912,#913,#914,#915,#916),
  .UNSPECIFIED.,.F.,.F.,(4,1,4),(-0.237913801436,-0.117367284852,0.),
  .UNSPECIFIED.);
#912 = CARTESIAN_POINT('',(40.188637921744,54.,75.551632557224));
#913 = CARTESIAN_POINT('',(40.605779181163,54.,75.509869649523));
#914 = CARTESIAN_POINT('',(41.429060231304,54.,75.427445267537));
#915 = CARTESIAN_POINT('',(41.956269279485,54.,74.791144133787));
#916 = CARTESIAN_POINT('',(42.21635126784,54.,74.477244999035));
#917 = ORIENTED_EDGE('',*,*,#918,.F.);
#918 = EDGE_CURVE('',#898,#909,#919,.T.);
#919 = LINE('',#920,#921);
#920 = CARTESIAN_POINT('',(40.188637921744,53.,75.551632557224));
#921 = VECTOR('',#922,1.);
#922 = DIRECTION('',(0.,1.,0.));
#923 = B_SPLINE_SURFACE_WITH_KNOTS('',3,1,(
    (#924,#925)
    ,(#926,#927)
    ,(#928,#929)
    ,(#930,#931)
    ,(#932,#933
    )),.UNSPECIFIED.,.F.,.F.,.F.,(4,1,4),(2,2),(-0.237913801436,
    -0.117367284852,0.),(0.,1.E-01),.UNSPECIFIED.);
#924 = CARTESIAN_POINT('',(40.188637921744,53.,75.551632557224));
#925 = CARTESIAN_POINT('',(40.188637921744,54.,75.551632557224));
#926 = CARTESIAN_POINT('',(40.605779181163,53.,75.509869649523));
#927 = CARTESIAN_POINT('',(40.605779181163,54.,75.509869649523));
#928 = CARTESIAN_POINT('',(41.429060231304,53.,75.427445267537));
#929 = CARTESIAN_POINT('',(41.429060231304,54.,75.427445267537));
#930 = CARTESIAN_POINT('',(41.956269279485,53.,74.791144133787));
#931 = CARTESIAN_POINT('',(41.956269279485,54.,74.791144133787));
#932 = CARTESIAN_POINT('',(42.21635126784,53.,74.477244999035));
#933 = CARTESIAN_POINT('',(42.21635126784,54.,74.477244999035));
#934 = ADVANCED_FACE('',(#935),#964,.T.);
#935 = FACE_BOUND('',#936,.T.);
#936 = EDGE_LOOP('',(#937,#947,#948,#958));
#937 = ORIENTED_EDGE('',*,*,#938,.F.);
#938 = EDGE_CURVE('',#898,#939,#941,.T.);
#939 = VERTEX_POINT('',#940);
#940 = CARTESIAN_POINT('',(38.596665677685,53.,75.071490337106));
#941 = B_SPLINE_CURVE_WITH_KNOTS('',3,(#942,#943,#944,#945,#946),
  .UNSPECIFIED.,.F.,.F.,(4,1,4),(0.,8.398683906208E-02,0.168130810183),
  .UNSPECIFIED.);
#942 = CARTESIAN_POINT('',(40.188637921744,53.,75.551632557224));
#943 = CARTESIAN_POINT('',(39.905618563857,53.,75.531191507684));
#944 = CARTESIAN_POINT('',(39.339050343522,53.,75.490271165183));
#945 = CARTESIAN_POINT('',(38.844281367053,53.,75.211170893845));
#946 = CARTESIAN_POINT('',(38.596665677685,53.,75.071490337106));
#947 = ORIENTED_EDGE('',*,*,#918,.T.);
#948 = ORIENTED_EDGE('',*,*,#949,.F.);
#949 = EDGE_CURVE('',#950,#909,#952,.T.);
#950 = VERTEX_POINT('',#951);
#951 = CARTESIAN_POINT('',(38.596665677685,54.,75.071490337106));
#952 = B_SPLINE_CURVE_WITH_KNOTS('',3,(#953,#954,#955,#956,#957),
  .UNSPECIFIED.,.F.,.F.,(4,1,4),(-0.168130810183,-8.398683906208E-02,0.)
  ,.UNSPECIFIED.);
#953 = CARTESIAN_POINT('',(38.596665677685,54.,75.071490337106));
#954 = CARTESIAN_POINT('',(38.844281367053,54.,75.211170893845));
#955 = CARTESIAN_POINT('',(39.339050343522,54.,75.490271165183));
#956 = CARTESIAN_POINT('',(39.905618563857,54.,75.531191507684));
#957 = CARTESIAN_POINT('',(40.188637921744,54.,75.551632557224));
#958 = ORIENTED_EDGE('',*,*,#959,.F.);
#959 = EDGE_CURVE('',#939,#950,#960,.T.);
#960 = LINE('',#961,#962);
#961 = CARTESIAN_POINT('',(38.596665677685,53.,75.071490337106));
#962 = VECTOR('',#963,1.);
#963 = DIRECTION('',(0.,1.,0.));
#964 = B_SPLINE_SURFACE_WITH_KNOTS('',3,1,(
    (#965,#966)
    ,(#967,#968)
    ,(#969,#970)
    ,(#971,#972)
    ,(#973,#974
    )),.UNSPECIFIED.,.F.,.F.,.F.,(4,1,4),(2,2),(-0.168130810183,
    -8.398683906208E-02,0.),(0.,1.E-01),.UNSPECIFIED.);
#965 = CARTESIAN_POINT('',(38.596665677685,53.,75.071490337106));
#966 = CARTESIAN_POINT('',(38.596665677685,54.,75.071490337106));
#967 = CARTESIAN_POINT('',(38.844281367053,53.,75.211170893845));
#968 = CARTESIAN_POINT('',(38.844281367053,54.,75.211170893845));
#969 = CARTESIAN_POINT('',(39.339050343522,53.,75.490271165183));
#970 = CARTESIAN_POINT('',(39.339050343522,54.,75.490271165183));
#971 = CARTESIAN_POINT('',(39.905618563857,53.,75.531191507684));
#972 = CARTESIAN_POINT('',(39.905618563857,54.,75.531191507684));
#973 = CARTESIAN_POINT('',(40.188637921744,53.,75.551632557224));
#974 = CARTESIAN_POINT('',(40.188637921744,54.,75.551632557224));
#975 = ADVANCED_FACE('',(#976),#1005,.T.);
#976 = FACE_BOUND('',#977,.T.);
#977 = EDGE_LOOP('',(#978,#988,#989,#999));
#978 = ORIENTED_EDGE('',*,*,#979,.F.);
#979 = EDGE_CURVE('',#939,#980,#982,.T.);
#980 = VERTEX_POINT('',#981);
#981 = CARTESIAN_POINT('',(37.473378293422,53.,73.736056918673));
#982 = B_SPLINE_CURVE_WITH_KNOTS('',3,(#983,#984,#985,#986,#987),
  .UNSPECIFIED.,.F.,.F.,(4,1,4),(0.,8.618938048419E-02,0.176246774),
  .UNSPECIFIED.);
#983 = CARTESIAN_POINT('',(38.596665677685,53.,75.071490337106));
#984 = CARTESIAN_POINT('',(38.367065791457,53.,74.89315840845));
#985 = CARTESIAN_POINT('',(37.897562019287,53.,74.528491358401));
#986 = CARTESIAN_POINT('',(37.616826595713,53.,74.004038380772));
#987 = CARTESIAN_POINT('',(37.473378293422,53.,73.736056918673));
#988 = ORIENTED_EDGE('',*,*,#959,.T.);
#989 = ORIENTED_EDGE('',*,*,#990,.F.);
#990 = EDGE_CURVE('',#991,#950,#993,.T.);
#991 = VERTEX_POINT('',#992);
#992 = CARTESIAN_POINT('',(37.473378293422,54.,73.736056918673));
#993 = B_SPLINE_CURVE_WITH_KNOTS('',3,(#994,#995,#996,#997,#998),
  .UNSPECIFIED.,.F.,.F.,(4,1,4),(-0.176246774,-8.618938048419E-02,0.),
  .UNSPECIFIED.);
#994 = CARTESIAN_POINT('',(37.473378293422,54.,73.736056918673));
#995 = CARTESIAN_POINT('',(37.616826595713,54.,74.004038380772));
#996 = CARTESIAN_POINT('',(37.897562019287,54.,74.528491358401));
#997 = CARTESIAN_POINT('',(38.367065791457,54.,74.89315840845));
#998 = CARTESIAN_POINT('',(38.596665677685,54.,75.071490337106));
#999 = ORIENTED_EDGE('',*,*,#1000,.F.);
#1000 = EDGE_CURVE('',#980,#991,#1001,.T.);
#1001 = LINE('',#1002,#1003);
#1002 = CARTESIAN_POINT('',(37.473378293422,53.,73.736056918673));
#1003 = VECTOR('',#1004,1.);
#1004 = DIRECTION('',(0.,1.,0.));
#1005 = B_SPLINE_SURFACE_WITH_KNOTS('',3,1,(
    (#1006,#1007)
    ,(#1008,#1009)
    ,(#1010,#1011)
    ,(#1012,#1013)
    ,(#1014,#1015
    )),.UNSPECIFIED.,.F.,.F.,.F.,(4,1,4),(2,2),(-0.176246774,
    -8.618938048419E-02,0.),(0.,1.E-01),.UNSPECIFIED.);
#1006 = CARTESIAN_POINT('',(37.473378293422,53.,73.736056918673));
#1007 = CARTESIAN_POINT('',(37.473378293422,54.,73.736056918673));
#1008 = CARTESIAN_POINT('',(37.616826595713,53.,74.004038380772));
#1009 = CARTESIAN_POINT('',(37.616826595713,54.,74.004038380772));
#1010 = CARTESIAN_POINT('',(37.897562019287,53.,74.528491358401));
#1011 = CARTESIAN_POINT('',(37.897562019287,54.,74.528491358401));
#1012 = CARTESIAN_POINT('',(38.367065791457,53.,74.89315840845));
#1013 = CARTESIAN_POINT('',(38.367065791457,54.,74.89315840845));
#1014 = CARTESIAN_POINT('',(38.596665677685,53.,75.071490337106));
#1015 = CARTESIAN_POINT('',(38.596665677685,54.,75.071490337106));
#1016 = ADVANCED_FACE('',(#1017),#1046,.T.);
#1017 = FACE_BOUND('',#1018,.T.);
#1018 = EDGE_LOOP('',(#1019,#1029,#1030,#1040));
#1019 = ORIENTED_EDGE('',*,*,#1020,.F.);
#1020 = EDGE_CURVE('',#980,#1021,#1023,.T.);
#1021 = VERTEX_POINT('',#1022);
#1022 = CARTESIAN_POINT('',(37.077610135634,53.,71.767454781291));
#1023 = B_SPLINE_CURVE_WITH_KNOTS('',3,(#1024,#1025,#1026,#1027,#1028),
  .UNSPECIFIED.,.F.,.F.,(4,1,4),(0.,9.674753828169E-02,0.202013328388),
  .UNSPECIFIED.);
#1024 = CARTESIAN_POINT('',(37.473378293422,53.,73.736056918673));
#1025 = CARTESIAN_POINT('',(37.357551766214,53.,73.432630423125));
#1026 = CARTESIAN_POINT('',(37.115700627751,53.,72.799061886133));
#1027 = CARTESIAN_POINT('',(37.0906589421,53.,72.120856397068));
#1028 = CARTESIAN_POINT('',(37.077610135634,53.,71.767454781291));
#1029 = ORIENTED_EDGE('',*,*,#1000,.T.);
#1030 = ORIENTED_EDGE('',*,*,#1031,.F.);
#1031 = EDGE_CURVE('',#1032,#991,#1034,.T.);
#1032 = VERTEX_POINT('',#1033);
#1033 = CARTESIAN_POINT('',(37.077610135634,54.,71.767454781291));
#1034 = B_SPLINE_CURVE_WITH_KNOTS('',3,(#1035,#1036,#1037,#1038,#1039),
  .UNSPECIFIED.,.F.,.F.,(4,1,4),(-0.202013328388,-9.674753828169E-02,0.)
  ,.UNSPECIFIED.);
#1035 = CARTESIAN_POINT('',(37.077610135634,54.,71.767454781291));
#1036 = CARTESIAN_POINT('',(37.0906589421,54.,72.120856397068));
#1037 = CARTESIAN_POINT('',(37.115700627751,54.,72.799061886133));
#1038 = CARTESIAN_POINT('',(37.357551766214,54.,73.432630423125));
#1039 = CARTESIAN_POINT('',(37.473378293422,54.,73.736056918673));
#1040 = ORIENTED_EDGE('',*,*,#1041,.F.);
#1041 = EDGE_CURVE('',#1021,#1032,#1042,.T.);
#1042 = LINE('',#1043,#1044);
#1043 = CARTESIAN_POINT('',(37.077610135634,53.,71.767454781291));
#1044 = VECTOR('',#1045,1.);
#1045 = DIRECTION('',(0.,1.,0.));
#1046 = B_SPLINE_SURFACE_WITH_KNOTS('',3,1,(
    (#1047,#1048)
    ,(#1049,#1050)
    ,(#1051,#1052)
    ,(#1053,#1054)
    ,(#1055,#1056
    )),.UNSPECIFIED.,.F.,.F.,.F.,(4,1,4),(2,2),(-0.202013328388,
    -9.674753828169E-02,0.),(0.,1.E-01),.UNSPECIFIED.);
#1047 = CARTESIAN_POINT('',(37.077610135634,53.,71.767454781291));
#1048 = CARTESIAN_POINT('',(37.077610135634,54.,71.767454781291));
#1049 = CARTESIAN_POINT('',(37.0906589421,53.,72.120856397068));
#1050 = CARTESIAN_POINT('',(37.0906589421,54.,72.120856397068));
#1051 = CARTESIAN_POINT('',(37.115700627751,53.,72.799061886133));
#1052 = CARTESIAN_POINT('',(37.115700627751,54.,72.799061886133));
#1053 = CARTESIAN_POINT('',(37.357551766214,53.,73.432630423125));
#1054 = CARTESIAN_POINT('',(37.357551766214,54.,73.432630423125));
#1055 = CARTESIAN_POINT('',(37.473378293422,53.,73.736056918673));
#1056 = CARTESIAN_POINT('',(37.473378293422,54.,73.736056918673));
#1057 = ADVANCED_FACE('',(#1058),#1087,.T.);
#1058 = FACE_BOUND('',#1059,.T.);
#1059 = EDGE_LOOP('',(#1060,#1070,#1071,#1081));
#1060 = ORIENTED_EDGE('',*,*,#1061,.F.);
#1061 = EDGE_CURVE('',#1021,#1062,#1064,.T.);
#1062 = VERTEX_POINT('',#1063);
#1063 = CARTESIAN_POINT('',(37.442415263038,53.,69.800119832932));
#1064 = B_SPLINE_CURVE_WITH_KNOTS('',3,(#1065,#1066,#1067,#1068,#1069),
  .UNSPECIFIED.,.F.,.F.,(4,1,4),(0.,0.103821866923,0.201045643037),
  .UNSPECIFIED.);
#1065 = CARTESIAN_POINT('',(37.077610135634,53.,71.767454781291));
#1066 = CARTESIAN_POINT('',(37.091175127045,53.,71.41951169748));
#1067 = CARTESIAN_POINT('',(37.117443027073,53.,70.745738020527));
#1068 = CARTESIAN_POINT('',(37.336487447835,53.,70.108353145021));
#1069 = CARTESIAN_POINT('',(37.442415263038,53.,69.800119832932));
#1070 = ORIENTED_EDGE('',*,*,#1041,.T.);
#1071 = ORIENTED_EDGE('',*,*,#1072,.F.);
#1072 = EDGE_CURVE('',#1073,#1032,#1075,.T.);
#1073 = VERTEX_POINT('',#1074);
#1074 = CARTESIAN_POINT('',(37.442415263038,54.,69.800119832932));
#1075 = B_SPLINE_CURVE_WITH_KNOTS('',3,(#1076,#1077,#1078,#1079,#1080),
  .UNSPECIFIED.,.F.,.F.,(4,1,4),(-0.201045643037,-0.103821866923,0.),
  .UNSPECIFIED.);
#1076 = CARTESIAN_POINT('',(37.442415263038,54.,69.800119832932));
#1077 = CARTESIAN_POINT('',(37.336487447835,54.,70.108353145021));
#1078 = CARTESIAN_POINT('',(37.117443027073,54.,70.745738020527));
#1079 = CARTESIAN_POINT('',(37.091175127045,54.,71.41951169748));
#1080 = CARTESIAN_POINT('',(37.077610135634,54.,71.767454781291));
#1081 = ORIENTED_EDGE('',*,*,#1082,.F.);
#1082 = EDGE_CURVE('',#1062,#1073,#1083,.T.);
#1083 = LINE('',#1084,#1085);
#1084 = CARTESIAN_POINT('',(37.442415263038,53.,69.800119832932));
#1085 = VECTOR('',#1086,1.);
#1086 = DIRECTION('',(0.,1.,0.));
#1087 = B_SPLINE_SURFACE_WITH_KNOTS('',3,1,(
    (#1088,#1089)
    ,(#1090,#1091)
    ,(#1092,#1093)
    ,(#1094,#1095)
    ,(#1096,#1097
    )),.UNSPECIFIED.,.F.,.F.,.F.,(4,1,4),(2,2),(-0.201045643037,
    -0.103821866923,0.),(0.,1.E-01),.UNSPECIFIED.);
#1088 = CARTESIAN_POINT('',(37.442415263038,53.,69.800119832932));
#1089 = CARTESIAN_POINT('',(37.442415263038,54.,69.800119832932));
#1090 = CARTESIAN_POINT('',(37.336487447835,53.,70.108353145021));
#1091 = CARTESIAN_POINT('',(37.336487447835,54.,70.108353145021));
#1092 = CARTESIAN_POINT('',(37.117443027073,53.,70.745738020527));
#1093 = CARTESIAN_POINT('',(37.117443027073,54.,70.745738020527));
#1094 = CARTESIAN_POINT('',(37.091175127045,53.,71.41951169748));
#1095 = CARTESIAN_POINT('',(37.091175127045,54.,71.41951169748));
#1096 = CARTESIAN_POINT('',(37.077610135634,53.,71.767454781291));
#1097 = CARTESIAN_POINT('',(37.077610135634,54.,71.767454781291));
#1098 = ADVANCED_FACE('',(#1099),#1128,.T.);
#1099 = FACE_BOUND('',#1100,.T.);
#1100 = EDGE_LOOP('',(#1101,#1111,#1112,#1122));
#1101 = ORIENTED_EDGE('',*,*,#1102,.F.);
#1102 = EDGE_CURVE('',#1062,#1103,#1105,.T.);
#1103 = VERTEX_POINT('',#1104);
#1104 = CARTESIAN_POINT('',(38.529251437779,53.,68.447902872078));
#1105 = B_SPLINE_CURVE_WITH_KNOTS('',3,(#1106,#1107,#1108,#1109,#1110),
  .UNSPECIFIED.,.F.,.F.,(4,1,4),(0.,9.016155442846E-02,0.175576274677),
  .UNSPECIFIED.);
#1106 = CARTESIAN_POINT('',(37.442415263038,53.,69.800119832932));
#1107 = CARTESIAN_POINT('',(37.575029898665,53.,69.525348090781));
#1108 = CARTESIAN_POINT('',(37.83327726184,53.,68.990270815557));
#1109 = CARTESIAN_POINT('',(38.301479442983,53.,68.625404039033));
#1110 = CARTESIAN_POINT('',(38.529251437779,53.,68.447902872078));
#1111 = ORIENTED_EDGE('',*,*,#1082,.T.);
#1112 = ORIENTED_EDGE('',*,*,#1113,.F.);
#1113 = EDGE_CURVE('',#1114,#1073,#1116,.T.);
#1114 = VERTEX_POINT('',#1115);
#1115 = CARTESIAN_POINT('',(38.529251437779,54.,68.447902872078));
#1116 = B_SPLINE_CURVE_WITH_KNOTS('',3,(#1117,#1118,#1119,#1120,#1121),
  .UNSPECIFIED.,.F.,.F.,(4,1,4),(-0.175576274677,-9.016155442846E-02,0.)
  ,.UNSPECIFIED.);
#1117 = CARTESIAN_POINT('',(38.529251437779,54.,68.447902872078));
#1118 = CARTESIAN_POINT('',(38.301479442983,54.,68.625404039033));
#1119 = CARTESIAN_POINT('',(37.83327726184,54.,68.990270815557));
#1120 = CARTESIAN_POINT('',(37.575029898665,54.,69.525348090781));
#1121 = CARTESIAN_POINT('',(37.442415263038,54.,69.800119832932));
#1122 = ORIENTED_EDGE('',*,*,#1123,.F.);
#1123 = EDGE_CURVE('',#1103,#1114,#1124,.T.);
#1124 = LINE('',#1125,#1126);
#1125 = CARTESIAN_POINT('',(38.529251437779,53.,68.447902872078));
#1126 = VECTOR('',#1127,1.);
#1127 = DIRECTION('',(0.,1.,0.));
#1128 = B_SPLINE_SURFACE_WITH_KNOTS('',3,1,(
    (#1129,#1130)
    ,(#1131,#1132)
    ,(#1133,#1134)
    ,(#1135,#1136)
    ,(#1137,#1138
    )),.UNSPECIFIED.,.F.,.F.,.F.,(4,1,4),(2,2),(-0.175576274677,
    -9.016155442846E-02,0.),(0.,1.E-01),.UNSPECIFIED.);
#1129 = CARTESIAN_POINT('',(38.529251437779,53.,68.447902872078));
#1130 = CARTESIAN_POINT('',(38.529251437779,54.,68.447902872078));
#1131 = CARTESIAN_POINT('',(38.301479442983,53.,68.625404039033));
#1132 = CARTESIAN_POINT('',(38.301479442983,54.,68.625404039033));
#1133 = CARTESIAN_POINT('',(37.83327726184,53.,68.990270815557));
#1134 = CARTESIAN_POINT('',(37.83327726184,54.,68.990270815557));
#1135 = CARTESIAN_POINT('',(37.575029898665,53.,69.525348090781));
#1136 = CARTESIAN_POINT('',(37.575029898665,54.,69.525348090781));
#1137 = CARTESIAN_POINT('',(37.442415263038,53.,69.800119832932));
#1138 = CARTESIAN_POINT('',(37.442415263038,54.,69.800119832932));
#1139 = ADVANCED_FACE('',(#1140),#1169,.T.);
#1140 = FACE_BOUND('',#1141,.T.);
#1141 = EDGE_LOOP('',(#1142,#1152,#1153,#1163));
#1142 = ORIENTED_EDGE('',*,*,#1143,.F.);
#1143 = EDGE_CURVE('',#1103,#1144,#1146,.T.);
#1144 = VERTEX_POINT('',#1145);
#1145 = CARTESIAN_POINT('',(40.146677864229,53.,67.979927664063));
#1146 = B_SPLINE_CURVE_WITH_KNOTS('',3,(#1147,#1148,#1149,#1150,#1151),
  .UNSPECIFIED.,.F.,.F.,(4,1,4),(0.,8.431443316735E-02,0.170219512317),
  .UNSPECIFIED.);
#1147 = CARTESIAN_POINT('',(38.529251437779,53.,68.447902872078));
#1148 = CARTESIAN_POINT('',(38.778971865459,53.,68.31104360048));
#1149 = CARTESIAN_POINT('',(39.283123857217,53.,68.034743119147));
#1150 = CARTESIAN_POINT('',(39.857038845587,53.,67.998312958425));
#1151 = CARTESIAN_POINT('',(40.146677864229,53.,67.979927664063));
#1152 = ORIENTED_EDGE('',*,*,#1123,.T.);
#1153 = ORIENTED_EDGE('',*,*,#1154,.F.);
#1154 = EDGE_CURVE('',#1155,#1114,#1157,.T.);
#1155 = VERTEX_POINT('',#1156);
#1156 = CARTESIAN_POINT('',(40.146677864229,54.,67.979927664063));
#1157 = B_SPLINE_CURVE_WITH_KNOTS('',3,(#1158,#1159,#1160,#1161,#1162),
  .UNSPECIFIED.,.F.,.F.,(4,1,4),(-0.170219512317,-8.431443316735E-02,0.)
  ,.UNSPECIFIED.);
#1158 = CARTESIAN_POINT('',(40.146677864229,54.,67.979927664063));
#1159 = CARTESIAN_POINT('',(39.857038845587,54.,67.998312958425));
#1160 = CARTESIAN_POINT('',(39.283123857217,54.,68.034743119147));
#1161 = CARTESIAN_POINT('',(38.778971865459,54.,68.31104360048));
#1162 = CARTESIAN_POINT('',(38.529251437779,54.,68.447902872078));
#1163 = ORIENTED_EDGE('',*,*,#1164,.F.);
#1164 = EDGE_CURVE('',#1144,#1155,#1165,.T.);
#1165 = LINE('',#1166,#1167);
#1166 = CARTESIAN_POINT('',(40.146677864229,53.,67.979927664063));
#1167 = VECTOR('',#1168,1.);
#1168 = DIRECTION('',(0.,1.,0.));
#1169 = B_SPLINE_SURFACE_WITH_KNOTS('',3,1,(
    (#1170,#1171)
    ,(#1172,#1173)
    ,(#1174,#1175)
    ,(#1176,#1177)
    ,(#1178,#1179
    )),.UNSPECIFIED.,.F.,.F.,.F.,(4,1,4),(2,2),(-0.170219512317,
    -8.431443316735E-02,0.),(0.,1.E-01),.UNSPECIFIED.);
#1170 = CARTESIAN_POINT('',(40.146677864229,53.,67.979927664063));
#1171 = CARTESIAN_POINT('',(40.146677864229,54.,67.979927664063));
#1172 = CARTESIAN_POINT('',(39.857038845587,53.,67.998312958425));
#1173 = CARTESIAN_POINT('',(39.857038845587,54.,67.998312958425));
#1174 = CARTESIAN_POINT('',(39.283123857217,53.,68.034743119147));
#1175 = CARTESIAN_POINT('',(39.283123857217,54.,68.034743119147));
#1176 = CARTESIAN_POINT('',(38.778971865459,53.,68.31104360048));
#1177 = CARTESIAN_POINT('',(38.778971865459,54.,68.31104360048));
#1178 = CARTESIAN_POINT('',(38.529251437779,53.,68.447902872078));
#1179 = CARTESIAN_POINT('',(38.529251437779,54.,68.447902872078));
#1180 = ADVANCED_FACE('',(#1181),#1210,.T.);
#1181 = FACE_BOUND('',#1182,.T.);
#1182 = EDGE_LOOP('',(#1183,#1193,#1194,#1204));
#1183 = ORIENTED_EDGE('',*,*,#1184,.F.);
#1184 = EDGE_CURVE('',#1144,#1185,#1187,.T.);
#1185 = VERTEX_POINT('',#1186);
#1186 = CARTESIAN_POINT('',(41.312655241717,53.,68.258131333098));
#1187 = B_SPLINE_CURVE_WITH_KNOTS('',3,(#1188,#1189,#1190,#1191,#1192),
  .UNSPECIFIED.,.F.,.F.,(4,1,4),(0.,6.228732442222E-02,0.120818038153),
  .UNSPECIFIED.);
#1188 = CARTESIAN_POINT('',(40.146677864229,53.,67.979927664063));
#1189 = CARTESIAN_POINT('',(40.356140596293,53.,67.990286692193));
#1190 = CARTESIAN_POINT('',(40.76243315403,53.,68.010379985131));
#1191 = CARTESIAN_POINT('',(41.133089500866,53.,68.177277337338));
#1192 = CARTESIAN_POINT('',(41.312655241717,53.,68.258131333098));
#1193 = ORIENTED_EDGE('',*,*,#1164,.T.);
#1194 = ORIENTED_EDGE('',*,*,#1195,.F.);
#1195 = EDGE_CURVE('',#1196,#1155,#1198,.T.);
#1196 = VERTEX_POINT('',#1197);
#1197 = CARTESIAN_POINT('',(41.312655241717,54.,68.258131333098));
#1198 = B_SPLINE_CURVE_WITH_KNOTS('',3,(#1199,#1200,#1201,#1202,#1203),
  .UNSPECIFIED.,.F.,.F.,(4,1,4),(-0.120818038153,-6.228732442222E-02,0.)
  ,.UNSPECIFIED.);
#1199 = CARTESIAN_POINT('',(41.312655241717,54.,68.258131333098));
#1200 = CARTESIAN_POINT('',(41.133089500866,54.,68.177277337338));
#1201 = CARTESIAN_POINT('',(40.76243315403,54.,68.010379985131));
#1202 = CARTESIAN_POINT('',(40.356140596293,54.,67.990286692193));
#1203 = CARTESIAN_POINT('',(40.146677864229,54.,67.979927664063));
#1204 = ORIENTED_EDGE('',*,*,#1205,.F.);
#1205 = EDGE_CURVE('',#1185,#1196,#1206,.T.);
#1206 = LINE('',#1207,#1208);
#1207 = CARTESIAN_POINT('',(41.312655241717,53.,68.258131333098));
#1208 = VECTOR('',#1209,1.);
#1209 = DIRECTION('',(0.,1.,0.));
#1210 = B_SPLINE_SURFACE_WITH_KNOTS('',3,1,(
    (#1211,#1212)
    ,(#1213,#1214)
    ,(#1215,#1216)
    ,(#1217,#1218)
    ,(#1219,#1220
    )),.UNSPECIFIED.,.F.,.F.,.F.,(4,1,4),(2,2),(-0.120818038153,
    -6.228732442222E-02,0.),(0.,1.E-01),.UNSPECIFIED.);
#1211 = CARTESIAN_POINT('',(41.312655241717,53.,68.258131333098));
#1212 = CARTESIAN_POINT('',(41.312655241717,54.,68.258131333098));
#1213 = CARTESIAN_POINT('',(41.133089500866,53.,68.177277337338));
#1214 = CARTESIAN_POINT('',(41.133089500866,54.,68.177277337338));
#1215 = CARTESIAN_POINT('',(40.76243315403,53.,68.010379985131));
#1216 = CARTESIAN_POINT('',(40.76243315403,54.,68.010379985131));
#1217 = CARTESIAN_POINT('',(40.356140596293,53.,67.990286692193));
#1218 = CARTESIAN_POINT('',(40.356140596293,54.,67.990286692193));
#1219 = CARTESIAN_POINT('',(40.146677864229,53.,67.979927664063));
#1220 = CARTESIAN_POINT('',(40.146677864229,54.,67.979927664063));
#1221 = ADVANCED_FACE('',(#1222),#1251,.T.);
#1222 = FACE_BOUND('',#1223,.T.);
#1223 = EDGE_LOOP('',(#1224,#1234,#1235,#1245));
#1224 = ORIENTED_EDGE('',*,*,#1225,.F.);
#1225 = EDGE_CURVE('',#1185,#1226,#1228,.T.);
#1226 = VERTEX_POINT('',#1227);
#1227 = CARTESIAN_POINT('',(42.143653320015,53.,68.979161822711));
#1228 = B_SPLINE_CURVE_WITH_KNOTS('',3,(#1229,#1230,#1231,#1232,#1233),
  .UNSPECIFIED.,.F.,.F.,(4,1,4),(0.,5.624110517544E-02,0.110735724076),
  .UNSPECIFIED.);
#1229 = CARTESIAN_POINT('',(41.312655241717,53.,68.258131333098));
#1230 = CARTESIAN_POINT('',(41.474192551461,53.,68.356252014722));
#1231 = CARTESIAN_POINT('',(41.792250863151,53.,68.549446381947));
#1232 = CARTESIAN_POINT('',(42.027757276816,53.,68.837437374536));
#1233 = CARTESIAN_POINT('',(42.143653320015,53.,68.979161822711));
#1234 = ORIENTED_EDGE('',*,*,#1205,.T.);
#1235 = ORIENTED_EDGE('',*,*,#1236,.F.);
#1236 = EDGE_CURVE('',#1237,#1196,#1239,.T.);
#1237 = VERTEX_POINT('',#1238);
#1238 = CARTESIAN_POINT('',(42.143653320015,54.,68.979161822711));
#1239 = B_SPLINE_CURVE_WITH_KNOTS('',3,(#1240,#1241,#1242,#1243,#1244),
  .UNSPECIFIED.,.F.,.F.,(4,1,4),(-0.110735724076,-5.624110517544E-02,0.)
  ,.UNSPECIFIED.);
#1240 = CARTESIAN_POINT('',(42.143653320015,54.,68.979161822711));
#1241 = CARTESIAN_POINT('',(42.027757276816,54.,68.837437374536));
#1242 = CARTESIAN_POINT('',(41.792250863151,54.,68.549446381947));
#1243 = CARTESIAN_POINT('',(41.474192551461,54.,68.356252014722));
#1244 = CARTESIAN_POINT('',(41.312655241717,54.,68.258131333098));
#1245 = ORIENTED_EDGE('',*,*,#1246,.F.);
#1246 = EDGE_CURVE('',#1226,#1237,#1247,.T.);
#1247 = LINE('',#1248,#1249);
#1248 = CARTESIAN_POINT('',(42.143653320015,53.,68.979161822711));
#1249 = VECTOR('',#1250,1.);
#1250 = DIRECTION('',(0.,1.,0.));
#1251 = B_SPLINE_SURFACE_WITH_KNOTS('',3,1,(
    (#1252,#1253)
    ,(#1254,#1255)
    ,(#1256,#1257)
    ,(#1258,#1259)
    ,(#1260,#1261
    )),.UNSPECIFIED.,.F.,.F.,.F.,(4,1,4),(2,2),(-0.110735724076,
    -5.624110517544E-02,0.),(0.,1.E-01),.UNSPECIFIED.);
#1252 = CARTESIAN_POINT('',(42.143653320015,53.,68.979161822711));
#1253 = CARTESIAN_POINT('',(42.143653320015,54.,68.979161822711));
#1254 = CARTESIAN_POINT('',(42.027757276816,53.,68.837437374536));
#1255 = CARTESIAN_POINT('',(42.027757276816,54.,68.837437374536));
#1256 = CARTESIAN_POINT('',(41.792250863151,53.,68.549446381947));
#1257 = CARTESIAN_POINT('',(41.792250863151,54.,68.549446381947));
#1258 = CARTESIAN_POINT('',(41.474192551461,53.,68.356252014722));
#1259 = CARTESIAN_POINT('',(41.474192551461,54.,68.356252014722));
#1260 = CARTESIAN_POINT('',(41.312655241717,53.,68.258131333098));
#1261 = CARTESIAN_POINT('',(41.312655241717,54.,68.258131333098));
#1262 = ADVANCED_FACE('',(#1263),#1288,.T.);
#1263 = FACE_BOUND('',#1264,.T.);
#1264 = EDGE_LOOP('',(#1265,#1273,#1274,#1282));
#1265 = ORIENTED_EDGE('',*,*,#1266,.F.);
#1266 = EDGE_CURVE('',#1226,#1267,#1269,.T.);
#1267 = VERTEX_POINT('',#1268);
#1268 = CARTESIAN_POINT('',(42.149628446618,53.,65.391172818483));
#1269 = LINE('',#1270,#1271);
#1270 = CARTESIAN_POINT('',(42.143421065608,53.,69.118627697496));
#1271 = VECTOR('',#1272,1.);
#1272 = DIRECTION('',(1.665311211988E-03,0.,-0.999998613368));
#1273 = ORIENTED_EDGE('',*,*,#1246,.T.);
#1274 = ORIENTED_EDGE('',*,*,#1275,.F.);
#1275 = EDGE_CURVE('',#1276,#1237,#1278,.T.);
#1276 = VERTEX_POINT('',#1277);
#1277 = CARTESIAN_POINT('',(42.149628446618,54.,65.391172818483));
#1278 = LINE('',#1279,#1280);
#1279 = CARTESIAN_POINT('',(42.143653320015,54.,68.979161822711));
#1280 = VECTOR('',#1281,1.);
#1281 = DIRECTION('',(-1.665311211988E-03,0.,0.999998613368));
#1282 = ORIENTED_EDGE('',*,*,#1283,.F.);
#1283 = EDGE_CURVE('',#1267,#1276,#1284,.T.);
#1284 = LINE('',#1285,#1286);
#1285 = CARTESIAN_POINT('',(42.149628446618,53.,65.391172818483));
#1286 = VECTOR('',#1287,1.);
#1287 = DIRECTION('',(0.,1.,0.));
#1288 = PLANE('',#1289);
#1289 = AXIS2_PLACEMENT_3D('',#1290,#1291,#1292);
#1290 = CARTESIAN_POINT('',(42.149628446618,53.,65.391172818483));
#1291 = DIRECTION('',(-0.999998613368,0.,-1.665311211988E-03));
#1292 = DIRECTION('',(-1.665311211988E-03,0.,0.999998613368));
#1293 = ADVANCED_FACE('',(#1294),#1319,.T.);
#1294 = FACE_BOUND('',#1295,.T.);
#1295 = EDGE_LOOP('',(#1296,#1304,#1305,#1313));
#1296 = ORIENTED_EDGE('',*,*,#1297,.F.);
#1297 = EDGE_CURVE('',#1267,#1298,#1300,.T.);
#1298 = VERTEX_POINT('',#1299);
#1299 = CARTESIAN_POINT('',(43.37063505431,53.,65.393206177296));
#1300 = LINE('',#1301,#1302);
#1301 = CARTESIAN_POINT('',(55.697053270609,53.,65.413733528219));
#1302 = VECTOR('',#1303,1.);
#1303 = DIRECTION('',(0.999998613368,0.,1.665311211985E-03));
#1304 = ORIENTED_EDGE('',*,*,#1283,.T.);
#1305 = ORIENTED_EDGE('',*,*,#1306,.F.);
#1306 = EDGE_CURVE('',#1307,#1276,#1309,.T.);
#1307 = VERTEX_POINT('',#1308);
#1308 = CARTESIAN_POINT('',(43.37063505431,54.,65.393206177296));
#1309 = LINE('',#1310,#1311);
#1310 = CARTESIAN_POINT('',(42.149628446618,54.,65.391172818483));
#1311 = VECTOR('',#1312,1.);
#1312 = DIRECTION('',(-0.999998613368,0.,-1.665311211985E-03));
#1313 = ORIENTED_EDGE('',*,*,#1314,.F.);
#1314 = EDGE_CURVE('',#1298,#1307,#1315,.T.);
#1315 = LINE('',#1316,#1317);
#1316 = CARTESIAN_POINT('',(43.37063505431,53.,65.393206177296));
#1317 = VECTOR('',#1318,1.);
#1318 = DIRECTION('',(0.,1.,0.));
#1319 = PLANE('',#1320);
#1320 = AXIS2_PLACEMENT_3D('',#1321,#1322,#1323);
#1321 = CARTESIAN_POINT('',(43.37063505431,53.,65.393206177296));
#1322 = DIRECTION('',(1.665311211985E-03,0.,-0.999998613368));
#1323 = DIRECTION('',(-0.999998613368,0.,-1.665311211985E-03));
#1324 = ADVANCED_FACE('',(#1325),#1350,.T.);
#1325 = FACE_BOUND('',#1326,.T.);
#1326 = EDGE_LOOP('',(#1327,#1335,#1336,#1344));
#1327 = ORIENTED_EDGE('',*,*,#1328,.F.);
#1328 = EDGE_CURVE('',#1298,#1329,#1331,.T.);
#1329 = VERTEX_POINT('',#1330);
#1330 = CARTESIAN_POINT('',(43.35398194219,53.,75.393192310979));
#1331 = LINE('',#1332,#1333);
#1332 = CARTESIAN_POINT('',(43.356101117241,53.,74.12065412315));
#1333 = VECTOR('',#1334,1.);
#1334 = DIRECTION('',(-1.665311211989E-03,0.,0.999998613368));
#1335 = ORIENTED_EDGE('',*,*,#1314,.T.);
#1336 = ORIENTED_EDGE('',*,*,#1337,.F.);
#1337 = EDGE_CURVE('',#1338,#1307,#1340,.T.);
#1338 = VERTEX_POINT('',#1339);
#1339 = CARTESIAN_POINT('',(43.35398194219,54.,75.393192310979));
#1340 = LINE('',#1341,#1342);
#1341 = CARTESIAN_POINT('',(43.37063505431,54.,65.393206177296));
#1342 = VECTOR('',#1343,1.);
#1343 = DIRECTION('',(1.665311211989E-03,0.,-0.999998613368));
#1344 = ORIENTED_EDGE('',*,*,#1345,.F.);
#1345 = EDGE_CURVE('',#1329,#1338,#1346,.T.);
#1346 = LINE('',#1347,#1348);
#1347 = CARTESIAN_POINT('',(43.35398194219,53.,75.393192310979));
#1348 = VECTOR('',#1349,1.);
#1349 = DIRECTION('',(0.,1.,0.));
#1350 = PLANE('',#1351);
#1351 = AXIS2_PLACEMENT_3D('',#1352,#1353,#1354);
#1352 = CARTESIAN_POINT('',(43.35398194219,53.,75.393192310979));
#1353 = DIRECTION('',(0.999998613368,0.,1.665311211989E-03));
#1354 = DIRECTION('',(1.665311211989E-03,0.,-0.999998613368));
#1355 = ADVANCED_FACE('',(#1356),#1372,.T.);
#1356 = FACE_BOUND('',#1357,.T.);
#1357 = EDGE_LOOP('',(#1358,#1364,#1365,#1371));
#1358 = ORIENTED_EDGE('',*,*,#1359,.F.);
#1359 = EDGE_CURVE('',#1329,#858,#1360,.T.);
#1360 = LINE('',#1361,#1362);
#1361 = CARTESIAN_POINT('',(55.110823731181,53.,75.412771138577));
#1362 = VECTOR('',#1363,1.);
#1363 = DIRECTION('',(-0.999998613368,0.,-1.665311211987E-03));
#1364 = ORIENTED_EDGE('',*,*,#1345,.T.);
#1365 = ORIENTED_EDGE('',*,*,#1366,.F.);
#1366 = EDGE_CURVE('',#868,#1338,#1367,.T.);
#1367 = LINE('',#1368,#1369);
#1368 = CARTESIAN_POINT('',(43.35398194219,54.,75.393192310979));
#1369 = VECTOR('',#1370,1.);
#1370 = DIRECTION('',(0.999998613368,0.,1.665311211987E-03));
#1371 = ORIENTED_EDGE('',*,*,#867,.F.);
#1372 = PLANE('',#1373);
#1373 = AXIS2_PLACEMENT_3D('',#1374,#1375,#1376);
#1374 = CARTESIAN_POINT('',(42.214829087574,53.,75.391295264328));
#1375 = DIRECTION('',(-1.665311211987E-03,0.,0.999998613368));
#1376 = DIRECTION('',(0.999998613368,0.,1.665311211987E-03));
#1377 = ADVANCED_FACE('',(#1378,#1394),#1404,.T.);
#1378 = FACE_BOUND('',#1379,.T.);
#1379 = EDGE_LOOP('',(#1380,#1381,#1382,#1383,#1384,#1385,#1386,#1387,
    #1388,#1389,#1390,#1391,#1392,#1393));
#1380 = ORIENTED_EDGE('',*,*,#1366,.T.);
#1381 = ORIENTED_EDGE('',*,*,#1337,.T.);
#1382 = ORIENTED_EDGE('',*,*,#1306,.T.);
#1383 = ORIENTED_EDGE('',*,*,#1275,.T.);
#1384 = ORIENTED_EDGE('',*,*,#1236,.T.);
#1385 = ORIENTED_EDGE('',*,*,#1195,.T.);
#1386 = ORIENTED_EDGE('',*,*,#1154,.T.);
#1387 = ORIENTED_EDGE('',*,*,#1113,.T.);
#1388 = ORIENTED_EDGE('',*,*,#1072,.T.);
#1389 = ORIENTED_EDGE('',*,*,#1031,.T.);
#1390 = ORIENTED_EDGE('',*,*,#990,.T.);
#1391 = ORIENTED_EDGE('',*,*,#949,.T.);
#1392 = ORIENTED_EDGE('',*,*,#908,.T.);
#1393 = ORIENTED_EDGE('',*,*,#875,.T.);
#1394 = FACE_BOUND('',#1395,.T.);
#1395 = EDGE_LOOP('',(#1396,#1397,#1398,#1399,#1400,#1401,#1402,#1403));
#1396 = ORIENTED_EDGE('',*,*,#834,.T.);
#1397 = ORIENTED_EDGE('',*,*,#795,.T.);
#1398 = ORIENTED_EDGE('',*,*,#754,.T.);
#1399 = ORIENTED_EDGE('',*,*,#713,.T.);
#1400 = ORIENTED_EDGE('',*,*,#672,.T.);
#1401 = ORIENTED_EDGE('',*,*,#631,.T.);
#1402 = ORIENTED_EDGE('',*,*,#590,.T.);
#1403 = ORIENTED_EDGE('',*,*,#549,.T.);
#1404 = PLANE('',#1405);
#1405 = AXIS2_PLACEMENT_3D('',#1406,#1407,#1408);
#1406 = CARTESIAN_POINT('',(70.398423006811,54.,71.860650462761));
#1407 = DIRECTION('',(0.,1.,0.));
#1408 = DIRECTION('',(-1.,0.,0.));
#1409 = ADVANCED_FACE('',(#1410),#1420,.T.);
#1410 = FACE_BOUND('',#1411,.T.);
#1411 = EDGE_LOOP('',(#1412,#1413,#1414,#1415,#1416,#1417,#1418,#1419));
#1412 = ORIENTED_EDGE('',*,*,#529,.T.);
#1413 = ORIENTED_EDGE('',*,*,#579,.T.);
#1414 = ORIENTED_EDGE('',*,*,#620,.T.);
#1415 = ORIENTED_EDGE('',*,*,#661,.T.);
#1416 = ORIENTED_EDGE('',*,*,#702,.T.);
#1417 = ORIENTED_EDGE('',*,*,#743,.T.);
#1418 = ORIENTED_EDGE('',*,*,#784,.T.);
#1419 = ORIENTED_EDGE('',*,*,#825,.T.);
#1420 = PLANE('',#1421);
#1421 = AXIS2_PLACEMENT_3D('',#1422,#1423,#1424);
#1422 = CARTESIAN_POINT('',(68.011056724889,53.,72.889170637168));
#1423 = DIRECTION('',(0.,1.,0.));
#1424 = DIRECTION('',(-1.,0.,0.));
#1425 = ADVANCED_FACE('',(#1426),#1464,.T.);
#1426 = FACE_BOUND('',#1427,.T.);
#1427 = EDGE_LOOP('',(#1428,#1440,#1448,#1458));
#1428 = ORIENTED_EDGE('',*,*,#1429,.F.);
#1429 = EDGE_CURVE('',#1430,#1432,#1434,.T.);
#1430 = VERTEX_POINT('',#1431);
#1431 = CARTESIAN_POINT('',(58.059948749479,53.,71.741005276337));
#1432 = VERTEX_POINT('',#1433);
#1433 = CARTESIAN_POINT('',(58.41151787523,53.,73.624268053797));
#1434 = B_SPLINE_CURVE_WITH_KNOTS('',3,(#1435,#1436,#1437,#1438,#1439),
  .UNSPECIFIED.,.F.,.F.,(4,1,4),(0.,0.112560008903,0.193135570894),
  .UNSPECIFIED.);
#1435 = CARTESIAN_POINT('',(58.059948749479,53.,71.741005276337));
#1436 = CARTESIAN_POINT('',(58.061391374764,53.,72.120833086266));
#1437 = CARTESIAN_POINT('',(58.06386669669,53.,72.772558877929));
#1438 = CARTESIAN_POINT('',(58.309175713286,53.,73.373540417054));
#1439 = CARTESIAN_POINT('',(58.41151787523,53.,73.624268053797));
#1440 = ORIENTED_EDGE('',*,*,#1441,.T.);
#1441 = EDGE_CURVE('',#1430,#1442,#1444,.T.);
#1442 = VERTEX_POINT('',#1443);
#1443 = CARTESIAN_POINT('',(58.059948749479,54.,71.741005276337));
#1444 = LINE('',#1445,#1446);
#1445 = CARTESIAN_POINT('',(58.059948749479,53.,71.741005276337));
#1446 = VECTOR('',#1447,1.);
#1447 = DIRECTION('',(0.,1.,0.));
#1448 = ORIENTED_EDGE('',*,*,#1449,.F.);
#1449 = EDGE_CURVE('',#1450,#1442,#1452,.T.);
#1450 = VERTEX_POINT('',#1451);
#1451 = CARTESIAN_POINT('',(58.41151787523,54.,73.624268053797));
#1452 = B_SPLINE_CURVE_WITH_KNOTS('',3,(#1453,#1454,#1455,#1456,#1457),
  .UNSPECIFIED.,.F.,.F.,(4,1,4),(-0.193135570894,-0.112560008903,0.),
  .UNSPECIFIED.);
#1453 = CARTESIAN_POINT('',(58.41151787523,54.,73.624268053797));
#1454 = CARTESIAN_POINT('',(58.309175713286,54.,73.373540417054));
#1455 = CARTESIAN_POINT('',(58.06386669669,54.,72.772558877929));
#1456 = CARTESIAN_POINT('',(58.061391374764,54.,72.120833086266));
#1457 = CARTESIAN_POINT('',(58.059948749479,54.,71.741005276337));
#1458 = ORIENTED_EDGE('',*,*,#1459,.F.);
#1459 = EDGE_CURVE('',#1432,#1450,#1460,.T.);
#1460 = LINE('',#1461,#1462);
#1461 = CARTESIAN_POINT('',(58.41151787523,53.,73.624268053797));
#1462 = VECTOR('',#1463,1.);
#1463 = DIRECTION('',(0.,1.,0.));
#1464 = B_SPLINE_SURFACE_WITH_KNOTS('',3,1,(
    (#1465,#1466)
    ,(#1467,#1468)
    ,(#1469,#1470)
    ,(#1471,#1472)
    ,(#1473,#1474
    )),.UNSPECIFIED.,.F.,.F.,.F.,(4,1,4),(2,2),(-0.193135570894,
    -0.112560008903,0.),(0.,1.E-01),.UNSPECIFIED.);
#1465 = CARTESIAN_POINT('',(58.41151787523,53.,73.624268053797));
#1466 = CARTESIAN_POINT('',(58.41151787523,54.,73.624268053797));
#1467 = CARTESIAN_POINT('',(58.309175713286,53.,73.373540417054));
#1468 = CARTESIAN_POINT('',(58.309175713286,54.,73.373540417054));
#1469 = CARTESIAN_POINT('',(58.06386669669,53.,72.772558877929));
#1470 = CARTESIAN_POINT('',(58.06386669669,54.,72.772558877929));
#1471 = CARTESIAN_POINT('',(58.061391374764,53.,72.120833086266));
#1472 = CARTESIAN_POINT('',(58.061391374764,54.,72.120833086266));
#1473 = CARTESIAN_POINT('',(58.059948749479,53.,71.741005276337));
#1474 = CARTESIAN_POINT('',(58.059948749479,54.,71.741005276337));
#1475 = ADVANCED_FACE('',(#1476),#1505,.T.);
#1476 = FACE_BOUND('',#1477,.T.);
#1477 = EDGE_LOOP('',(#1478,#1488,#1489,#1499));
#1478 = ORIENTED_EDGE('',*,*,#1479,.F.);
#1479 = EDGE_CURVE('',#1432,#1480,#1482,.T.);
#1480 = VERTEX_POINT('',#1481);
#1481 = CARTESIAN_POINT('',(59.978831107058,53.,74.575037939041));
#1482 = B_SPLINE_CURVE_WITH_KNOTS('',3,(#1483,#1484,#1485,#1486,#1487),
  .UNSPECIFIED.,.F.,.F.,(4,1,4),(0.,9.853890738141E-02,0.190328828836),
  .UNSPECIFIED.);
#1483 = CARTESIAN_POINT('',(58.41151787523,53.,73.624268053797));
#1484 = CARTESIAN_POINT('',(58.615150218155,53.,73.901050929039));
#1485 = CARTESIAN_POINT('',(59.008468008781,53.,74.435659662652));
#1486 = CARTESIAN_POINT('',(59.66311457818,53.,74.529689939204));
#1487 = CARTESIAN_POINT('',(59.978831107058,53.,74.575037939041));
#1488 = ORIENTED_EDGE('',*,*,#1459,.T.);
#1489 = ORIENTED_EDGE('',*,*,#1490,.F.);
#1490 = EDGE_CURVE('',#1491,#1450,#1493,.T.);
#1491 = VERTEX_POINT('',#1492);
#1492 = CARTESIAN_POINT('',(59.978831107058,54.,74.575037939041));
#1493 = B_SPLINE_CURVE_WITH_KNOTS('',3,(#1494,#1495,#1496,#1497,#1498),
  .UNSPECIFIED.,.F.,.F.,(4,1,4),(-0.190328828836,-9.853890738141E-02,0.)
  ,.UNSPECIFIED.);
#1494 = CARTESIAN_POINT('',(59.978831107058,54.,74.575037939041));
#1495 = CARTESIAN_POINT('',(59.66311457818,54.,74.529689939204));
#1496 = CARTESIAN_POINT('',(59.008468008781,54.,74.435659662652));
#1497 = CARTESIAN_POINT('',(58.615150218155,54.,73.901050929039));
#1498 = CARTESIAN_POINT('',(58.41151787523,54.,73.624268053797));
#1499 = ORIENTED_EDGE('',*,*,#1500,.F.);
#1500 = EDGE_CURVE('',#1480,#1491,#1501,.T.);
#1501 = LINE('',#1502,#1503);
#1502 = CARTESIAN_POINT('',(59.978831107058,53.,74.575037939041));
#1503 = VECTOR('',#1504,1.);
#1504 = DIRECTION('',(0.,1.,0.));
#1505 = B_SPLINE_SURFACE_WITH_KNOTS('',3,1,(
    (#1506,#1507)
    ,(#1508,#1509)
    ,(#1510,#1511)
    ,(#1512,#1513)
    ,(#1514,#1515
    )),.UNSPECIFIED.,.F.,.F.,.F.,(4,1,4),(2,2),(-0.190328828836,
    -9.853890738141E-02,0.),(0.,1.E-01),.UNSPECIFIED.);
#1506 = CARTESIAN_POINT('',(59.978831107058,53.,74.575037939041));
#1507 = CARTESIAN_POINT('',(59.978831107058,54.,74.575037939041));
#1508 = CARTESIAN_POINT('',(59.66311457818,53.,74.529689939204));
#1509 = CARTESIAN_POINT('',(59.66311457818,54.,74.529689939204));
#1510 = CARTESIAN_POINT('',(59.008468008781,53.,74.435659662652));
#1511 = CARTESIAN_POINT('',(59.008468008781,54.,74.435659662652));
#1512 = CARTESIAN_POINT('',(58.615150218155,53.,73.901050929039));
#1513 = CARTESIAN_POINT('',(58.615150218155,54.,73.901050929039));
#1514 = CARTESIAN_POINT('',(58.41151787523,53.,73.624268053797));
#1515 = CARTESIAN_POINT('',(58.41151787523,54.,73.624268053797));
#1516 = ADVANCED_FACE('',(#1517),#1546,.T.);
#1517 = FACE_BOUND('',#1518,.T.);
#1518 = EDGE_LOOP('',(#1519,#1529,#1530,#1540));
#1519 = ORIENTED_EDGE('',*,*,#1520,.F.);
#1520 = EDGE_CURVE('',#1480,#1521,#1523,.T.);
#1521 = VERTEX_POINT('',#1522);
#1522 = CARTESIAN_POINT('',(61.371537874425,53.,73.878174706241));
#1523 = B_SPLINE_CURVE_WITH_KNOTS('',3,(#1524,#1525,#1526,#1527,#1528),
  .UNSPECIFIED.,.F.,.F.,(4,1,4),(0.,7.704321305276E-02,0.15987569737),
  .UNSPECIFIED.);
#1524 = CARTESIAN_POINT('',(59.978831107058,53.,74.575037939041));
#1525 = CARTESIAN_POINT('',(60.241364571793,53.,74.542344032079));
#1526 = CARTESIAN_POINT('',(60.786159098066,53.,74.474499494342));
#1527 = CARTESIAN_POINT('',(61.171757306768,53.,74.081690975512));
#1528 = CARTESIAN_POINT('',(61.371537874425,53.,73.878174706241));
#1529 = ORIENTED_EDGE('',*,*,#1500,.T.);
#1530 = ORIENTED_EDGE('',*,*,#1531,.F.);
#1531 = EDGE_CURVE('',#1532,#1491,#1534,.T.);
#1532 = VERTEX_POINT('',#1533);
#1533 = CARTESIAN_POINT('',(61.371537874425,54.,73.878174706241));
#1534 = B_SPLINE_CURVE_WITH_KNOTS('',3,(#1535,#1536,#1537,#1538,#1539),
  .UNSPECIFIED.,.F.,.F.,(4,1,4),(-0.15987569737,-7.704321305276E-02,0.),
  .UNSPECIFIED.);
#1535 = CARTESIAN_POINT('',(61.371537874425,54.,73.878174706241));
#1536 = CARTESIAN_POINT('',(61.171757306768,54.,74.081690975512));
#1537 = CARTESIAN_POINT('',(60.786159098066,54.,74.474499494342));
#1538 = CARTESIAN_POINT('',(60.241364571793,54.,74.542344032079));
#1539 = CARTESIAN_POINT('',(59.978831107058,54.,74.575037939041));
#1540 = ORIENTED_EDGE('',*,*,#1541,.F.);
#1541 = EDGE_CURVE('',#1521,#1532,#1542,.T.);
#1542 = LINE('',#1543,#1544);
#1543 = CARTESIAN_POINT('',(61.371537874425,53.,73.878174706241));
#1544 = VECTOR('',#1545,1.);
#1545 = DIRECTION('',(0.,1.,0.));
#1546 = B_SPLINE_SURFACE_WITH_KNOTS('',3,1,(
    (#1547,#1548)
    ,(#1549,#1550)
    ,(#1551,#1552)
    ,(#1553,#1554)
    ,(#1555,#1556
    )),.UNSPECIFIED.,.F.,.F.,.F.,(4,1,4),(2,2),(-0.15987569737,
    -7.704321305276E-02,0.),(0.,1.E-01),.UNSPECIFIED.);
#1547 = CARTESIAN_POINT('',(61.371537874425,53.,73.878174706241));
#1548 = CARTESIAN_POINT('',(61.371537874425,54.,73.878174706241));
#1549 = CARTESIAN_POINT('',(61.171757306768,53.,74.081690975512));
#1550 = CARTESIAN_POINT('',(61.171757306768,54.,74.081690975512));
#1551 = CARTESIAN_POINT('',(60.786159098066,53.,74.474499494342));
#1552 = CARTESIAN_POINT('',(60.786159098066,54.,74.474499494342));
#1553 = CARTESIAN_POINT('',(60.241364571793,53.,74.542344032079));
#1554 = CARTESIAN_POINT('',(60.241364571793,54.,74.542344032079));
#1555 = CARTESIAN_POINT('',(59.978831107058,53.,74.575037939041));
#1556 = CARTESIAN_POINT('',(59.978831107058,54.,74.575037939041));
#1557 = ADVANCED_FACE('',(#1558),#1587,.T.);
#1558 = FACE_BOUND('',#1559,.T.);
#1559 = EDGE_LOOP('',(#1560,#1570,#1571,#1581));
#1560 = ORIENTED_EDGE('',*,*,#1561,.F.);
#1561 = EDGE_CURVE('',#1521,#1562,#1564,.T.);
#1562 = VERTEX_POINT('',#1563);
#1563 = CARTESIAN_POINT('',(61.961636320829,53.,71.795252156545));
#1564 = B_SPLINE_CURVE_WITH_KNOTS('',3,(#1565,#1566,#1567,#1568,#1569),
  .UNSPECIFIED.,.F.,.F.,(4,1,4),(0.,9.754291026056E-02,0.219759612058),
  .UNSPECIFIED.);
#1565 = CARTESIAN_POINT('',(61.371537874425,53.,73.878174706241));
#1566 = CARTESIAN_POINT('',(61.542555452495,53.,73.595506348176));
#1567 = CARTESIAN_POINT('',(61.927850052701,53.,72.958667765611));
#1568 = CARTESIAN_POINT('',(61.949561665102,53.,72.211037732326));
#1569 = CARTESIAN_POINT('',(61.961636320829,53.,71.795252156545));
#1570 = ORIENTED_EDGE('',*,*,#1541,.T.);
#1571 = ORIENTED_EDGE('',*,*,#1572,.F.);
#1572 = EDGE_CURVE('',#1573,#1532,#1575,.T.);
#1573 = VERTEX_POINT('',#1574);
#1574 = CARTESIAN_POINT('',(61.961636320829,54.,71.795252156545));
#1575 = B_SPLINE_CURVE_WITH_KNOTS('',3,(#1576,#1577,#1578,#1579,#1580),
  .UNSPECIFIED.,.F.,.F.,(4,1,4),(-0.219759612058,-9.754291026056E-02,0.)
  ,.UNSPECIFIED.);
#1576 = CARTESIAN_POINT('',(61.961636320829,54.,71.795252156545));
#1577 = CARTESIAN_POINT('',(61.949561665102,54.,72.211037732326));
#1578 = CARTESIAN_POINT('',(61.927850052701,54.,72.958667765611));
#1579 = CARTESIAN_POINT('',(61.542555452495,54.,73.595506348176));
#1580 = CARTESIAN_POINT('',(61.371537874425,54.,73.878174706241));
#1581 = ORIENTED_EDGE('',*,*,#1582,.F.);
#1582 = EDGE_CURVE('',#1562,#1573,#1583,.T.);
#1583 = LINE('',#1584,#1585);
#1584 = CARTESIAN_POINT('',(61.961636320829,53.,71.795252156545));
#1585 = VECTOR('',#1586,1.);
#1586 = DIRECTION('',(0.,1.,0.));
#1587 = B_SPLINE_SURFACE_WITH_KNOTS('',3,1,(
    (#1588,#1589)
    ,(#1590,#1591)
    ,(#1592,#1593)
    ,(#1594,#1595)
    ,(#1596,#1597
    )),.UNSPECIFIED.,.F.,.F.,.F.,(4,1,4),(2,2),(-0.219759612058,
    -9.754291026056E-02,0.),(0.,1.E-01),.UNSPECIFIED.);
#1588 = CARTESIAN_POINT('',(61.961636320829,53.,71.795252156545));
#1589 = CARTESIAN_POINT('',(61.961636320829,54.,71.795252156545));
#1590 = CARTESIAN_POINT('',(61.949561665102,53.,72.211037732326));
#1591 = CARTESIAN_POINT('',(61.949561665102,54.,72.211037732326));
#1592 = CARTESIAN_POINT('',(61.927850052701,53.,72.958667765611));
#1593 = CARTESIAN_POINT('',(61.927850052701,54.,72.958667765611));
#1594 = CARTESIAN_POINT('',(61.542555452495,53.,73.595506348176));
#1595 = CARTESIAN_POINT('',(61.542555452495,54.,73.595506348176));
#1596 = CARTESIAN_POINT('',(61.371537874425,53.,73.878174706241));
#1597 = CARTESIAN_POINT('',(61.371537874425,54.,73.878174706241));
#1598 = ADVANCED_FACE('',(#1599),#1628,.T.);
#1599 = FACE_BOUND('',#1600,.T.);
#1600 = EDGE_LOOP('',(#1601,#1611,#1612,#1622));
#1601 = ORIENTED_EDGE('',*,*,#1602,.F.);
#1602 = EDGE_CURVE('',#1562,#1603,#1605,.T.);
#1603 = VERTEX_POINT('',#1604);
#1604 = CARTESIAN_POINT('',(61.402370808777,53.,69.700183807998));
#1605 = B_SPLINE_CURVE_WITH_KNOTS('',3,(#1606,#1607,#1608,#1609,#1610),
  .UNSPECIFIED.,.F.,.F.,(4,1,4),(0.,0.124094767792,0.220000143616),
  .UNSPECIFIED.);
#1606 = CARTESIAN_POINT('',(61.961636320829,53.,71.795252156545));
#1607 = CARTESIAN_POINT('',(61.953559809476,53.,71.373103012114));
#1608 = CARTESIAN_POINT('',(61.939241448683,53.,70.624700206301));
#1609 = CARTESIAN_POINT('',(61.565358719151,53.,69.980856626858));
#1610 = CARTESIAN_POINT('',(61.402370808777,53.,69.700183807998));
#1611 = ORIENTED_EDGE('',*,*,#1582,.T.);
#1612 = ORIENTED_EDGE('',*,*,#1613,.F.);
#1613 = EDGE_CURVE('',#1614,#1573,#1616,.T.);
#1614 = VERTEX_POINT('',#1615);
#1615 = CARTESIAN_POINT('',(61.402370808777,54.,69.700183807998));
#1616 = B_SPLINE_CURVE_WITH_KNOTS('',3,(#1617,#1618,#1619,#1620,#1621),
  .UNSPECIFIED.,.F.,.F.,(4,1,4),(-0.220000143616,-0.124094767792,0.),
  .UNSPECIFIED.);
#1617 = CARTESIAN_POINT('',(61.402370808777,54.,69.700183807998));
#1618 = CARTESIAN_POINT('',(61.565358719151,54.,69.980856626858));
#1619 = CARTESIAN_POINT('',(61.939241448683,54.,70.624700206301));
#1620 = CARTESIAN_POINT('',(61.953559809476,54.,71.373103012114));
#1621 = CARTESIAN_POINT('',(61.961636320829,54.,71.795252156545));
#1622 = ORIENTED_EDGE('',*,*,#1623,.F.);
#1623 = EDGE_CURVE('',#1603,#1614,#1624,.T.);
#1624 = LINE('',#1625,#1626);
#1625 = CARTESIAN_POINT('',(61.402370808777,53.,69.700183807998));
#1626 = VECTOR('',#1627,1.);
#1627 = DIRECTION('',(0.,1.,0.));
#1628 = B_SPLINE_SURFACE_WITH_KNOTS('',3,1,(
    (#1629,#1630)
    ,(#1631,#1632)
    ,(#1633,#1634)
    ,(#1635,#1636)
    ,(#1637,#1638
    )),.UNSPECIFIED.,.F.,.F.,.F.,(4,1,4),(2,2),(-0.220000143616,
    -0.124094767792,0.),(0.,1.E-01),.UNSPECIFIED.);
#1629 = CARTESIAN_POINT('',(61.402370808777,53.,69.700183807998));
#1630 = CARTESIAN_POINT('',(61.402370808777,54.,69.700183807998));
#1631 = CARTESIAN_POINT('',(61.565358719151,53.,69.980856626858));
#1632 = CARTESIAN_POINT('',(61.565358719151,54.,69.980856626858));
#1633 = CARTESIAN_POINT('',(61.939241448683,53.,70.624700206301));
#1634 = CARTESIAN_POINT('',(61.939241448683,54.,70.624700206301));
#1635 = CARTESIAN_POINT('',(61.953559809476,53.,71.373103012114));
#1636 = CARTESIAN_POINT('',(61.953559809476,54.,71.373103012114));
#1637 = CARTESIAN_POINT('',(61.961636320829,53.,71.795252156545));
#1638 = CARTESIAN_POINT('',(61.961636320829,54.,71.795252156545));
#1639 = ADVANCED_FACE('',(#1640),#1669,.T.);
#1640 = FACE_BOUND('',#1641,.T.);
#1641 = EDGE_LOOP('',(#1642,#1652,#1653,#1663));
#1642 = ORIENTED_EDGE('',*,*,#1643,.F.);
#1643 = EDGE_CURVE('',#1603,#1644,#1646,.T.);
#1644 = VERTEX_POINT('',#1645);
#1645 = CARTESIAN_POINT('',(60.042651726151,53.,69.022611596785));
#1646 = B_SPLINE_CURVE_WITH_KNOTS('',3,(#1647,#1648,#1649,#1650,#1651),
  .UNSPECIFIED.,.F.,.F.,(4,1,4),(0.,8.018087195558E-02,0.156009646007),
  .UNSPECIFIED.);
#1647 = CARTESIAN_POINT('',(61.402370808777,53.,69.700183807998));
#1648 = CARTESIAN_POINT('',(61.209215384635,53.,69.502942328161));
#1649 = CARTESIAN_POINT('',(60.833388724116,53.,69.119165341248));
#1650 = CARTESIAN_POINT('',(60.301282789707,53.,69.054192005549));
#1651 = CARTESIAN_POINT('',(60.042651726151,53.,69.022611596785));
#1652 = ORIENTED_EDGE('',*,*,#1623,.T.);
#1653 = ORIENTED_EDGE('',*,*,#1654,.F.);
#1654 = EDGE_CURVE('',#1655,#1614,#1657,.T.);
#1655 = VERTEX_POINT('',#1656);
#1656 = CARTESIAN_POINT('',(60.042651726151,54.,69.022611596785));
#1657 = B_SPLINE_CURVE_WITH_KNOTS('',3,(#1658,#1659,#1660,#1661,#1662),
  .UNSPECIFIED.,.F.,.F.,(4,1,4),(-0.156009646007,-8.018087195558E-02,0.)
  ,.UNSPECIFIED.);
#1658 = CARTESIAN_POINT('',(60.042651726151,54.,69.022611596785));
#1659 = CARTESIAN_POINT('',(60.301282789707,54.,69.054192005549));
#1660 = CARTESIAN_POINT('',(60.833388724116,54.,69.119165341248));
#1661 = CARTESIAN_POINT('',(61.209215384635,54.,69.502942328161));
#1662 = CARTESIAN_POINT('',(61.402370808777,54.,69.700183807998));
#1663 = ORIENTED_EDGE('',*,*,#1664,.F.);
#1664 = EDGE_CURVE('',#1644,#1655,#1665,.T.);
#1665 = LINE('',#1666,#1667);
#1666 = CARTESIAN_POINT('',(60.042651726151,53.,69.022611596785));
#1667 = VECTOR('',#1668,1.);
#1668 = DIRECTION('',(0.,1.,0.));
#1669 = B_SPLINE_SURFACE_WITH_KNOTS('',3,1,(
    (#1670,#1671)
    ,(#1672,#1673)
    ,(#1674,#1675)
    ,(#1676,#1677)
    ,(#1678,#1679
    )),.UNSPECIFIED.,.F.,.F.,.F.,(4,1,4),(2,2),(-0.156009646007,
    -8.018087195558E-02,0.),(0.,1.E-01),.UNSPECIFIED.);
#1670 = CARTESIAN_POINT('',(60.042651726151,53.,69.022611596785));
#1671 = CARTESIAN_POINT('',(60.042651726151,54.,69.022611596785));
#1672 = CARTESIAN_POINT('',(60.301282789707,53.,69.054192005549));
#1673 = CARTESIAN_POINT('',(60.301282789707,54.,69.054192005549));
#1674 = CARTESIAN_POINT('',(60.833388724116,53.,69.119165341248));
#1675 = CARTESIAN_POINT('',(60.833388724116,54.,69.119165341248));
#1676 = CARTESIAN_POINT('',(61.209215384635,53.,69.502942328161));
#1677 = CARTESIAN_POINT('',(61.209215384635,54.,69.502942328161));
#1678 = CARTESIAN_POINT('',(61.402370808777,53.,69.700183807998));
#1679 = CARTESIAN_POINT('',(61.402370808777,54.,69.700183807998));
#1680 = ADVANCED_FACE('',(#1681),#1710,.T.);
#1681 = FACE_BOUND('',#1682,.T.);
#1682 = EDGE_LOOP('',(#1683,#1693,#1694,#1704));
#1683 = ORIENTED_EDGE('',*,*,#1684,.F.);
#1684 = EDGE_CURVE('',#1644,#1685,#1687,.T.);
#1685 = VERTEX_POINT('',#1686);
#1686 = CARTESIAN_POINT('',(58.649944958784,53.,69.719474829584));
#1687 = B_SPLINE_CURVE_WITH_KNOTS('',3,(#1688,#1689,#1690,#1691,#1692),
  .UNSPECIFIED.,.F.,.F.,(4,1,4),(0.,7.704321305276E-02,0.15987569737),
  .UNSPECIFIED.);
#1688 = CARTESIAN_POINT('',(60.042651726151,53.,69.022611596785));
#1689 = CARTESIAN_POINT('',(59.780118261416,53.,69.055305503747));
#1690 = CARTESIAN_POINT('',(59.235323735143,53.,69.123150041484));
#1691 = CARTESIAN_POINT('',(58.849725526441,53.,69.515958560314));
#1692 = CARTESIAN_POINT('',(58.649944958784,53.,69.719474829584));
#1693 = ORIENTED_EDGE('',*,*,#1664,.T.);
#1694 = ORIENTED_EDGE('',*,*,#1695,.F.);
#1695 = EDGE_CURVE('',#1696,#1655,#1698,.T.);
#1696 = VERTEX_POINT('',#1697);
#1697 = CARTESIAN_POINT('',(58.649944958784,54.,69.719474829584));
#1698 = B_SPLINE_CURVE_WITH_KNOTS('',3,(#1699,#1700,#1701,#1702,#1703),
  .UNSPECIFIED.,.F.,.F.,(4,1,4),(-0.15987569737,-7.704321305276E-02,0.),
  .UNSPECIFIED.);
#1699 = CARTESIAN_POINT('',(58.649944958784,54.,69.719474829584));
#1700 = CARTESIAN_POINT('',(58.849725526441,54.,69.515958560314));
#1701 = CARTESIAN_POINT('',(59.235323735143,54.,69.123150041484));
#1702 = CARTESIAN_POINT('',(59.780118261416,54.,69.055305503747));
#1703 = CARTESIAN_POINT('',(60.042651726151,54.,69.022611596785));
#1704 = ORIENTED_EDGE('',*,*,#1705,.F.);
#1705 = EDGE_CURVE('',#1685,#1696,#1706,.T.);
#1706 = LINE('',#1707,#1708);
#1707 = CARTESIAN_POINT('',(58.649944958784,53.,69.719474829584));
#1708 = VECTOR('',#1709,1.);
#1709 = DIRECTION('',(0.,1.,0.));
#1710 = B_SPLINE_SURFACE_WITH_KNOTS('',3,1,(
    (#1711,#1712)
    ,(#1713,#1714)
    ,(#1715,#1716)
    ,(#1717,#1718)
    ,(#1719,#1720
    )),.UNSPECIFIED.,.F.,.F.,.F.,(4,1,4),(2,2),(-0.15987569737,
    -7.704321305276E-02,0.),(0.,1.E-01),.UNSPECIFIED.);
#1711 = CARTESIAN_POINT('',(58.649944958784,53.,69.719474829584));
#1712 = CARTESIAN_POINT('',(58.649944958784,54.,69.719474829584));
#1713 = CARTESIAN_POINT('',(58.849725526441,53.,69.515958560314));
#1714 = CARTESIAN_POINT('',(58.849725526441,54.,69.515958560314));
#1715 = CARTESIAN_POINT('',(59.235323735143,53.,69.123150041484));
#1716 = CARTESIAN_POINT('',(59.235323735143,54.,69.123150041484));
#1717 = CARTESIAN_POINT('',(59.780118261416,53.,69.055305503747));
#1718 = CARTESIAN_POINT('',(59.780118261416,54.,69.055305503747));
#1719 = CARTESIAN_POINT('',(60.042651726151,53.,69.022611596785));
#1720 = CARTESIAN_POINT('',(60.042651726151,54.,69.022611596785));
#1721 = ADVANCED_FACE('',(#1722),#1742,.T.);
#1722 = FACE_BOUND('',#1723,.T.);
#1723 = EDGE_LOOP('',(#1724,#1732,#1733,#1741));
#1724 = ORIENTED_EDGE('',*,*,#1725,.F.);
#1725 = EDGE_CURVE('',#1685,#1430,#1726,.T.);
#1726 = B_SPLINE_CURVE_WITH_KNOTS('',3,(#1727,#1728,#1729,#1730,#1731),
  .UNSPECIFIED.,.F.,.F.,(4,1,4),(0.,9.61756348709E-02,0.213822445796),
  .UNSPECIFIED.);
#1727 = CARTESIAN_POINT('',(58.649944958784,53.,69.719474829584));
#1728 = CARTESIAN_POINT('',(58.478830115214,53.,69.996838934508));
#1729 = CARTESIAN_POINT('',(58.098399100505,53.,70.613488581483));
#1730 = CARTESIAN_POINT('',(58.073595750175,53.,71.340821124338));
#1731 = CARTESIAN_POINT('',(58.059948749479,53.,71.741005276337));
#1732 = ORIENTED_EDGE('',*,*,#1705,.T.);
#1733 = ORIENTED_EDGE('',*,*,#1734,.F.);
#1734 = EDGE_CURVE('',#1442,#1696,#1735,.T.);
#1735 = B_SPLINE_CURVE_WITH_KNOTS('',3,(#1736,#1737,#1738,#1739,#1740),
  .UNSPECIFIED.,.F.,.F.,(4,1,4),(-0.213822445796,-9.61756348709E-02,0.),
  .UNSPECIFIED.);
#1736 = CARTESIAN_POINT('',(58.059948749479,54.,71.741005276337));
#1737 = CARTESIAN_POINT('',(58.073595750175,54.,71.340821124338));
#1738 = CARTESIAN_POINT('',(58.098399100505,54.,70.613488581483));
#1739 = CARTESIAN_POINT('',(58.478830115214,54.,69.996838934508));
#1740 = CARTESIAN_POINT('',(58.649944958784,54.,69.719474829584));
#1741 = ORIENTED_EDGE('',*,*,#1441,.F.);
#1742 = B_SPLINE_SURFACE_WITH_KNOTS('',3,1,(
    (#1743,#1744)
    ,(#1745,#1746)
    ,(#1747,#1748)
    ,(#1749,#1750)
    ,(#1751,#1752
    )),.UNSPECIFIED.,.F.,.F.,.F.,(4,1,4),(2,2),(-0.213822445796,
    -9.61756348709E-02,0.),(0.,1.E-01),.UNSPECIFIED.);
#1743 = CARTESIAN_POINT('',(58.059948749479,53.,71.741005276337));
#1744 = CARTESIAN_POINT('',(58.059948749479,54.,71.741005276337));
#1745 = CARTESIAN_POINT('',(58.073595750175,53.,71.340821124338));
#1746 = CARTESIAN_POINT('',(58.073595750175,54.,71.340821124338));
#1747 = CARTESIAN_POINT('',(58.098399100505,53.,70.613488581483));
#1748 = CARTESIAN_POINT('',(58.098399100505,54.,70.613488581483));
#1749 = CARTESIAN_POINT('',(58.478830115214,53.,69.996838934508));
#1750 = CARTESIAN_POINT('',(58.478830115214,54.,69.996838934508));
#1751 = CARTESIAN_POINT('',(58.649944958784,53.,69.719474829584));
#1752 = CARTESIAN_POINT('',(58.649944958784,54.,69.719474829584));
#1753 = ADVANCED_FACE('',(#1754),#1788,.T.);
#1754 = FACE_BOUND('',#1755,.T.);
#1755 = EDGE_LOOP('',(#1756,#1766,#1774,#1782));
#1756 = ORIENTED_EDGE('',*,*,#1757,.F.);
#1757 = EDGE_CURVE('',#1758,#1760,#1762,.T.);
#1758 = VERTEX_POINT('',#1759);
#1759 = CARTESIAN_POINT('',(58.067468238584,53.,75.417694878652));
#1760 = VERTEX_POINT('',#1761);
#1761 = CARTESIAN_POINT('',(56.928315383968,53.,75.415797832001));
#1762 = LINE('',#1763,#1764);
#1763 = CARTESIAN_POINT('',(62.467566879378,53.,75.425022422413));
#1764 = VECTOR('',#1765,1.);
#1765 = DIRECTION('',(-0.999998613368,0.,-1.665311211987E-03));
#1766 = ORIENTED_EDGE('',*,*,#1767,.T.);
#1767 = EDGE_CURVE('',#1758,#1768,#1770,.T.);
#1768 = VERTEX_POINT('',#1769);
#1769 = CARTESIAN_POINT('',(58.067468238584,54.,75.417694878652));
#1770 = LINE('',#1771,#1772);
#1771 = CARTESIAN_POINT('',(58.067468238584,53.,75.417694878652));
#1772 = VECTOR('',#1773,1.);
#1773 = DIRECTION('',(0.,1.,0.));
#1774 = ORIENTED_EDGE('',*,*,#1775,.F.);
#1775 = EDGE_CURVE('',#1776,#1768,#1778,.T.);
#1776 = VERTEX_POINT('',#1777);
#1777 = CARTESIAN_POINT('',(56.928315383968,54.,75.415797832001));
#1778 = LINE('',#1779,#1780);
#1779 = CARTESIAN_POINT('',(58.067468238584,54.,75.417694878652));
#1780 = VECTOR('',#1781,1.);
#1781 = DIRECTION('',(0.999998613368,0.,1.665311211987E-03));
#1782 = ORIENTED_EDGE('',*,*,#1783,.F.);
#1783 = EDGE_CURVE('',#1760,#1776,#1784,.T.);
#1784 = LINE('',#1785,#1786);
#1785 = CARTESIAN_POINT('',(56.928315383968,53.,75.415797832001));
#1786 = VECTOR('',#1787,1.);
#1787 = DIRECTION('',(0.,1.,0.));
#1788 = PLANE('',#1789);
#1789 = AXIS2_PLACEMENT_3D('',#1790,#1791,#1792);
#1790 = CARTESIAN_POINT('',(56.928315383968,53.,75.415797832001));
#1791 = DIRECTION('',(-1.665311211987E-03,0.,0.999998613368));
#1792 = DIRECTION('',(0.999998613368,0.,1.665311211987E-03));
#1793 = ADVANCED_FACE('',(#1794),#1819,.T.);
#1794 = FACE_BOUND('',#1795,.T.);
#1795 = EDGE_LOOP('',(#1796,#1804,#1805,#1813));
#1796 = ORIENTED_EDGE('',*,*,#1797,.F.);
#1797 = EDGE_CURVE('',#1760,#1798,#1800,.T.);
#1798 = VERTEX_POINT('',#1799);
#1799 = CARTESIAN_POINT('',(56.944968496088,53.,65.415811698317));
#1800 = LINE('',#1801,#1802);
#1801 = CARTESIAN_POINT('',(56.938761115078,53.,69.14326657733));
#1802 = VECTOR('',#1803,1.);
#1803 = DIRECTION('',(1.665311211989E-03,0.,-0.999998613368));
#1804 = ORIENTED_EDGE('',*,*,#1783,.T.);
#1805 = ORIENTED_EDGE('',*,*,#1806,.F.);
#1806 = EDGE_CURVE('',#1807,#1776,#1809,.T.);
#1807 = VERTEX_POINT('',#1808);
#1808 = CARTESIAN_POINT('',(56.944968496088,54.,65.415811698317));
#1809 = LINE('',#1810,#1811);
#1810 = CARTESIAN_POINT('',(56.928315383968,54.,75.415797832001));
#1811 = VECTOR('',#1812,1.);
#1812 = DIRECTION('',(-1.665311211989E-03,0.,0.999998613368));
#1813 = ORIENTED_EDGE('',*,*,#1814,.F.);
#1814 = EDGE_CURVE('',#1798,#1807,#1815,.T.);
#1815 = LINE('',#1816,#1817);
#1816 = CARTESIAN_POINT('',(56.944968496088,53.,65.415811698317));
#1817 = VECTOR('',#1818,1.);
#1818 = DIRECTION('',(0.,1.,0.));
#1819 = PLANE('',#1820);
#1820 = AXIS2_PLACEMENT_3D('',#1821,#1822,#1823);
#1821 = CARTESIAN_POINT('',(56.944968496088,53.,65.415811698317));
#1822 = DIRECTION('',(-0.999998613368,0.,-1.665311211989E-03));
#1823 = DIRECTION('',(-1.665311211989E-03,0.,0.999998613368));
#1824 = ADVANCED_FACE('',(#1825),#1850,.T.);
#1825 = FACE_BOUND('',#1826,.T.);
#1826 = EDGE_LOOP('',(#1827,#1835,#1836,#1844));
#1827 = ORIENTED_EDGE('',*,*,#1828,.F.);
#1828 = EDGE_CURVE('',#1798,#1829,#1831,.T.);
#1829 = VERTEX_POINT('',#1830);
#1830 = CARTESIAN_POINT('',(58.172798634052,53.,65.417856420448));
#1831 = LINE('',#1832,#1833);
#1832 = CARTESIAN_POINT('',(63.09813506048,53.,65.426058649795));
#1833 = VECTOR('',#1834,1.);
#1834 = DIRECTION('',(0.999998613368,0.,1.66531121199E-03));
#1835 = ORIENTED_EDGE('',*,*,#1814,.T.);
#1836 = ORIENTED_EDGE('',*,*,#1837,.F.);
#1837 = EDGE_CURVE('',#1838,#1807,#1840,.T.);
#1838 = VERTEX_POINT('',#1839);
#1839 = CARTESIAN_POINT('',(58.172798634052,54.,65.417856420448));
#1840 = LINE('',#1841,#1842);
#1841 = CARTESIAN_POINT('',(56.944968496088,54.,65.415811698317));
#1842 = VECTOR('',#1843,1.);
#1843 = DIRECTION('',(-0.999998613368,0.,-1.66531121199E-03));
#1844 = ORIENTED_EDGE('',*,*,#1845,.F.);
#1845 = EDGE_CURVE('',#1829,#1838,#1846,.T.);
#1846 = LINE('',#1847,#1848);
#1847 = CARTESIAN_POINT('',(58.172798634052,53.,65.417856420448));
#1848 = VECTOR('',#1849,1.);
#1849 = DIRECTION('',(0.,1.,0.));
#1850 = PLANE('',#1851);
#1851 = AXIS2_PLACEMENT_3D('',#1852,#1853,#1854);
#1852 = CARTESIAN_POINT('',(58.172798634052,53.,65.417856420448));
#1853 = DIRECTION('',(1.66531121199E-03,0.,-0.999998613368));
#1854 = DIRECTION('',(-0.999998613368,0.,-1.66531121199E-03));
#1855 = ADVANCED_FACE('',(#1856),#1881,.T.);
#1856 = FACE_BOUND('',#1857,.T.);
#1857 = EDGE_LOOP('',(#1858,#1866,#1867,#1875));
#1858 = ORIENTED_EDGE('',*,*,#1859,.F.);
#1859 = EDGE_CURVE('',#1829,#1860,#1862,.T.);
#1860 = VERTEX_POINT('',#1861);
#1861 = CARTESIAN_POINT('',(58.166857586483,53.,68.985381390361));
#1862 = LINE('',#1863,#1864);
#1863 = CARTESIAN_POINT('',(58.163620729258,53.,70.929073784417));
#1864 = VECTOR('',#1865,1.);
#1865 = DIRECTION('',(-1.665311211989E-03,0.,0.999998613368));
#1866 = ORIENTED_EDGE('',*,*,#1845,.T.);
#1867 = ORIENTED_EDGE('',*,*,#1868,.F.);
#1868 = EDGE_CURVE('',#1869,#1838,#1871,.T.);
#1869 = VERTEX_POINT('',#1870);
#1870 = CARTESIAN_POINT('',(58.166857586483,54.,68.985381390361));
#1871 = LINE('',#1872,#1873);
#1872 = CARTESIAN_POINT('',(58.172798634052,54.,65.417856420448));
#1873 = VECTOR('',#1874,1.);
#1874 = DIRECTION('',(1.665311211989E-03,0.,-0.999998613368));
#1875 = ORIENTED_EDGE('',*,*,#1876,.F.);
#1876 = EDGE_CURVE('',#1860,#1869,#1877,.T.);
#1877 = LINE('',#1878,#1879);
#1878 = CARTESIAN_POINT('',(58.166857586483,53.,68.985381390361));
#1879 = VECTOR('',#1880,1.);
#1880 = DIRECTION('',(0.,1.,0.));
#1881 = PLANE('',#1882);
#1882 = AXIS2_PLACEMENT_3D('',#1883,#1884,#1885);
#1883 = CARTESIAN_POINT('',(58.166857586483,53.,68.985381390361));
#1884 = DIRECTION('',(0.999998613368,0.,1.665311211989E-03));
#1885 = DIRECTION('',(1.665311211989E-03,0.,-0.999998613368));
#1886 = ADVANCED_FACE('',(#1887),#1916,.T.);
#1887 = FACE_BOUND('',#1888,.T.);
#1888 = EDGE_LOOP('',(#1889,#1899,#1900,#1910));
#1889 = ORIENTED_EDGE('',*,*,#1890,.F.);
#1890 = EDGE_CURVE('',#1860,#1891,#1893,.T.);
#1891 = VERTEX_POINT('',#1892);
#1892 = CARTESIAN_POINT('',(60.153471277685,53.,68.013245247649));
#1893 = B_SPLINE_CURVE_WITH_KNOTS('',3,(#1894,#1895,#1896,#1897,#1898),
  .UNSPECIFIED.,.F.,.F.,(4,1,4),(0.,0.114828058013,0.227491873022),
  .UNSPECIFIED.);
#1894 = CARTESIAN_POINT('',(58.166857586483,53.,68.985381390361));
#1895 = CARTESIAN_POINT('',(58.442498210349,53.,68.701343056902));
#1896 = CARTESIAN_POINT('',(58.988584270577,53.,68.138619854868));
#1897 = CARTESIAN_POINT('',(59.767646142628,53.,68.054770884443));
#1898 = CARTESIAN_POINT('',(60.153471277685,53.,68.013245247649));
#1899 = ORIENTED_EDGE('',*,*,#1876,.T.);
#1900 = ORIENTED_EDGE('',*,*,#1901,.F.);
#1901 = EDGE_CURVE('',#1902,#1869,#1904,.T.);
#1902 = VERTEX_POINT('',#1903);
#1903 = CARTESIAN_POINT('',(60.153471277685,54.,68.013245247649));
#1904 = B_SPLINE_CURVE_WITH_KNOTS('',3,(#1905,#1906,#1907,#1908,#1909),
  .UNSPECIFIED.,.F.,.F.,(4,1,4),(-0.227491873022,-0.114828058013,0.),
  .UNSPECIFIED.);
#1905 = CARTESIAN_POINT('',(60.153471277685,54.,68.013245247649));
#1906 = CARTESIAN_POINT('',(59.767646142628,54.,68.054770884443));
#1907 = CARTESIAN_POINT('',(58.988584270577,54.,68.138619854868));
#1908 = CARTESIAN_POINT('',(58.442498210349,54.,68.701343056902));
#1909 = CARTESIAN_POINT('',(58.166857586483,54.,68.985381390361));
#1910 = ORIENTED_EDGE('',*,*,#1911,.F.);
#1911 = EDGE_CURVE('',#1891,#1902,#1912,.T.);
#1912 = LINE('',#1913,#1914);
#1913 = CARTESIAN_POINT('',(60.153471277685,53.,68.013245247649));
#1914 = VECTOR('',#1915,1.);
#1915 = DIRECTION('',(0.,1.,0.));
#1916 = B_SPLINE_SURFACE_WITH_KNOTS('',3,1,(
    (#1917,#1918)
    ,(#1919,#1920)
    ,(#1921,#1922)
    ,(#1923,#1924)
    ,(#1925,#1926
    )),.UNSPECIFIED.,.F.,.F.,.F.,(4,1,4),(2,2),(-0.227491873022,
    -0.114828058013,0.),(0.,1.E-01),.UNSPECIFIED.);
#1917 = CARTESIAN_POINT('',(60.153471277685,53.,68.013245247649));
#1918 = CARTESIAN_POINT('',(60.153471277685,54.,68.013245247649));
#1919 = CARTESIAN_POINT('',(59.767646142628,53.,68.054770884443));
#1920 = CARTESIAN_POINT('',(59.767646142628,54.,68.054770884443));
#1921 = CARTESIAN_POINT('',(58.988584270577,53.,68.138619854868));
#1922 = CARTESIAN_POINT('',(58.988584270577,54.,68.138619854868));
#1923 = CARTESIAN_POINT('',(58.442498210349,53.,68.701343056902));
#1924 = CARTESIAN_POINT('',(58.442498210349,54.,68.701343056902));
#1925 = CARTESIAN_POINT('',(58.166857586483,53.,68.985381390361));
#1926 = CARTESIAN_POINT('',(58.166857586483,54.,68.985381390361));
#1927 = ADVANCED_FACE('',(#1928),#1957,.T.);
#1928 = FACE_BOUND('',#1929,.T.);
#1929 = EDGE_LOOP('',(#1930,#1940,#1941,#1951));
#1930 = ORIENTED_EDGE('',*,*,#1931,.F.);
#1931 = EDGE_CURVE('',#1891,#1932,#1934,.T.);
#1932 = VERTEX_POINT('',#1933);
#1933 = CARTESIAN_POINT('',(61.418370209094,53.,68.284792487079));
#1934 = B_SPLINE_CURVE_WITH_KNOTS('',3,(#1935,#1936,#1937,#1938,#1939),
  .UNSPECIFIED.,.F.,.F.,(4,1,4),(0.,6.540602191935E-02,0.130118840355),
  .UNSPECIFIED.);
#1935 = CARTESIAN_POINT('',(60.153471277685,53.,68.013245247649));
#1936 = CARTESIAN_POINT('',(60.372762248301,53.,68.024596123422));
#1937 = CARTESIAN_POINT('',(60.809020041691,53.,68.047177573098));
#1938 = CARTESIAN_POINT('',(61.215976168045,53.,68.205869323967));
#1939 = CARTESIAN_POINT('',(61.418370209094,53.,68.284792487079));
#1940 = ORIENTED_EDGE('',*,*,#1911,.T.);
#1941 = ORIENTED_EDGE('',*,*,#1942,.F.);
#1942 = EDGE_CURVE('',#1943,#1902,#1945,.T.);
#1943 = VERTEX_POINT('',#1944);
#1944 = CARTESIAN_POINT('',(61.418370209094,54.,68.284792487079));
#1945 = B_SPLINE_CURVE_WITH_KNOTS('',3,(#1946,#1947,#1948,#1949,#1950),
  .UNSPECIFIED.,.F.,.F.,(4,1,4),(-0.130118840355,-6.540602191935E-02,0.)
  ,.UNSPECIFIED.);
#1946 = CARTESIAN_POINT('',(61.418370209094,54.,68.284792487079));
#1947 = CARTESIAN_POINT('',(61.215976168045,54.,68.205869323967));
#1948 = CARTESIAN_POINT('',(60.809020041691,54.,68.047177573098));
#1949 = CARTESIAN_POINT('',(60.372762248301,54.,68.024596123422));
#1950 = CARTESIAN_POINT('',(60.153471277685,54.,68.013245247649));
#1951 = ORIENTED_EDGE('',*,*,#1952,.F.);
#1952 = EDGE_CURVE('',#1932,#1943,#1953,.T.);
#1953 = LINE('',#1954,#1955);
#1954 = CARTESIAN_POINT('',(61.418370209094,53.,68.284792487079));
#1955 = VECTOR('',#1956,1.);
#1956 = DIRECTION('',(0.,1.,0.));
#1957 = B_SPLINE_SURFACE_WITH_KNOTS('',3,1,(
    (#1958,#1959)
    ,(#1960,#1961)
    ,(#1962,#1963)
    ,(#1964,#1965)
    ,(#1966,#1967
    )),.UNSPECIFIED.,.F.,.F.,.F.,(4,1,4),(2,2),(-0.130118840355,
    -6.540602191935E-02,0.),(0.,1.E-01),.UNSPECIFIED.);
#1958 = CARTESIAN_POINT('',(61.418370209094,53.,68.284792487079));
#1959 = CARTESIAN_POINT('',(61.418370209094,54.,68.284792487079));
#1960 = CARTESIAN_POINT('',(61.215976168045,53.,68.205869323967));
#1961 = CARTESIAN_POINT('',(61.215976168045,54.,68.205869323967));
#1962 = CARTESIAN_POINT('',(60.809020041691,53.,68.047177573098));
#1963 = CARTESIAN_POINT('',(60.809020041691,54.,68.047177573098));
#1964 = CARTESIAN_POINT('',(60.372762248301,53.,68.024596123422));
#1965 = CARTESIAN_POINT('',(60.372762248301,54.,68.024596123422));
#1966 = CARTESIAN_POINT('',(60.153471277685,53.,68.013245247649));
#1967 = CARTESIAN_POINT('',(60.153471277685,54.,68.013245247649));
#1968 = ADVANCED_FACE('',(#1969),#1998,.T.);
#1969 = FACE_BOUND('',#1970,.T.);
#1970 = EDGE_LOOP('',(#1971,#1981,#1982,#1992));
#1971 = ORIENTED_EDGE('',*,*,#1972,.F.);
#1972 = EDGE_CURVE('',#1932,#1973,#1975,.T.);
#1973 = VERTEX_POINT('',#1974);
#1974 = CARTESIAN_POINT('',(62.399368639782,53.,69.04358977789));
#1975 = B_SPLINE_CURVE_WITH_KNOTS('',3,(#1976,#1977,#1978,#1979,#1980),
  .UNSPECIFIED.,.F.,.F.,(4,1,4),(0.,6.331772937915E-02,0.124937314423),
  .UNSPECIFIED.);
#1976 = CARTESIAN_POINT('',(61.418370209094,53.,68.284792487079));
#1977 = CARTESIAN_POINT('',(61.607449090284,53.,68.382884149702));
#1978 = CARTESIAN_POINT('',(61.980535868059,53.,68.576436714135));
#1979 = CARTESIAN_POINT('',(62.261028531911,53.,68.889289518705));
#1980 = CARTESIAN_POINT('',(62.399368639782,53.,69.04358977789));
#1981 = ORIENTED_EDGE('',*,*,#1952,.T.);
#1982 = ORIENTED_EDGE('',*,*,#1983,.F.);
#1983 = EDGE_CURVE('',#1984,#1943,#1986,.T.);
#1984 = VERTEX_POINT('',#1985);
#1985 = CARTESIAN_POINT('',(62.399368639782,54.,69.04358977789));
#1986 = B_SPLINE_CURVE_WITH_KNOTS('',3,(#1987,#1988,#1989,#1990,#1991),
  .UNSPECIFIED.,.F.,.F.,(4,1,4),(-0.124937314423,-6.331772937915E-02,0.)
  ,.UNSPECIFIED.);
#1987 = CARTESIAN_POINT('',(62.399368639782,54.,69.04358977789));
#1988 = CARTESIAN_POINT('',(62.261028531911,54.,68.889289518705));
#1989 = CARTESIAN_POINT('',(61.980535868059,54.,68.576436714135));
#1990 = CARTESIAN_POINT('',(61.607449090284,54.,68.382884149702));
#1991 = CARTESIAN_POINT('',(61.418370209094,54.,68.284792487079));
#1992 = ORIENTED_EDGE('',*,*,#1993,.F.);
#1993 = EDGE_CURVE('',#1973,#1984,#1994,.T.);
#1994 = LINE('',#1995,#1996);
#1995 = CARTESIAN_POINT('',(62.399368639782,53.,69.04358977789));
#1996 = VECTOR('',#1997,1.);
#1997 = DIRECTION('',(0.,1.,0.));
#1998 = B_SPLINE_SURFACE_WITH_KNOTS('',3,1,(
    (#1999,#2000)
    ,(#2001,#2002)
    ,(#2003,#2004)
    ,(#2005,#2006)
    ,(#2007,#2008
    )),.UNSPECIFIED.,.F.,.F.,.F.,(4,1,4),(2,2),(-0.124937314423,
    -6.331772937915E-02,0.),(0.,1.E-01),.UNSPECIFIED.);
#1999 = CARTESIAN_POINT('',(62.399368639782,53.,69.04358977789));
#2000 = CARTESIAN_POINT('',(62.399368639782,54.,69.04358977789));
#2001 = CARTESIAN_POINT('',(62.261028531911,53.,68.889289518705));
#2002 = CARTESIAN_POINT('',(62.261028531911,54.,68.889289518705));
#2003 = CARTESIAN_POINT('',(61.980535868059,53.,68.576436714135));
#2004 = CARTESIAN_POINT('',(61.980535868059,54.,68.576436714135));
#2005 = CARTESIAN_POINT('',(61.607449090284,53.,68.382884149702));
#2006 = CARTESIAN_POINT('',(61.607449090284,54.,68.382884149702));
#2007 = CARTESIAN_POINT('',(61.418370209094,53.,68.284792487079));
#2008 = CARTESIAN_POINT('',(61.418370209094,54.,68.284792487079));
#2009 = ADVANCED_FACE('',(#2010),#2039,.T.);
#2010 = FACE_BOUND('',#2011,.T.);
#2011 = EDGE_LOOP('',(#2012,#2022,#2023,#2033));
#2012 = ORIENTED_EDGE('',*,*,#2013,.F.);
#2013 = EDGE_CURVE('',#1973,#2014,#2016,.T.);
#2014 = VERTEX_POINT('',#2015);
#2015 = CARTESIAN_POINT('',(63.00109365767,53.,70.221264856076));
#2016 = B_SPLINE_CURVE_WITH_KNOTS('',3,(#2017,#2018,#2019,#2020,#2021),
  .UNSPECIFIED.,.F.,.F.,(4,1,4),(0.,6.383976196709E-02,0.132796061166),
  .UNSPECIFIED.);
#2017 = CARTESIAN_POINT('',(62.399368639782,53.,69.04358977789));
#2018 = CARTESIAN_POINT('',(62.521859168649,53.,69.218872123554));
#2019 = CARTESIAN_POINT('',(62.77665742075,53.,69.583485091693));
#2020 = CARTESIAN_POINT('',(62.924384308267,53.,70.003280133734));
#2021 = CARTESIAN_POINT('',(63.00109365767,53.,70.221264856076));
#2022 = ORIENTED_EDGE('',*,*,#1993,.T.);
#2023 = ORIENTED_EDGE('',*,*,#2024,.F.);
#2024 = EDGE_CURVE('',#2025,#1984,#2027,.T.);
#2025 = VERTEX_POINT('',#2026);
#2026 = CARTESIAN_POINT('',(63.00109365767,54.,70.221264856076));
#2027 = B_SPLINE_CURVE_WITH_KNOTS('',3,(#2028,#2029,#2030,#2031,#2032),
  .UNSPECIFIED.,.F.,.F.,(4,1,4),(-0.132796061166,-6.383976196709E-02,0.)
  ,.UNSPECIFIED.);
#2028 = CARTESIAN_POINT('',(63.00109365767,54.,70.221264856076));
#2029 = CARTESIAN_POINT('',(62.924384308267,54.,70.003280133734));
#2030 = CARTESIAN_POINT('',(62.77665742075,54.,69.583485091693));
#2031 = CARTESIAN_POINT('',(62.521859168649,54.,69.218872123554));
#2032 = CARTESIAN_POINT('',(62.399368639782,54.,69.04358977789));
#2033 = ORIENTED_EDGE('',*,*,#2034,.F.);
#2034 = EDGE_CURVE('',#2014,#2025,#2035,.T.);
#2035 = LINE('',#2036,#2037);
#2036 = CARTESIAN_POINT('',(63.00109365767,53.,70.221264856076));
#2037 = VECTOR('',#2038,1.);
#2038 = DIRECTION('',(0.,1.,0.));
#2039 = B_SPLINE_SURFACE_WITH_KNOTS('',3,1,(
    (#2040,#2041)
    ,(#2042,#2043)
    ,(#2044,#2045)
    ,(#2046,#2047)
    ,(#2048,#2049
    )),.UNSPECIFIED.,.F.,.F.,.F.,(4,1,4),(2,2),(-0.132796061166,
    -6.383976196709E-02,0.),(0.,1.E-01),.UNSPECIFIED.);
#2040 = CARTESIAN_POINT('',(63.00109365767,53.,70.221264856076));
#2041 = CARTESIAN_POINT('',(63.00109365767,54.,70.221264856076));
#2042 = CARTESIAN_POINT('',(62.924384308267,53.,70.003280133734));
#2043 = CARTESIAN_POINT('',(62.924384308267,54.,70.003280133734));
#2044 = CARTESIAN_POINT('',(62.77665742075,53.,69.583485091693));
#2045 = CARTESIAN_POINT('',(62.77665742075,54.,69.583485091693));
#2046 = CARTESIAN_POINT('',(62.521859168649,53.,69.218872123554));
#2047 = CARTESIAN_POINT('',(62.521859168649,54.,69.218872123554));
#2048 = CARTESIAN_POINT('',(62.399368639782,53.,69.04358977789));
#2049 = CARTESIAN_POINT('',(62.399368639782,54.,69.04358977789));
#2050 = ADVANCED_FACE('',(#2051),#2080,.T.);
#2051 = FACE_BOUND('',#2052,.T.);
#2052 = EDGE_LOOP('',(#2053,#2063,#2064,#2074));
#2053 = ORIENTED_EDGE('',*,*,#2054,.F.);
#2054 = EDGE_CURVE('',#2014,#2055,#2057,.T.);
#2055 = VERTEX_POINT('',#2056);
#2056 = CARTESIAN_POINT('',(63.216921436333,53.,71.695023336581));
#2057 = B_SPLINE_CURVE_WITH_KNOTS('',3,(#2058,#2059,#2060,#2061,#2062),
  .UNSPECIFIED.,.F.,.F.,(4,1,4),(0.,7.31382013491E-02,0.149391025362),
  .UNSPECIFIED.);
#2058 = CARTESIAN_POINT('',(63.00109365767,53.,70.221264856076));
#2059 = CARTESIAN_POINT('',(63.064358497008,53.,70.457617237609));
#2060 = CARTESIAN_POINT('',(63.193582336858,53.,70.940387171414));
#2061 = CARTESIAN_POINT('',(63.209034351221,53.,71.440005799627));
#2062 = CARTESIAN_POINT('',(63.216921436333,53.,71.695023336581));
#2063 = ORIENTED_EDGE('',*,*,#2034,.T.);
#2064 = ORIENTED_EDGE('',*,*,#2065,.F.);
#2065 = EDGE_CURVE('',#2066,#2025,#2068,.T.);
#2066 = VERTEX_POINT('',#2067);
#2067 = CARTESIAN_POINT('',(63.216921436333,54.,71.695023336581));
#2068 = B_SPLINE_CURVE_WITH_KNOTS('',3,(#2069,#2070,#2071,#2072,#2073),
  .UNSPECIFIED.,.F.,.F.,(4,1,4),(-0.149391025362,-7.31382013491E-02,0.),
  .UNSPECIFIED.);
#2069 = CARTESIAN_POINT('',(63.216921436333,54.,71.695023336581));
#2070 = CARTESIAN_POINT('',(63.209034351221,54.,71.440005799627));
#2071 = CARTESIAN_POINT('',(63.193582336858,54.,70.940387171414));
#2072 = CARTESIAN_POINT('',(63.064358497008,54.,70.457617237609));
#2073 = CARTESIAN_POINT('',(63.00109365767,54.,70.221264856076));
#2074 = ORIENTED_EDGE('',*,*,#2075,.F.);
#2075 = EDGE_CURVE('',#2055,#2066,#2076,.T.);
#2076 = LINE('',#2077,#2078);
#2077 = CARTESIAN_POINT('',(63.216921436333,53.,71.695023336581));
#2078 = VECTOR('',#2079,1.);
#2079 = DIRECTION('',(0.,1.,0.));
#2080 = B_SPLINE_SURFACE_WITH_KNOTS('',3,1,(
    (#2081,#2082)
    ,(#2083,#2084)
    ,(#2085,#2086)
    ,(#2087,#2088)
    ,(#2089,#2090
    )),.UNSPECIFIED.,.F.,.F.,.F.,(4,1,4),(2,2),(-0.149391025362,
    -7.31382013491E-02,0.),(0.,1.E-01),.UNSPECIFIED.);
#2081 = CARTESIAN_POINT('',(63.216921436333,53.,71.695023336581));
#2082 = CARTESIAN_POINT('',(63.216921436333,54.,71.695023336581));
#2083 = CARTESIAN_POINT('',(63.209034351221,53.,71.440005799627));
#2084 = CARTESIAN_POINT('',(63.209034351221,54.,71.440005799627));
#2085 = CARTESIAN_POINT('',(63.193582336858,53.,70.940387171414));
#2086 = CARTESIAN_POINT('',(63.193582336858,54.,70.940387171414));
#2087 = CARTESIAN_POINT('',(63.064358497008,53.,70.457617237609));
#2088 = CARTESIAN_POINT('',(63.064358497008,54.,70.457617237609));
#2089 = CARTESIAN_POINT('',(63.00109365767,53.,70.221264856076));
#2090 = CARTESIAN_POINT('',(63.00109365767,54.,70.221264856076));
#2091 = ADVANCED_FACE('',(#2092),#2121,.T.);
#2092 = FACE_BOUND('',#2093,.T.);
#2093 = EDGE_LOOP('',(#2094,#2104,#2105,#2115));
#2094 = ORIENTED_EDGE('',*,*,#2095,.F.);
#2095 = EDGE_CURVE('',#2055,#2096,#2098,.T.);
#2096 = VERTEX_POINT('',#2097);
#2097 = CARTESIAN_POINT('',(62.291256290268,53.,74.572067686959));
#2098 = B_SPLINE_CURVE_WITH_KNOTS('',3,(#2099,#2100,#2101,#2102,#2103),
  .UNSPECIFIED.,.F.,.F.,(4,1,4),(0.,0.166672665764,0.307547423951),
  .UNSPECIFIED.);
#2099 = CARTESIAN_POINT('',(63.216921436333,53.,71.695023336581));
#2100 = CARTESIAN_POINT('',(63.19224616806,53.,72.263123396949));
#2101 = CARTESIAN_POINT('',(63.146714915784,53.,73.311391925635));
#2102 = CARTESIAN_POINT('',(62.560004206426,53.,74.17601816019));
#2103 = CARTESIAN_POINT('',(62.291256290268,53.,74.572067686959));
#2104 = ORIENTED_EDGE('',*,*,#2075,.T.);
#2105 = ORIENTED_EDGE('',*,*,#2106,.F.);
#2106 = EDGE_CURVE('',#2107,#2066,#2109,.T.);
#2107 = VERTEX_POINT('',#2108);
#2108 = CARTESIAN_POINT('',(62.291256290268,54.,74.572067686959));
#2109 = B_SPLINE_CURVE_WITH_KNOTS('',3,(#2110,#2111,#2112,#2113,#2114),
  .UNSPECIFIED.,.F.,.F.,(4,1,4),(-0.307547423951,-0.166672665764,0.),
  .UNSPECIFIED.);
#2110 = CARTESIAN_POINT('',(62.291256290268,54.,74.572067686959));
#2111 = CARTESIAN_POINT('',(62.560004206426,54.,74.17601816019));
#2112 = CARTESIAN_POINT('',(63.146714915784,54.,73.311391925635));
#2113 = CARTESIAN_POINT('',(63.19224616806,54.,72.263123396949));
#2114 = CARTESIAN_POINT('',(63.216921436333,54.,71.695023336581));
#2115 = ORIENTED_EDGE('',*,*,#2116,.F.);
#2116 = EDGE_CURVE('',#2096,#2107,#2117,.T.);
#2117 = LINE('',#2118,#2119);
#2118 = CARTESIAN_POINT('',(62.291256290268,53.,74.572067686959));
#2119 = VECTOR('',#2120,1.);
#2120 = DIRECTION('',(0.,1.,0.));
#2121 = B_SPLINE_SURFACE_WITH_KNOTS('',3,1,(
    (#2122,#2123)
    ,(#2124,#2125)
    ,(#2126,#2127)
    ,(#2128,#2129)
    ,(#2130,#2131
    )),.UNSPECIFIED.,.F.,.F.,.F.,(4,1,4),(2,2),(-0.307547423951,
    -0.166672665764,0.),(0.,1.E-01),.UNSPECIFIED.);
#2122 = CARTESIAN_POINT('',(62.291256290268,53.,74.572067686959));
#2123 = CARTESIAN_POINT('',(62.291256290268,54.,74.572067686959));
#2124 = CARTESIAN_POINT('',(62.560004206426,53.,74.17601816019));
#2125 = CARTESIAN_POINT('',(62.560004206426,54.,74.17601816019));
#2126 = CARTESIAN_POINT('',(63.146714915784,53.,73.311391925635));
#2127 = CARTESIAN_POINT('',(63.146714915784,54.,73.311391925635));
#2128 = CARTESIAN_POINT('',(63.19224616806,53.,72.263123396949));
#2129 = CARTESIAN_POINT('',(63.19224616806,54.,72.263123396949));
#2130 = CARTESIAN_POINT('',(63.216921436333,53.,71.695023336581));
#2131 = CARTESIAN_POINT('',(63.216921436333,54.,71.695023336581));
#2132 = ADVANCED_FACE('',(#2133),#2162,.T.);
#2133 = FACE_BOUND('',#2134,.T.);
#2134 = EDGE_LOOP('',(#2135,#2145,#2146,#2156));
#2135 = ORIENTED_EDGE('',*,*,#2136,.F.);
#2136 = EDGE_CURVE('',#2096,#2137,#2139,.T.);
#2137 = VERTEX_POINT('',#2138);
#2138 = CARTESIAN_POINT('',(60.079469467494,53.,75.584757027944));
#2139 = B_SPLINE_CURVE_WITH_KNOTS('',3,(#2140,#2141,#2142,#2143,#2144),
  .UNSPECIFIED.,.F.,.F.,(4,1,4),(0.,0.126773665793,0.249154295176),
  .UNSPECIFIED.);
#2140 = CARTESIAN_POINT('',(62.291256290268,53.,74.572067686959));
#2141 = CARTESIAN_POINT('',(61.972372989767,53.,74.867952170136));
#2142 = CARTESIAN_POINT('',(61.345656522409,53.,75.449467971533));
#2143 = CARTESIAN_POINT('',(60.49654134541,53.,75.54019389598));
#2144 = CARTESIAN_POINT('',(60.079469467494,53.,75.584757027944));
#2145 = ORIENTED_EDGE('',*,*,#2116,.T.);
#2146 = ORIENTED_EDGE('',*,*,#2147,.F.);
#2147 = EDGE_CURVE('',#2148,#2107,#2150,.T.);
#2148 = VERTEX_POINT('',#2149);
#2149 = CARTESIAN_POINT('',(60.079469467494,54.,75.584757027944));
#2150 = B_SPLINE_CURVE_WITH_KNOTS('',3,(#2151,#2152,#2153,#2154,#2155),
  .UNSPECIFIED.,.F.,.F.,(4,1,4),(-0.249154295176,-0.126773665793,0.),
  .UNSPECIFIED.);
#2151 = CARTESIAN_POINT('',(60.079469467494,54.,75.584757027944));
#2152 = CARTESIAN_POINT('',(60.49654134541,54.,75.54019389598));
#2153 = CARTESIAN_POINT('',(61.345656522409,54.,75.449467971533));
#2154 = CARTESIAN_POINT('',(61.972372989767,54.,74.867952170136));
#2155 = CARTESIAN_POINT('',(62.291256290268,54.,74.572067686959));
#2156 = ORIENTED_EDGE('',*,*,#2157,.F.);
#2157 = EDGE_CURVE('',#2137,#2148,#2158,.T.);
#2158 = LINE('',#2159,#2160);
#2159 = CARTESIAN_POINT('',(60.079469467494,53.,75.584757027944));
#2160 = VECTOR('',#2161,1.);
#2161 = DIRECTION('',(0.,1.,0.));
#2162 = B_SPLINE_SURFACE_WITH_KNOTS('',3,1,(
    (#2163,#2164)
    ,(#2165,#2166)
    ,(#2167,#2168)
    ,(#2169,#2170)
    ,(#2171,#2172
    )),.UNSPECIFIED.,.F.,.F.,.F.,(4,1,4),(2,2),(-0.249154295176,
    -0.126773665793,0.),(0.,1.E-01),.UNSPECIFIED.);
#2163 = CARTESIAN_POINT('',(60.079469467494,53.,75.584757027944));
#2164 = CARTESIAN_POINT('',(60.079469467494,54.,75.584757027944));
#2165 = CARTESIAN_POINT('',(60.49654134541,53.,75.54019389598));
#2166 = CARTESIAN_POINT('',(60.49654134541,54.,75.54019389598));
#2167 = CARTESIAN_POINT('',(61.345656522409,53.,75.449467971533));
#2168 = CARTESIAN_POINT('',(61.345656522409,54.,75.449467971533));
#2169 = CARTESIAN_POINT('',(61.972372989767,53.,74.867952170136));
#2170 = CARTESIAN_POINT('',(61.972372989767,54.,74.867952170136));
#2171 = CARTESIAN_POINT('',(62.291256290268,53.,74.572067686959));
#2172 = CARTESIAN_POINT('',(62.291256290268,54.,74.572067686959));
#2173 = ADVANCED_FACE('',(#2174),#2203,.T.);
#2174 = FACE_BOUND('',#2175,.T.);
#2175 = EDGE_LOOP('',(#2176,#2186,#2187,#2197));
#2176 = ORIENTED_EDGE('',*,*,#2177,.F.);
#2177 = EDGE_CURVE('',#2137,#2178,#2180,.T.);
#2178 = VERTEX_POINT('',#2179);
#2179 = CARTESIAN_POINT('',(58.068979059503,53.,74.510465759449));
#2180 = B_SPLINE_CURVE_WITH_KNOTS('',3,(#2181,#2182,#2183,#2184,#2185),
  .UNSPECIFIED.,.F.,.F.,(4,1,4),(0.,0.117517585965,0.235778898821),
  .UNSPECIFIED.);
#2181 = CARTESIAN_POINT('',(60.079469467494,53.,75.584757027944));
#2182 = CARTESIAN_POINT('',(59.674718703459,53.,75.538899845858));
#2183 = CARTESIAN_POINT('',(58.862655652154,53.,75.446895267934));
#2184 = CARTESIAN_POINT('',(58.334093678504,53.,74.823264643355));
#2185 = CARTESIAN_POINT('',(58.068979059503,53.,74.510465759449));
#2186 = ORIENTED_EDGE('',*,*,#2157,.T.);
#2187 = ORIENTED_EDGE('',*,*,#2188,.F.);
#2188 = EDGE_CURVE('',#2189,#2148,#2191,.T.);
#2189 = VERTEX_POINT('',#2190);
#2190 = CARTESIAN_POINT('',(58.068979059503,54.,74.510465759449));
#2191 = B_SPLINE_CURVE_WITH_KNOTS('',3,(#2192,#2193,#2194,#2195,#2196),
  .UNSPECIFIED.,.F.,.F.,(4,1,4),(-0.235778898821,-0.117517585965,0.),
  .UNSPECIFIED.);
#2192 = CARTESIAN_POINT('',(58.068979059503,54.,74.510465759449));
#2193 = CARTESIAN_POINT('',(58.334093678504,54.,74.823264643355));
#2194 = CARTESIAN_POINT('',(58.862655652154,54.,75.446895267934));
#2195 = CARTESIAN_POINT('',(59.674718703459,54.,75.538899845858));
#2196 = CARTESIAN_POINT('',(60.079469467494,54.,75.584757027944));
#2197 = ORIENTED_EDGE('',*,*,#2198,.F.);
#2198 = EDGE_CURVE('',#2178,#2189,#2199,.T.);
#2199 = LINE('',#2200,#2201);
#2200 = CARTESIAN_POINT('',(58.068979059503,53.,74.510465759449));
#2201 = VECTOR('',#2202,1.);
#2202 = DIRECTION('',(0.,1.,0.));
#2203 = B_SPLINE_SURFACE_WITH_KNOTS('',3,1,(
    (#2204,#2205)
    ,(#2206,#2207)
    ,(#2208,#2209)
    ,(#2210,#2211)
    ,(#2212,#2213
    )),.UNSPECIFIED.,.F.,.F.,.F.,(4,1,4),(2,2),(-0.235778898821,
    -0.117517585965,0.),(0.,1.E-01),.UNSPECIFIED.);
#2204 = CARTESIAN_POINT('',(58.068979059503,53.,74.510465759449));
#2205 = CARTESIAN_POINT('',(58.068979059503,54.,74.510465759449));
#2206 = CARTESIAN_POINT('',(58.334093678504,53.,74.823264643355));
#2207 = CARTESIAN_POINT('',(58.334093678504,54.,74.823264643355));
#2208 = CARTESIAN_POINT('',(58.862655652154,53.,75.446895267934));
#2209 = CARTESIAN_POINT('',(58.862655652154,54.,75.446895267934));
#2210 = CARTESIAN_POINT('',(59.674718703459,53.,75.538899845858));
#2211 = CARTESIAN_POINT('',(59.674718703459,54.,75.538899845858));
#2212 = CARTESIAN_POINT('',(60.079469467494,53.,75.584757027944));
#2213 = CARTESIAN_POINT('',(60.079469467494,54.,75.584757027944));
#2214 = ADVANCED_FACE('',(#2215),#2231,.T.);
#2215 = FACE_BOUND('',#2216,.T.);
#2216 = EDGE_LOOP('',(#2217,#2223,#2224,#2230));
#2217 = ORIENTED_EDGE('',*,*,#2218,.F.);
#2218 = EDGE_CURVE('',#2178,#1758,#2219,.T.);
#2219 = LINE('',#2220,#2221);
#2220 = CARTESIAN_POINT('',(58.069587413635,53.,74.145156690823));
#2221 = VECTOR('',#2222,1.);
#2222 = DIRECTION('',(-1.665311211987E-03,0.,0.999998613368));
#2223 = ORIENTED_EDGE('',*,*,#2198,.T.);
#2224 = ORIENTED_EDGE('',*,*,#2225,.F.);
#2225 = EDGE_CURVE('',#1768,#2189,#2226,.T.);
#2226 = LINE('',#2227,#2228);
#2227 = CARTESIAN_POINT('',(58.068979059503,54.,74.510465759449));
#2228 = VECTOR('',#2229,1.);
#2229 = DIRECTION('',(1.665311211987E-03,0.,-0.999998613368));
#2230 = ORIENTED_EDGE('',*,*,#1767,.F.);
#2231 = PLANE('',#2232);
#2232 = AXIS2_PLACEMENT_3D('',#2233,#2234,#2235);
#2233 = CARTESIAN_POINT('',(58.067468238584,53.,75.417694878652));
#2234 = DIRECTION('',(0.999998613368,0.,1.665311211987E-03));
#2235 = DIRECTION('',(1.665311211987E-03,0.,-0.999998613368));
#2236 = ADVANCED_FACE('',(#2237,#2252),#2262,.T.);
#2237 = FACE_BOUND('',#2238,.T.);
#2238 = EDGE_LOOP('',(#2239,#2240,#2241,#2242,#2243,#2244,#2245,#2246,
    #2247,#2248,#2249,#2250,#2251));
#2239 = ORIENTED_EDGE('',*,*,#2225,.T.);
#2240 = ORIENTED_EDGE('',*,*,#2188,.T.);
#2241 = ORIENTED_EDGE('',*,*,#2147,.T.);
#2242 = ORIENTED_EDGE('',*,*,#2106,.T.);
#2243 = ORIENTED_EDGE('',*,*,#2065,.T.);
#2244 = ORIENTED_EDGE('',*,*,#2024,.T.);
#2245 = ORIENTED_EDGE('',*,*,#1983,.T.);
#2246 = ORIENTED_EDGE('',*,*,#1942,.T.);
#2247 = ORIENTED_EDGE('',*,*,#1901,.T.);
#2248 = ORIENTED_EDGE('',*,*,#1868,.T.);
#2249 = ORIENTED_EDGE('',*,*,#1837,.T.);
#2250 = ORIENTED_EDGE('',*,*,#1806,.T.);
#2251 = ORIENTED_EDGE('',*,*,#1775,.T.);
#2252 = FACE_BOUND('',#2253,.T.);
#2253 = EDGE_LOOP('',(#2254,#2255,#2256,#2257,#2258,#2259,#2260,#2261));
#2254 = ORIENTED_EDGE('',*,*,#1734,.T.);
#2255 = ORIENTED_EDGE('',*,*,#1695,.T.);
#2256 = ORIENTED_EDGE('',*,*,#1654,.T.);
#2257 = ORIENTED_EDGE('',*,*,#1613,.T.);
#2258 = ORIENTED_EDGE('',*,*,#1572,.T.);
#2259 = ORIENTED_EDGE('',*,*,#1531,.T.);
#2260 = ORIENTED_EDGE('',*,*,#1490,.T.);
#2261 = ORIENTED_EDGE('',*,*,#1449,.T.);
#2262 = PLANE('',#2263);
#2263 = AXIS2_PLACEMENT_3D('',#2264,#2265,#2266);
#2264 = CARTESIAN_POINT('',(70.398423006811,54.,71.860650462761));
#2265 = DIRECTION('',(0.,1.,0.));
#2266 = DIRECTION('',(-1.,0.,0.));
#2267 = ADVANCED_FACE('',(#2268),#2278,.T.);
#2268 = FACE_BOUND('',#2269,.T.);
#2269 = EDGE_LOOP('',(#2270,#2271,#2272,#2273,#2274,#2275,#2276,#2277));
#2270 = ORIENTED_EDGE('',*,*,#1429,.T.);
#2271 = ORIENTED_EDGE('',*,*,#1479,.T.);
#2272 = ORIENTED_EDGE('',*,*,#1520,.T.);
#2273 = ORIENTED_EDGE('',*,*,#1561,.T.);
#2274 = ORIENTED_EDGE('',*,*,#1602,.T.);
#2275 = ORIENTED_EDGE('',*,*,#1643,.T.);
#2276 = ORIENTED_EDGE('',*,*,#1684,.T.);
#2277 = ORIENTED_EDGE('',*,*,#1725,.T.);
#2278 = PLANE('',#2279);
#2279 = AXIS2_PLACEMENT_3D('',#2280,#2281,#2282);
#2280 = CARTESIAN_POINT('',(68.011056724889,53.,72.889170637168));
#2281 = DIRECTION('',(0.,1.,0.));
#2282 = DIRECTION('',(-1.,0.,0.));
#2283 = ADVANCED_FACE('',(#2284),#2322,.T.);
#2284 = FACE_BOUND('',#2285,.T.);
#2285 = EDGE_LOOP('',(#2286,#2298,#2306,#2316));
#2286 = ORIENTED_EDGE('',*,*,#2287,.F.);
#2287 = EDGE_CURVE('',#2288,#2290,#2292,.T.);
#2288 = VERTEX_POINT('',#2289);
#2289 = CARTESIAN_POINT('',(117.54134190756,53.,71.901452121774));
#2290 = VERTEX_POINT('',#2291);
#2291 = CARTESIAN_POINT('',(118.12450057334,53.,73.9829179299));
#2292 = B_SPLINE_CURVE_WITH_KNOTS('',3,(#2293,#2294,#2295,#2296,#2297),
  .UNSPECIFIED.,.F.,.F.,(4,1,4),(0.,0.122470680276,0.219481034158),
  .UNSPECIFIED.);
#2293 = CARTESIAN_POINT('',(117.54134190756,53.,71.901452121774));
#2294 = CARTESIAN_POINT('',(117.55151626393,53.,72.31833539838));
#2295 = CARTESIAN_POINT('',(117.56974983832,53.,73.065436438943));
#2296 = CARTESIAN_POINT('',(117.95445940586,53.,73.701693203157));
#2297 = CARTESIAN_POINT('',(118.12450057334,53.,73.9829179299));
#2298 = ORIENTED_EDGE('',*,*,#2299,.T.);
#2299 = EDGE_CURVE('',#2288,#2300,#2302,.T.);
#2300 = VERTEX_POINT('',#2301);
#2301 = CARTESIAN_POINT('',(117.54134190756,54.,71.901452121774));
#2302 = LINE('',#2303,#2304);
#2303 = CARTESIAN_POINT('',(117.54134190756,53.,71.901452121774));
#2304 = VECTOR('',#2305,1.);
#2305 = DIRECTION('',(0.,1.,0.));
#2306 = ORIENTED_EDGE('',*,*,#2307,.F.);
#2307 = EDGE_CURVE('',#2308,#2300,#2310,.T.);
#2308 = VERTEX_POINT('',#2309);
#2309 = CARTESIAN_POINT('',(118.12450057334,54.,73.9829179299));
#2310 = B_SPLINE_CURVE_WITH_KNOTS('',3,(#2311,#2312,#2313,#2314,#2315),
  .UNSPECIFIED.,.F.,.F.,(4,1,4),(-0.219481034158,-0.122470680276,0.),
  .UNSPECIFIED.);
#2311 = CARTESIAN_POINT('',(118.12450057334,54.,73.9829179299));
#2312 = CARTESIAN_POINT('',(117.95445940586,54.,73.701693203157));
#2313 = CARTESIAN_POINT('',(117.56974983832,54.,73.065436438943));
#2314 = CARTESIAN_POINT('',(117.55151626393,54.,72.31833539838));
#2315 = CARTESIAN_POINT('',(117.54134190756,54.,71.901452121774));
#2316 = ORIENTED_EDGE('',*,*,#2317,.F.);
#2317 = EDGE_CURVE('',#2290,#2308,#2318,.T.);
#2318 = LINE('',#2319,#2320);
#2319 = CARTESIAN_POINT('',(118.12450057334,53.,73.9829179299));
#2320 = VECTOR('',#2321,1.);
#2321 = DIRECTION('',(0.,1.,0.));
#2322 = B_SPLINE_SURFACE_WITH_KNOTS('',3,1,(
    (#2323,#2324)
    ,(#2325,#2326)
    ,(#2327,#2328)
    ,(#2329,#2330)
    ,(#2331,#2332
    )),.UNSPECIFIED.,.F.,.F.,.F.,(4,1,4),(2,2),(-0.219481034158,
    -0.122470680276,0.),(0.,1.E-01),.UNSPECIFIED.);
#2323 = CARTESIAN_POINT('',(118.12450057334,53.,73.9829179299));
#2324 = CARTESIAN_POINT('',(118.12450057334,54.,73.9829179299));
#2325 = CARTESIAN_POINT('',(117.95445940586,53.,73.701693203157));
#2326 = CARTESIAN_POINT('',(117.95445940586,54.,73.701693203157));
#2327 = CARTESIAN_POINT('',(117.56974983832,53.,73.065436438943));
#2328 = CARTESIAN_POINT('',(117.56974983832,54.,73.065436438943));
#2329 = CARTESIAN_POINT('',(117.55151626393,53.,72.31833539838));
#2330 = CARTESIAN_POINT('',(117.55151626393,54.,72.31833539838));
#2331 = CARTESIAN_POINT('',(117.54134190756,53.,71.901452121774));
#2332 = CARTESIAN_POINT('',(117.54134190756,54.,71.901452121774));
#2333 = ADVANCED_FACE('',(#2334),#2363,.T.);
#2334 = FACE_BOUND('',#2335,.T.);
#2335 = EDGE_LOOP('',(#2336,#2346,#2347,#2357));
#2336 = ORIENTED_EDGE('',*,*,#2337,.F.);
#2337 = EDGE_CURVE('',#2290,#2338,#2340,.T.);
#2338 = VERTEX_POINT('',#2339);
#2339 = CARTESIAN_POINT('',(119.50807690805,53.,74.674172796978));
#2340 = B_SPLINE_CURVE_WITH_KNOTS('',3,(#2341,#2342,#2343,#2344,#2345),
  .UNSPECIFIED.,.F.,.F.,(4,1,4),(0.,8.221599117055E-02,0.158703439533),
  .UNSPECIFIED.);
#2341 = CARTESIAN_POINT('',(118.12450057334,53.,73.9829179299));
#2342 = CARTESIAN_POINT('',(118.32338280709,53.,74.184115656193));
#2343 = CARTESIAN_POINT('',(118.7072898075,53.,74.572492305727));
#2344 = CARTESIAN_POINT('',(119.24764946314,53.,74.641104843565));
#2345 = CARTESIAN_POINT('',(119.50807690805,53.,74.674172796978));
#2346 = ORIENTED_EDGE('',*,*,#2317,.T.);
#2347 = ORIENTED_EDGE('',*,*,#2348,.F.);
#2348 = EDGE_CURVE('',#2349,#2308,#2351,.T.);
#2349 = VERTEX_POINT('',#2350);
#2350 = CARTESIAN_POINT('',(119.50807690805,54.,74.674172796978));
#2351 = B_SPLINE_CURVE_WITH_KNOTS('',3,(#2352,#2353,#2354,#2355,#2356),
  .UNSPECIFIED.,.F.,.F.,(4,1,4),(-0.158703439533,-8.221599117055E-02,0.)
  ,.UNSPECIFIED.);
#2352 = CARTESIAN_POINT('',(119.50807690805,54.,74.674172796978));
#2353 = CARTESIAN_POINT('',(119.24764946314,54.,74.641104843565));
#2354 = CARTESIAN_POINT('',(118.7072898075,54.,74.572492305727));
#2355 = CARTESIAN_POINT('',(118.32338280709,54.,74.184115656193));
#2356 = CARTESIAN_POINT('',(118.12450057334,54.,73.9829179299));
#2357 = ORIENTED_EDGE('',*,*,#2358,.F.);
#2358 = EDGE_CURVE('',#2338,#2349,#2359,.T.);
#2359 = LINE('',#2360,#2361);
#2360 = CARTESIAN_POINT('',(119.50807690805,53.,74.674172796978));
#2361 = VECTOR('',#2362,1.);
#2362 = DIRECTION('',(0.,1.,0.));
#2363 = B_SPLINE_SURFACE_WITH_KNOTS('',3,1,(
    (#2364,#2365)
    ,(#2366,#2367)
    ,(#2368,#2369)
    ,(#2370,#2371)
    ,(#2372,#2373
    )),.UNSPECIFIED.,.F.,.F.,.F.,(4,1,4),(2,2),(-0.158703439533,
    -8.221599117055E-02,0.),(0.,1.E-01),.UNSPECIFIED.);
#2364 = CARTESIAN_POINT('',(119.50807690805,53.,74.674172796978));
#2365 = CARTESIAN_POINT('',(119.50807690805,54.,74.674172796978));
#2366 = CARTESIAN_POINT('',(119.24764946314,53.,74.641104843565));
#2367 = CARTESIAN_POINT('',(119.24764946314,54.,74.641104843565));
#2368 = CARTESIAN_POINT('',(118.7072898075,53.,74.572492305727));
#2369 = CARTESIAN_POINT('',(118.7072898075,54.,74.572492305727));
#2370 = CARTESIAN_POINT('',(118.32338280709,53.,74.184115656193));
#2371 = CARTESIAN_POINT('',(118.32338280709,54.,74.184115656193));
#2372 = CARTESIAN_POINT('',(118.12450057334,53.,73.9829179299));
#2373 = CARTESIAN_POINT('',(118.12450057334,54.,73.9829179299));
#2374 = ADVANCED_FACE('',(#2375),#2404,.T.);
#2375 = FACE_BOUND('',#2376,.T.);
#2376 = EDGE_LOOP('',(#2377,#2387,#2388,#2398));
#2377 = ORIENTED_EDGE('',*,*,#2378,.F.);
#2378 = EDGE_CURVE('',#2338,#2379,#2381,.T.);
#2379 = VERTEX_POINT('',#2380);
#2380 = CARTESIAN_POINT('',(120.87683554757,53.,74.018196673077));
#2381 = B_SPLINE_CURVE_WITH_KNOTS('',3,(#2382,#2383,#2384,#2385,#2386),
  .UNSPECIFIED.,.F.,.F.,(4,1,4),(0.,7.623450656251E-02,0.155747074077),
  .UNSPECIFIED.);
#2382 = CARTESIAN_POINT('',(119.50807690805,53.,74.674172796978));
#2383 = CARTESIAN_POINT('',(119.76822356501,53.,74.644941018659));
#2384 = CARTESIAN_POINT('',(120.29970310727,53.,74.585220504308));
#2385 = CARTESIAN_POINT('',(120.68177751801,53.,74.209838215834));
#2386 = CARTESIAN_POINT('',(120.87683554757,53.,74.018196673077));
#2387 = ORIENTED_EDGE('',*,*,#2358,.T.);
#2388 = ORIENTED_EDGE('',*,*,#2389,.F.);
#2389 = EDGE_CURVE('',#2390,#2349,#2392,.T.);
#2390 = VERTEX_POINT('',#2391);
#2391 = CARTESIAN_POINT('',(120.87683554757,54.,74.018196673077));
#2392 = B_SPLINE_CURVE_WITH_KNOTS('',3,(#2393,#2394,#2395,#2396,#2397),
  .UNSPECIFIED.,.F.,.F.,(4,1,4),(-0.155747074077,-7.623450656251E-02,0.)
  ,.UNSPECIFIED.);
#2393 = CARTESIAN_POINT('',(120.87683554757,54.,74.018196673077));
#2394 = CARTESIAN_POINT('',(120.68177751801,54.,74.209838215834));
#2395 = CARTESIAN_POINT('',(120.29970310727,54.,74.585220504308));
#2396 = CARTESIAN_POINT('',(119.76822356501,54.,74.644941018659));
#2397 = CARTESIAN_POINT('',(119.50807690805,54.,74.674172796978));
#2398 = ORIENTED_EDGE('',*,*,#2399,.F.);
#2399 = EDGE_CURVE('',#2379,#2390,#2400,.T.);
#2400 = LINE('',#2401,#2402);
#2401 = CARTESIAN_POINT('',(120.87683554757,53.,74.018196673077));
#2402 = VECTOR('',#2403,1.);
#2403 = DIRECTION('',(0.,1.,0.));
#2404 = B_SPLINE_SURFACE_WITH_KNOTS('',3,1,(
    (#2405,#2406)
    ,(#2407,#2408)
    ,(#2409,#2410)
    ,(#2411,#2412)
    ,(#2413,#2414
    )),.UNSPECIFIED.,.F.,.F.,.F.,(4,1,4),(2,2),(-0.155747074077,
    -7.623450656251E-02,0.),(0.,1.E-01),.UNSPECIFIED.);
#2405 = CARTESIAN_POINT('',(120.87683554757,53.,74.018196673077));
#2406 = CARTESIAN_POINT('',(120.87683554757,54.,74.018196673077));
#2407 = CARTESIAN_POINT('',(120.68177751801,53.,74.209838215834));
#2408 = CARTESIAN_POINT('',(120.68177751801,54.,74.209838215834));
#2409 = CARTESIAN_POINT('',(120.29970310727,53.,74.585220504308));
#2410 = CARTESIAN_POINT('',(120.29970310727,54.,74.585220504308));
#2411 = CARTESIAN_POINT('',(119.76822356501,53.,74.644941018659));
#2412 = CARTESIAN_POINT('',(119.76822356501,54.,74.644941018659));
#2413 = CARTESIAN_POINT('',(119.50807690805,53.,74.674172796978));
#2414 = CARTESIAN_POINT('',(119.50807690805,54.,74.674172796978));
#2415 = ADVANCED_FACE('',(#2416),#2445,.T.);
#2416 = FACE_BOUND('',#2417,.T.);
#2417 = EDGE_LOOP('',(#2418,#2428,#2429,#2439));
#2418 = ORIENTED_EDGE('',*,*,#2419,.F.);
#2419 = EDGE_CURVE('',#2379,#2420,#2422,.T.);
#2420 = VERTEX_POINT('',#2421);
#2421 = CARTESIAN_POINT('',(121.44293383378,53.,72.01026935485));
#2422 = B_SPLINE_CURVE_WITH_KNOTS('',3,(#2423,#2424,#2425,#2426,#2427),
  .UNSPECIFIED.,.F.,.F.,(4,1,4),(0.,9.323487293866E-02,0.211824640483),
  .UNSPECIFIED.);
#2423 = CARTESIAN_POINT('',(120.87683554757,53.,74.018196673077));
#2424 = CARTESIAN_POINT('',(121.04082278748,53.,73.748281233951));
#2425 = CARTESIAN_POINT('',(121.41339301836,53.,73.135047804747));
#2426 = CARTESIAN_POINT('',(121.43233127424,53.,72.41396608136));
#2427 = CARTESIAN_POINT('',(121.44293383378,53.,72.01026935485));
#2428 = ORIENTED_EDGE('',*,*,#2399,.T.);
#2429 = ORIENTED_EDGE('',*,*,#2430,.F.);
#2430 = EDGE_CURVE('',#2431,#2390,#2433,.T.);
#2431 = VERTEX_POINT('',#2432);
#2432 = CARTESIAN_POINT('',(121.44293383378,54.,72.01026935485));
#2433 = B_SPLINE_CURVE_WITH_KNOTS('',3,(#2434,#2435,#2436,#2437,#2438),
  .UNSPECIFIED.,.F.,.F.,(4,1,4),(-0.211824640483,-9.323487293866E-02,0.)
  ,.UNSPECIFIED.);
#2434 = CARTESIAN_POINT('',(121.44293383378,54.,72.01026935485));
#2435 = CARTESIAN_POINT('',(121.43233127424,54.,72.41396608136));
#2436 = CARTESIAN_POINT('',(121.41339301836,54.,73.135047804747));
#2437 = CARTESIAN_POINT('',(121.04082278748,54.,73.748281233951));
#2438 = CARTESIAN_POINT('',(120.87683554757,54.,74.018196673077));
#2439 = ORIENTED_EDGE('',*,*,#2440,.F.);
#2440 = EDGE_CURVE('',#2420,#2431,#2441,.T.);
#2441 = LINE('',#2442,#2443);
#2442 = CARTESIAN_POINT('',(121.44293383378,53.,72.01026935485));
#2443 = VECTOR('',#2444,1.);
#2444 = DIRECTION('',(0.,1.,0.));
#2445 = B_SPLINE_SURFACE_WITH_KNOTS('',3,1,(
    (#2446,#2447)
    ,(#2448,#2449)
    ,(#2450,#2451)
    ,(#2452,#2453)
    ,(#2454,#2455
    )),.UNSPECIFIED.,.F.,.F.,.F.,(4,1,4),(2,2),(-0.211824640483,
    -9.323487293866E-02,0.),(0.,1.E-01),.UNSPECIFIED.);
#2446 = CARTESIAN_POINT('',(121.44293383378,53.,72.01026935485));
#2447 = CARTESIAN_POINT('',(121.44293383378,54.,72.01026935485));
#2448 = CARTESIAN_POINT('',(121.43233127424,53.,72.41396608136));
#2449 = CARTESIAN_POINT('',(121.43233127424,54.,72.41396608136));
#2450 = CARTESIAN_POINT('',(121.41339301836,53.,73.135047804747));
#2451 = CARTESIAN_POINT('',(121.41339301836,54.,73.135047804747));
#2452 = CARTESIAN_POINT('',(121.04082278748,53.,73.748281233951));
#2453 = CARTESIAN_POINT('',(121.04082278748,54.,73.748281233951));
#2454 = CARTESIAN_POINT('',(120.87683554757,53.,74.018196673077));
#2455 = CARTESIAN_POINT('',(120.87683554757,54.,74.018196673077));
#2456 = ADVANCED_FACE('',(#2457),#2486,.T.);
#2457 = FACE_BOUND('',#2458,.T.);
#2458 = EDGE_LOOP('',(#2459,#2469,#2470,#2480));
#2459 = ORIENTED_EDGE('',*,*,#2460,.F.);
#2460 = EDGE_CURVE('',#2420,#2461,#2463,.T.);
#2461 = VERTEX_POINT('',#2462);
#2462 = CARTESIAN_POINT('',(120.87358308499,53.,69.826507277995));
#2463 = B_SPLINE_CURVE_WITH_KNOTS('',3,(#2464,#2465,#2466,#2467,#2468),
  .UNSPECIFIED.,.F.,.F.,(4,1,4),(0.,0.129715602723,0.22887104416),
  .UNSPECIFIED.);
#2464 = CARTESIAN_POINT('',(121.44293383378,53.,72.01026935485));
#2465 = CARTESIAN_POINT('',(121.43549553223,53.,71.569158726903));
#2466 = CARTESIAN_POINT('',(121.4223713451,53.,70.790860296424));
#2467 = CARTESIAN_POINT('',(121.03947012331,53.,70.11801071885));
#2468 = CARTESIAN_POINT('',(120.87358308499,53.,69.826507277995));
#2469 = ORIENTED_EDGE('',*,*,#2440,.T.);
#2470 = ORIENTED_EDGE('',*,*,#2471,.F.);
#2471 = EDGE_CURVE('',#2472,#2431,#2474,.T.);
#2472 = VERTEX_POINT('',#2473);
#2473 = CARTESIAN_POINT('',(120.87358308499,54.,69.826507277995));
#2474 = B_SPLINE_CURVE_WITH_KNOTS('',3,(#2475,#2476,#2477,#2478,#2479),
  .UNSPECIFIED.,.F.,.F.,(4,1,4),(-0.22887104416,-0.129715602723,0.),
  .UNSPECIFIED.);
#2475 = CARTESIAN_POINT('',(120.87358308499,54.,69.826507277995));
#2476 = CARTESIAN_POINT('',(121.03947012331,54.,70.11801071885));
#2477 = CARTESIAN_POINT('',(121.4223713451,54.,70.790860296424));
#2478 = CARTESIAN_POINT('',(121.43549553223,54.,71.569158726903));
#2479 = CARTESIAN_POINT('',(121.44293383378,54.,72.01026935485));
#2480 = ORIENTED_EDGE('',*,*,#2481,.F.);
#2481 = EDGE_CURVE('',#2461,#2472,#2482,.T.);
#2482 = LINE('',#2483,#2484);
#2483 = CARTESIAN_POINT('',(120.87358308499,53.,69.826507277995));
#2484 = VECTOR('',#2485,1.);
#2485 = DIRECTION('',(0.,1.,0.));
#2486 = B_SPLINE_SURFACE_WITH_KNOTS('',3,1,(
    (#2487,#2488)
    ,(#2489,#2490)
    ,(#2491,#2492)
    ,(#2493,#2494)
    ,(#2495,#2496
    )),.UNSPECIFIED.,.F.,.F.,.F.,(4,1,4),(2,2),(-0.22887104416,
    -0.129715602723,0.),(0.,1.E-01),.UNSPECIFIED.);
#2487 = CARTESIAN_POINT('',(120.87358308499,53.,69.826507277995));
#2488 = CARTESIAN_POINT('',(120.87358308499,54.,69.826507277995));
#2489 = CARTESIAN_POINT('',(121.03947012331,53.,70.11801071885));
#2490 = CARTESIAN_POINT('',(121.03947012331,54.,70.11801071885));
#2491 = CARTESIAN_POINT('',(121.4223713451,53.,70.790860296424));
#2492 = CARTESIAN_POINT('',(121.4223713451,54.,70.790860296424));
#2493 = CARTESIAN_POINT('',(121.43549553223,53.,71.569158726903));
#2494 = CARTESIAN_POINT('',(121.43549553223,54.,71.569158726903));
#2495 = CARTESIAN_POINT('',(121.44293383378,53.,72.01026935485));
#2496 = CARTESIAN_POINT('',(121.44293383378,54.,72.01026935485));
#2497 = ADVANCED_FACE('',(#2498),#2527,.T.);
#2498 = FACE_BOUND('',#2499,.T.);
#2499 = EDGE_LOOP('',(#2500,#2510,#2511,#2521));
#2500 = ORIENTED_EDGE('',*,*,#2501,.F.);
#2501 = EDGE_CURVE('',#2461,#2502,#2504,.T.);
#2502 = VERTEX_POINT('',#2503);
#2503 = CARTESIAN_POINT('',(119.462743062,53.,69.128385843322));
#2504 = B_SPLINE_CURVE_WITH_KNOTS('',3,(#2505,#2506,#2507,#2508,#2509),
  .UNSPECIFIED.,.F.,.F.,(4,1,4),(0.,8.253847337487E-02,0.16172304579),
  .UNSPECIFIED.);
#2505 = CARTESIAN_POINT('',(120.87358308499,53.,69.826507277995));
#2506 = CARTESIAN_POINT('',(120.67485312814,53.,69.623268160612));
#2507 = CARTESIAN_POINT('',(120.28546848608,53.,69.225048424495));
#2508 = CARTESIAN_POINT('',(119.73316689254,53.,69.160158126887));
#2509 = CARTESIAN_POINT('',(119.462743062,53.,69.128385843322));
#2510 = ORIENTED_EDGE('',*,*,#2481,.T.);
#2511 = ORIENTED_EDGE('',*,*,#2512,.F.);
#2512 = EDGE_CURVE('',#2513,#2472,#2515,.T.);
#2513 = VERTEX_POINT('',#2514);
#2514 = CARTESIAN_POINT('',(119.462743062,54.,69.128385843322));
#2515 = B_SPLINE_CURVE_WITH_KNOTS('',3,(#2516,#2517,#2518,#2519,#2520),
  .UNSPECIFIED.,.F.,.F.,(4,1,4),(-0.16172304579,-8.253847337487E-02,0.),
  .UNSPECIFIED.);
#2516 = CARTESIAN_POINT('',(119.462743062,54.,69.128385843322));
#2517 = CARTESIAN_POINT('',(119.73316689254,54.,69.160158126887));
#2518 = CARTESIAN_POINT('',(120.28546848608,54.,69.225048424495));
#2519 = CARTESIAN_POINT('',(120.67485312814,54.,69.623268160612));
#2520 = CARTESIAN_POINT('',(120.87358308499,54.,69.826507277995));
#2521 = ORIENTED_EDGE('',*,*,#2522,.F.);
#2522 = EDGE_CURVE('',#2502,#2513,#2523,.T.);
#2523 = LINE('',#2524,#2525);
#2524 = CARTESIAN_POINT('',(119.462743062,53.,69.128385843322));
#2525 = VECTOR('',#2526,1.);
#2526 = DIRECTION('',(0.,1.,0.));
#2527 = B_SPLINE_SURFACE_WITH_KNOTS('',3,1,(
    (#2528,#2529)
    ,(#2530,#2531)
    ,(#2532,#2533)
    ,(#2534,#2535)
    ,(#2536,#2537
    )),.UNSPECIFIED.,.F.,.F.,.F.,(4,1,4),(2,2),(-0.16172304579,
    -8.253847337487E-02,0.),(0.,1.E-01),.UNSPECIFIED.);
#2528 = CARTESIAN_POINT('',(119.462743062,53.,69.128385843322));
#2529 = CARTESIAN_POINT('',(119.462743062,54.,69.128385843322));
#2530 = CARTESIAN_POINT('',(119.73316689254,53.,69.160158126887));
#2531 = CARTESIAN_POINT('',(119.73316689254,54.,69.160158126887));
#2532 = CARTESIAN_POINT('',(120.28546848608,53.,69.225048424495));
#2533 = CARTESIAN_POINT('',(120.28546848608,54.,69.225048424495));
#2534 = CARTESIAN_POINT('',(120.67485312814,53.,69.623268160612));
#2535 = CARTESIAN_POINT('',(120.67485312814,54.,69.623268160612));
#2536 = CARTESIAN_POINT('',(120.87358308499,53.,69.826507277995));
#2537 = CARTESIAN_POINT('',(120.87358308499,54.,69.826507277995));
#2538 = ADVANCED_FACE('',(#2539),#2568,.T.);
#2539 = FACE_BOUND('',#2540,.T.);
#2540 = EDGE_LOOP('',(#2541,#2551,#2552,#2562));
#2541 = ORIENTED_EDGE('',*,*,#2542,.F.);
#2542 = EDGE_CURVE('',#2502,#2543,#2545,.T.);
#2543 = VERTEX_POINT('',#2544);
#2544 = CARTESIAN_POINT('',(118.09395784773,53.,69.79459307443));
#2545 = B_SPLINE_CURVE_WITH_KNOTS('',3,(#2546,#2547,#2548,#2549,#2550),
  .UNSPECIFIED.,.F.,.F.,(4,1,4),(0.,7.695651686036E-02,0.156417621239),
  .UNSPECIFIED.);
#2546 = CARTESIAN_POINT('',(119.462743062,53.,69.128385843322));
#2547 = CARTESIAN_POINT('',(119.19965354671,53.,69.157543070503));
#2548 = CARTESIAN_POINT('',(118.66491213906,53.,69.216806461099));
#2549 = CARTESIAN_POINT('',(118.28629676435,53.,69.599952535016));
#2550 = CARTESIAN_POINT('',(118.09395784773,53.,69.79459307443));
#2551 = ORIENTED_EDGE('',*,*,#2522,.T.);
#2552 = ORIENTED_EDGE('',*,*,#2553,.F.);
#2553 = EDGE_CURVE('',#2554,#2513,#2556,.T.);
#2554 = VERTEX_POINT('',#2555);
#2555 = CARTESIAN_POINT('',(118.09395784773,54.,69.79459307443));
#2556 = B_SPLINE_CURVE_WITH_KNOTS('',3,(#2557,#2558,#2559,#2560,#2561),
  .UNSPECIFIED.,.F.,.F.,(4,1,4),(-0.156417621239,-7.695651686036E-02,0.)
  ,.UNSPECIFIED.);
#2557 = CARTESIAN_POINT('',(118.09395784773,54.,69.79459307443));
#2558 = CARTESIAN_POINT('',(118.28629676435,54.,69.599952535016));
#2559 = CARTESIAN_POINT('',(118.66491213906,54.,69.216806461099));
#2560 = CARTESIAN_POINT('',(119.19965354671,54.,69.157543070503));
#2561 = CARTESIAN_POINT('',(119.462743062,54.,69.128385843322));
#2562 = ORIENTED_EDGE('',*,*,#2563,.F.);
#2563 = EDGE_CURVE('',#2543,#2554,#2564,.T.);
#2564 = LINE('',#2565,#2566);
#2565 = CARTESIAN_POINT('',(118.09395784773,53.,69.79459307443));
#2566 = VECTOR('',#2567,1.);
#2567 = DIRECTION('',(0.,1.,0.));
#2568 = B_SPLINE_SURFACE_WITH_KNOTS('',3,1,(
    (#2569,#2570)
    ,(#2571,#2572)
    ,(#2573,#2574)
    ,(#2575,#2576)
    ,(#2577,#2578
    )),.UNSPECIFIED.,.F.,.F.,.F.,(4,1,4),(2,2),(-0.156417621239,
    -7.695651686036E-02,0.),(0.,1.E-01),.UNSPECIFIED.);
#2569 = CARTESIAN_POINT('',(118.09395784773,53.,69.79459307443));
#2570 = CARTESIAN_POINT('',(118.09395784773,54.,69.79459307443));
#2571 = CARTESIAN_POINT('',(118.28629676435,53.,69.599952535016));
#2572 = CARTESIAN_POINT('',(118.28629676435,54.,69.599952535016));
#2573 = CARTESIAN_POINT('',(118.66491213906,53.,69.216806461099));
#2574 = CARTESIAN_POINT('',(118.66491213906,54.,69.216806461099));
#2575 = CARTESIAN_POINT('',(119.19965354671,53.,69.157543070503));
#2576 = CARTESIAN_POINT('',(119.19965354671,54.,69.157543070503));
#2577 = CARTESIAN_POINT('',(119.462743062,53.,69.128385843322));
#2578 = CARTESIAN_POINT('',(119.462743062,54.,69.128385843322));
#2579 = ADVANCED_FACE('',(#2580),#2600,.T.);
#2580 = FACE_BOUND('',#2581,.T.);
#2581 = EDGE_LOOP('',(#2582,#2590,#2591,#2599));
#2582 = ORIENTED_EDGE('',*,*,#2583,.F.);
#2583 = EDGE_CURVE('',#2543,#2288,#2584,.T.);
#2584 = B_SPLINE_CURVE_WITH_KNOTS('',3,(#2585,#2586,#2587,#2588,#2589),
  .UNSPECIFIED.,.F.,.F.,(4,1,4),(0.,9.54594600105E-02,0.220871929763),
  .UNSPECIFIED.);
#2585 = CARTESIAN_POINT('',(118.09395784773,53.,69.79459307443));
#2586 = CARTESIAN_POINT('',(117.93407329794,53.,70.075074315546));
#2587 = CARTESIAN_POINT('',(117.56413605918,53.,70.724045438793));
#2588 = CARTESIAN_POINT('',(117.54959717651,53.,71.475035337702));
#2589 = CARTESIAN_POINT('',(117.54134190756,53.,71.901452121774));
#2590 = ORIENTED_EDGE('',*,*,#2563,.T.);
#2591 = ORIENTED_EDGE('',*,*,#2592,.F.);
#2592 = EDGE_CURVE('',#2300,#2554,#2593,.T.);
#2593 = B_SPLINE_CURVE_WITH_KNOTS('',3,(#2594,#2595,#2596,#2597,#2598),
  .UNSPECIFIED.,.F.,.F.,(4,1,4),(-0.220871929763,-9.54594600105E-02,0.),
  .UNSPECIFIED.);
#2594 = CARTESIAN_POINT('',(117.54134190756,54.,71.901452121774));
#2595 = CARTESIAN_POINT('',(117.54959717651,54.,71.475035337702));
#2596 = CARTESIAN_POINT('',(117.56413605918,54.,70.724045438793));
#2597 = CARTESIAN_POINT('',(117.93407329794,54.,70.075074315546));
#2598 = CARTESIAN_POINT('',(118.09395784773,54.,69.79459307443));
#2599 = ORIENTED_EDGE('',*,*,#2299,.F.);
#2600 = B_SPLINE_SURFACE_WITH_KNOTS('',3,1,(
    (#2601,#2602)
    ,(#2603,#2604)
    ,(#2605,#2606)
    ,(#2607,#2608)
    ,(#2609,#2610
    )),.UNSPECIFIED.,.F.,.F.,.F.,(4,1,4),(2,2),(-0.220871929763,
    -9.54594600105E-02,0.),(0.,1.E-01),.UNSPECIFIED.);
#2601 = CARTESIAN_POINT('',(117.54134190756,53.,71.901452121774));
#2602 = CARTESIAN_POINT('',(117.54134190756,54.,71.901452121774));
#2603 = CARTESIAN_POINT('',(117.54959717651,53.,71.475035337702));
#2604 = CARTESIAN_POINT('',(117.54959717651,54.,71.475035337702));
#2605 = CARTESIAN_POINT('',(117.56413605918,53.,70.724045438793));
#2606 = CARTESIAN_POINT('',(117.56413605918,54.,70.724045438793));
#2607 = CARTESIAN_POINT('',(117.93407329794,53.,70.075074315546));
#2608 = CARTESIAN_POINT('',(117.93407329794,54.,70.075074315546));
#2609 = CARTESIAN_POINT('',(118.09395784773,53.,69.79459307443));
#2610 = CARTESIAN_POINT('',(118.09395784773,54.,69.79459307443));
#2611 = ADVANCED_FACE('',(#2612),#2646,.T.);
#2612 = FACE_BOUND('',#2613,.T.);
#2613 = EDGE_LOOP('',(#2614,#2624,#2632,#2640));
#2614 = ORIENTED_EDGE('',*,*,#2615,.F.);
#2615 = EDGE_CURVE('',#2616,#2618,#2620,.T.);
#2616 = VERTEX_POINT('',#2617);
#2617 = CARTESIAN_POINT('',(121.41662737527,53.,75.523191089917));
#2618 = VERTEX_POINT('',#2619);
#2619 = CARTESIAN_POINT('',(121.41814955553,53.,74.609140824624));
#2620 = LINE('',#2621,#2622);
#2621 = CARTESIAN_POINT('',(121.41950764045,53.,73.793627769442));
#2622 = VECTOR('',#2623,1.);
#2623 = DIRECTION('',(1.665311211988E-03,0.,-0.999998613368));
#2624 = ORIENTED_EDGE('',*,*,#2625,.T.);
#2625 = EDGE_CURVE('',#2616,#2626,#2628,.T.);
#2626 = VERTEX_POINT('',#2627);
#2627 = CARTESIAN_POINT('',(121.41662737527,54.,75.523191089917));
#2628 = LINE('',#2629,#2630);
#2629 = CARTESIAN_POINT('',(121.41662737527,53.,75.523191089917));
#2630 = VECTOR('',#2631,1.);
#2631 = DIRECTION('',(0.,1.,0.));
#2632 = ORIENTED_EDGE('',*,*,#2633,.F.);
#2633 = EDGE_CURVE('',#2634,#2626,#2636,.T.);
#2634 = VERTEX_POINT('',#2635);
#2635 = CARTESIAN_POINT('',(121.41814955553,54.,74.609140824624));
#2636 = LINE('',#2637,#2638);
#2637 = CARTESIAN_POINT('',(121.41662737527,54.,75.523191089917));
#2638 = VECTOR('',#2639,1.);
#2639 = DIRECTION('',(-1.665311211988E-03,0.,0.999998613368));
#2640 = ORIENTED_EDGE('',*,*,#2641,.F.);
#2641 = EDGE_CURVE('',#2618,#2634,#2642,.T.);
#2642 = LINE('',#2643,#2644);
#2643 = CARTESIAN_POINT('',(121.41814955553,53.,74.609140824624));
#2644 = VECTOR('',#2645,1.);
#2645 = DIRECTION('',(0.,1.,0.));
#2646 = PLANE('',#2647);
#2647 = AXIS2_PLACEMENT_3D('',#2648,#2649,#2650);
#2648 = CARTESIAN_POINT('',(121.41814955553,53.,74.609140824624));
#2649 = DIRECTION('',(-0.999998613368,0.,-1.665311211988E-03));
#2650 = DIRECTION('',(-1.665311211988E-03,0.,0.999998613368));
#2651 = ADVANCED_FACE('',(#2652),#2681,.T.);
#2652 = FACE_BOUND('',#2653,.T.);
#2653 = EDGE_LOOP('',(#2654,#2664,#2665,#2675));
#2654 = ORIENTED_EDGE('',*,*,#2655,.F.);
#2655 = EDGE_CURVE('',#2618,#2656,#2658,.T.);
#2656 = VERTEX_POINT('',#2657);
#2657 = CARTESIAN_POINT('',(119.39042905689,53.,75.683528370901));
#2658 = B_SPLINE_CURVE_WITH_KNOTS('',3,(#2659,#2660,#2661,#2662,#2663),
  .UNSPECIFIED.,.F.,.F.,(4,1,4),(0.,0.117367976301,0.237914260498),
  .UNSPECIFIED.);
#2659 = CARTESIAN_POINT('',(121.41814955553,53.,74.609140824624));
#2660 = CARTESIAN_POINT('',(121.15806424418,53.,74.923039963039));
#2661 = CARTESIAN_POINT('',(120.63085054871,53.,75.559338583334));
#2662 = CARTESIAN_POINT('',(119.80756897337,53.,75.64176473011));
#2663 = CARTESIAN_POINT('',(119.39042905689,53.,75.683528370901));
#2664 = ORIENTED_EDGE('',*,*,#2641,.T.);
#2665 = ORIENTED_EDGE('',*,*,#2666,.F.);
#2666 = EDGE_CURVE('',#2667,#2634,#2669,.T.);
#2667 = VERTEX_POINT('',#2668);
#2668 = CARTESIAN_POINT('',(119.39042905689,54.,75.683528370901));
#2669 = B_SPLINE_CURVE_WITH_KNOTS('',3,(#2670,#2671,#2672,#2673,#2674),
  .UNSPECIFIED.,.F.,.F.,(4,1,4),(-0.237914260498,-0.117367976301,0.),
  .UNSPECIFIED.);
#2670 = CARTESIAN_POINT('',(119.39042905689,54.,75.683528370901));
#2671 = CARTESIAN_POINT('',(119.80756897337,54.,75.64176473011));
#2672 = CARTESIAN_POINT('',(120.63085054871,54.,75.559338583334));
#2673 = CARTESIAN_POINT('',(121.15806424418,54.,74.923039963039));
#2674 = CARTESIAN_POINT('',(121.41814955553,54.,74.609140824624));
#2675 = ORIENTED_EDGE('',*,*,#2676,.F.);
#2676 = EDGE_CURVE('',#2656,#2667,#2677,.T.);
#2677 = LINE('',#2678,#2679);
#2678 = CARTESIAN_POINT('',(119.39042905689,53.,75.683528370901));
#2679 = VECTOR('',#2680,1.);
#2680 = DIRECTION('',(0.,1.,0.));
#2681 = B_SPLINE_SURFACE_WITH_KNOTS('',3,1,(
    (#2682,#2683)
    ,(#2684,#2685)
    ,(#2686,#2687)
    ,(#2688,#2689)
    ,(#2690,#2691
    )),.UNSPECIFIED.,.F.,.F.,.F.,(4,1,4),(2,2),(-0.237914260498,
    -0.117367976301,0.),(0.,1.E-01),.UNSPECIFIED.);
#2682 = CARTESIAN_POINT('',(119.39042905689,53.,75.683528370901));
#2683 = CARTESIAN_POINT('',(119.39042905689,54.,75.683528370901));
#2684 = CARTESIAN_POINT('',(119.80756897337,53.,75.64176473011));
#2685 = CARTESIAN_POINT('',(119.80756897337,54.,75.64176473011));
#2686 = CARTESIAN_POINT('',(120.63085054871,53.,75.559338583334));
#2687 = CARTESIAN_POINT('',(120.63085054871,54.,75.559338583334));
#2688 = CARTESIAN_POINT('',(121.15806424418,53.,74.923039963039));
#2689 = CARTESIAN_POINT('',(121.15806424418,54.,74.923039963039));
#2690 = CARTESIAN_POINT('',(121.41814955553,53.,74.609140824624));
#2691 = CARTESIAN_POINT('',(121.41814955553,54.,74.609140824624));
#2692 = ADVANCED_FACE('',(#2693),#2722,.T.);
#2693 = FACE_BOUND('',#2694,.T.);
#2694 = EDGE_LOOP('',(#2695,#2705,#2706,#2716));
#2695 = ORIENTED_EDGE('',*,*,#2696,.F.);
#2696 = EDGE_CURVE('',#2656,#2697,#2699,.T.);
#2697 = VERTEX_POINT('',#2698);
#2698 = CARTESIAN_POINT('',(117.79845681283,53.,75.203386150784));
#2699 = B_SPLINE_CURVE_WITH_KNOTS('',3,(#2700,#2701,#2702,#2703,#2704),
  .UNSPECIFIED.,.F.,.F.,(4,1,4),(0.,8.398636706597E-02,0.168130769682),
  .UNSPECIFIED.);
#2700 = CARTESIAN_POINT('',(119.39042905689,53.,75.683528370901));
#2701 = CARTESIAN_POINT('',(119.10741143428,53.,75.663086897782));
#2702 = CARTESIAN_POINT('',(118.5408436402,53.,75.622165487214));
#2703 = CARTESIAN_POINT('',(118.04607410917,53.,75.343066709797));
#2704 = CARTESIAN_POINT('',(117.79845681283,53.,75.203386150784));
#2705 = ORIENTED_EDGE('',*,*,#2676,.T.);
#2706 = ORIENTED_EDGE('',*,*,#2707,.F.);
#2707 = EDGE_CURVE('',#2708,#2667,#2710,.T.);
#2708 = VERTEX_POINT('',#2709);
#2709 = CARTESIAN_POINT('',(117.79845681283,54.,75.203386150784));
#2710 = B_SPLINE_CURVE_WITH_KNOTS('',3,(#2711,#2712,#2713,#2714,#2715),
  .UNSPECIFIED.,.F.,.F.,(4,1,4),(-0.168130769682,-8.398636706597E-02,0.)
  ,.UNSPECIFIED.);
#2711 = CARTESIAN_POINT('',(117.79845681283,54.,75.203386150784));
#2712 = CARTESIAN_POINT('',(118.04607410917,54.,75.343066709797));
#2713 = CARTESIAN_POINT('',(118.5408436402,54.,75.622165487214));
#2714 = CARTESIAN_POINT('',(119.10741143428,54.,75.663086897782));
#2715 = CARTESIAN_POINT('',(119.39042905689,54.,75.683528370901));
#2716 = ORIENTED_EDGE('',*,*,#2717,.F.);
#2717 = EDGE_CURVE('',#2697,#2708,#2718,.T.);
#2718 = LINE('',#2719,#2720);
#2719 = CARTESIAN_POINT('',(117.79845681283,53.,75.203386150784));
#2720 = VECTOR('',#2721,1.);
#2721 = DIRECTION('',(0.,1.,0.));
#2722 = B_SPLINE_SURFACE_WITH_KNOTS('',3,1,(
    (#2723,#2724)
    ,(#2725,#2726)
    ,(#2727,#2728)
    ,(#2729,#2730)
    ,(#2731,#2732
    )),.UNSPECIFIED.,.F.,.F.,.F.,(4,1,4),(2,2),(-0.168130769682,
    -8.398636706597E-02,0.),(0.,1.E-01),.UNSPECIFIED.);
#2723 = CARTESIAN_POINT('',(117.79845681283,53.,75.203386150784));
#2724 = CARTESIAN_POINT('',(117.79845681283,54.,75.203386150784));
#2725 = CARTESIAN_POINT('',(118.04607410917,53.,75.343066709797));
#2726 = CARTESIAN_POINT('',(118.04607410917,54.,75.343066709797));
#2727 = CARTESIAN_POINT('',(118.5408436402,53.,75.622165487214));
#2728 = CARTESIAN_POINT('',(118.5408436402,54.,75.622165487214));
#2729 = CARTESIAN_POINT('',(119.10741143428,53.,75.663086897782));
#2730 = CARTESIAN_POINT('',(119.10741143428,54.,75.663086897782));
#2731 = CARTESIAN_POINT('',(119.39042905689,53.,75.683528370901));
#2732 = CARTESIAN_POINT('',(119.39042905689,54.,75.683528370901));
#2733 = ADVANCED_FACE('',(#2734),#2763,.T.);
#2734 = FACE_BOUND('',#2735,.T.);
#2735 = EDGE_LOOP('',(#2736,#2746,#2747,#2757));
#2736 = ORIENTED_EDGE('',*,*,#2737,.F.);
#2737 = EDGE_CURVE('',#2697,#2738,#2740,.T.);
#2738 = VERTEX_POINT('',#2739);
#2739 = CARTESIAN_POINT('',(116.67517181275,53.,73.867952736321));
#2740 = B_SPLINE_CURVE_WITH_KNOTS('',3,(#2741,#2742,#2743,#2744,#2745),
  .UNSPECIFIED.,.F.,.F.,(4,1,4),(0.,8.618920217121E-02,0.176246595687),
  .UNSPECIFIED.);
#2741 = CARTESIAN_POINT('',(117.79845681283,53.,75.203386150784));
#2742 = CARTESIAN_POINT('',(117.56885785416,53.,75.025054087304));
#2743 = CARTESIAN_POINT('',(117.0993554824,53.,74.660386376054));
#2744 = CARTESIAN_POINT('',(116.81862019208,53.,74.135934107318));
#2745 = CARTESIAN_POINT('',(116.67517181275,53.,73.867952736321));
#2746 = ORIENTED_EDGE('',*,*,#2717,.T.);
#2747 = ORIENTED_EDGE('',*,*,#2748,.F.);
#2748 = EDGE_CURVE('',#2749,#2708,#2751,.T.);
#2749 = VERTEX_POINT('',#2750);
#2750 = CARTESIAN_POINT('',(116.67517181275,54.,73.867952736321));
#2751 = B_SPLINE_CURVE_WITH_KNOTS('',3,(#2752,#2753,#2754,#2755,#2756),
  .UNSPECIFIED.,.F.,.F.,(4,1,4),(-0.176246595687,-8.618920217121E-02,0.)
  ,.UNSPECIFIED.);
#2752 = CARTESIAN_POINT('',(116.67517181275,54.,73.867952736321));
#2753 = CARTESIAN_POINT('',(116.81862019208,54.,74.135934107318));
#2754 = CARTESIAN_POINT('',(117.0993554824,54.,74.660386376054));
#2755 = CARTESIAN_POINT('',(117.56885785416,54.,75.025054087304));
#2756 = CARTESIAN_POINT('',(117.79845681283,54.,75.203386150784));
#2757 = ORIENTED_EDGE('',*,*,#2758,.F.);
#2758 = EDGE_CURVE('',#2738,#2749,#2759,.T.);
#2759 = LINE('',#2760,#2761);
#2760 = CARTESIAN_POINT('',(116.67517181275,53.,73.867952736321));
#2761 = VECTOR('',#2762,1.);
#2762 = DIRECTION('',(0.,1.,0.));
#2763 = B_SPLINE_SURFACE_WITH_KNOTS('',3,1,(
    (#2764,#2765)
    ,(#2766,#2767)
    ,(#2768,#2769)
    ,(#2770,#2771)
    ,(#2772,#2773
    )),.UNSPECIFIED.,.F.,.F.,.F.,(4,1,4),(2,2),(-0.176246595687,
    -8.618920217121E-02,0.),(0.,1.E-01),.UNSPECIFIED.);
#2764 = CARTESIAN_POINT('',(116.67517181275,53.,73.867952736321));
#2765 = CARTESIAN_POINT('',(116.67517181275,54.,73.867952736321));
#2766 = CARTESIAN_POINT('',(116.81862019208,53.,74.135934107318));
#2767 = CARTESIAN_POINT('',(116.81862019208,54.,74.135934107318));
#2768 = CARTESIAN_POINT('',(117.0993554824,53.,74.660386376054));
#2769 = CARTESIAN_POINT('',(117.0993554824,54.,74.660386376054));
#2770 = CARTESIAN_POINT('',(117.56885785416,53.,75.025054087304));
#2771 = CARTESIAN_POINT('',(117.56885785416,54.,75.025054087304));
#2772 = CARTESIAN_POINT('',(117.79845681283,53.,75.203386150784));
#2773 = CARTESIAN_POINT('',(117.79845681283,54.,75.203386150784));
#2774 = ADVANCED_FACE('',(#2775),#2804,.T.);
#2775 = FACE_BOUND('',#2776,.T.);
#2776 = EDGE_LOOP('',(#2777,#2787,#2788,#2798));
#2777 = ORIENTED_EDGE('',*,*,#2778,.F.);
#2778 = EDGE_CURVE('',#2738,#2779,#2781,.T.);
#2779 = VERTEX_POINT('',#2780);
#2780 = CARTESIAN_POINT('',(116.27940365496,53.,71.899350598939));
#2781 = B_SPLINE_CURVE_WITH_KNOTS('',3,(#2782,#2783,#2784,#2785,#2786),
  .UNSPECIFIED.,.F.,.F.,(4,1,4),(0.,9.674775954545E-02,0.202013481869),
  .UNSPECIFIED.);
#2782 = CARTESIAN_POINT('',(116.67517181275,53.,73.867952736321));
#2783 = CARTESIAN_POINT('',(116.55934180149,53.,73.564526465545));
#2784 = CARTESIAN_POINT('',(116.31748375755,53.,72.930959365512));
#2785 = CARTESIAN_POINT('',(116.29244889021,53.,72.252752457857));
#2786 = CARTESIAN_POINT('',(116.27940365496,53.,71.899350598939));
#2787 = ORIENTED_EDGE('',*,*,#2758,.T.);
#2788 = ORIENTED_EDGE('',*,*,#2789,.F.);
#2789 = EDGE_CURVE('',#2790,#2749,#2792,.T.);
#2790 = VERTEX_POINT('',#2791);
#2791 = CARTESIAN_POINT('',(116.27940365496,54.,71.899350598939));
#2792 = B_SPLINE_CURVE_WITH_KNOTS('',3,(#2793,#2794,#2795,#2796,#2797),
  .UNSPECIFIED.,.F.,.F.,(4,1,4),(-0.202013481869,-9.674775954545E-02,0.)
  ,.UNSPECIFIED.);
#2793 = CARTESIAN_POINT('',(116.27940365496,54.,71.899350598939));
#2794 = CARTESIAN_POINT('',(116.29244889021,54.,72.252752457857));
#2795 = CARTESIAN_POINT('',(116.31748375755,54.,72.930959365512));
#2796 = CARTESIAN_POINT('',(116.55934180149,54.,73.564526465545));
#2797 = CARTESIAN_POINT('',(116.67517181275,54.,73.867952736321));
#2798 = ORIENTED_EDGE('',*,*,#2799,.F.);
#2799 = EDGE_CURVE('',#2779,#2790,#2800,.T.);
#2800 = LINE('',#2801,#2802);
#2801 = CARTESIAN_POINT('',(116.27940365496,53.,71.899350598939));
#2802 = VECTOR('',#2803,1.);
#2803 = DIRECTION('',(0.,1.,0.));
#2804 = B_SPLINE_SURFACE_WITH_KNOTS('',3,1,(
    (#2805,#2806)
    ,(#2807,#2808)
    ,(#2809,#2810)
    ,(#2811,#2812)
    ,(#2813,#2814
    )),.UNSPECIFIED.,.F.,.F.,.F.,(4,1,4),(2,2),(-0.202013481869,
    -9.674775954545E-02,0.),(0.,1.E-01),.UNSPECIFIED.);
#2805 = CARTESIAN_POINT('',(116.27940365496,53.,71.899350598939));
#2806 = CARTESIAN_POINT('',(116.27940365496,54.,71.899350598939));
#2807 = CARTESIAN_POINT('',(116.29244889021,53.,72.252752457857));
#2808 = CARTESIAN_POINT('',(116.29244889021,54.,72.252752457857));
#2809 = CARTESIAN_POINT('',(116.31748375755,53.,72.930959365512));
#2810 = CARTESIAN_POINT('',(116.31748375755,54.,72.930959365512));
#2811 = CARTESIAN_POINT('',(116.55934180149,53.,73.564526465545));
#2812 = CARTESIAN_POINT('',(116.55934180149,54.,73.564526465545));
#2813 = CARTESIAN_POINT('',(116.67517181275,53.,73.867952736321));
#2814 = CARTESIAN_POINT('',(116.67517181275,54.,73.867952736321));
#2815 = ADVANCED_FACE('',(#2816),#2845,.T.);
#2816 = FACE_BOUND('',#2817,.T.);
#2817 = EDGE_LOOP('',(#2818,#2828,#2829,#2839));
#2818 = ORIENTED_EDGE('',*,*,#2819,.F.);
#2819 = EDGE_CURVE('',#2779,#2820,#2822,.T.);
#2820 = VERTEX_POINT('',#2821);
#2821 = CARTESIAN_POINT('',(116.64420878237,53.,69.93201565058));
#2822 = B_SPLINE_CURVE_WITH_KNOTS('',3,(#2823,#2824,#2825,#2826,#2827),
  .UNSPECIFIED.,.F.,.F.,(4,1,4),(0.,0.103821846168,0.201045688774),
  .UNSPECIFIED.);
#2823 = CARTESIAN_POINT('',(116.27940365496,53.,71.899350598939));
#2824 = CARTESIAN_POINT('',(116.29296745679,53.,71.551407438674));
#2825 = CARTESIAN_POINT('',(116.31923306448,53.,70.877633325695));
#2826 = CARTESIAN_POINT('',(116.53827979961,53.,70.240248890447));
#2827 = CARTESIAN_POINT('',(116.64420878237,53.,69.93201565058));
#2828 = ORIENTED_EDGE('',*,*,#2799,.T.);
#2829 = ORIENTED_EDGE('',*,*,#2830,.F.);
#2830 = EDGE_CURVE('',#2831,#2790,#2833,.T.);
#2831 = VERTEX_POINT('',#2832);
#2832 = CARTESIAN_POINT('',(116.64420878237,54.,69.93201565058));
#2833 = B_SPLINE_CURVE_WITH_KNOTS('',3,(#2834,#2835,#2836,#2837,#2838),
  .UNSPECIFIED.,.F.,.F.,(4,1,4),(-0.201045688774,-0.103821846168,0.),
  .UNSPECIFIED.);
#2834 = CARTESIAN_POINT('',(116.64420878237,54.,69.93201565058));
#2835 = CARTESIAN_POINT('',(116.53827979961,54.,70.240248890447));
#2836 = CARTESIAN_POINT('',(116.31923306448,54.,70.877633325695));
#2837 = CARTESIAN_POINT('',(116.29296745679,54.,71.551407438674));
#2838 = CARTESIAN_POINT('',(116.27940365496,54.,71.899350598939));
#2839 = ORIENTED_EDGE('',*,*,#2840,.F.);
#2840 = EDGE_CURVE('',#2820,#2831,#2841,.T.);
#2841 = LINE('',#2842,#2843);
#2842 = CARTESIAN_POINT('',(116.64420878237,53.,69.93201565058));
#2843 = VECTOR('',#2844,1.);
#2844 = DIRECTION('',(0.,1.,0.));
#2845 = B_SPLINE_SURFACE_WITH_KNOTS('',3,1,(
    (#2846,#2847)
    ,(#2848,#2849)
    ,(#2850,#2851)
    ,(#2852,#2853)
    ,(#2854,#2855
    )),.UNSPECIFIED.,.F.,.F.,.F.,(4,1,4),(2,2),(-0.201045688774,
    -0.103821846168,0.),(0.,1.E-01),.UNSPECIFIED.);
#2846 = CARTESIAN_POINT('',(116.64420878237,53.,69.93201565058));
#2847 = CARTESIAN_POINT('',(116.64420878237,54.,69.93201565058));
#2848 = CARTESIAN_POINT('',(116.53827979961,53.,70.240248890447));
#2849 = CARTESIAN_POINT('',(116.53827979961,54.,70.240248890447));
#2850 = CARTESIAN_POINT('',(116.31923306448,53.,70.877633325695));
#2851 = CARTESIAN_POINT('',(116.31923306448,54.,70.877633325695));
#2852 = CARTESIAN_POINT('',(116.29296745679,53.,71.551407438674));
#2853 = CARTESIAN_POINT('',(116.29296745679,54.,71.551407438674));
#2854 = CARTESIAN_POINT('',(116.27940365496,53.,71.899350598939));
#2855 = CARTESIAN_POINT('',(116.27940365496,54.,71.899350598939));
#2856 = ADVANCED_FACE('',(#2857),#2886,.T.);
#2857 = FACE_BOUND('',#2858,.T.);
#2858 = EDGE_LOOP('',(#2859,#2869,#2870,#2880));
#2859 = ORIENTED_EDGE('',*,*,#2860,.F.);
#2860 = EDGE_CURVE('',#2820,#2861,#2863,.T.);
#2861 = VERTEX_POINT('',#2862);
#2862 = CARTESIAN_POINT('',(117.73104734129,53.,68.579798693697));
#2863 = B_SPLINE_CURVE_WITH_KNOTS('',3,(#2864,#2865,#2866,#2867,#2868),
  .UNSPECIFIED.,.F.,.F.,(4,1,4),(0.,9.016191293324E-02,0.175576279986),
  .UNSPECIFIED.);
#2864 = CARTESIAN_POINT('',(116.64420878237,53.,69.93201565058));
#2865 = CARTESIAN_POINT('',(116.77682630798,53.,69.657244274838));
#2866 = CARTESIAN_POINT('',(117.03507827992,53.,69.122169824552));
#2867 = CARTESIAN_POINT('',(117.50327765858,53.,68.757300406403));
#2868 = CARTESIAN_POINT('',(117.73104734129,53.,68.579798693697));
#2869 = ORIENTED_EDGE('',*,*,#2840,.T.);
#2870 = ORIENTED_EDGE('',*,*,#2871,.F.);
#2871 = EDGE_CURVE('',#2872,#2831,#2874,.T.);
#2872 = VERTEX_POINT('',#2873);
#2873 = CARTESIAN_POINT('',(117.73104734129,54.,68.579798693697));
#2874 = B_SPLINE_CURVE_WITH_KNOTS('',3,(#2875,#2876,#2877,#2878,#2879),
  .UNSPECIFIED.,.F.,.F.,(4,1,4),(-0.175576279986,-9.016191293324E-02,0.)
  ,.UNSPECIFIED.);
#2875 = CARTESIAN_POINT('',(117.73104734129,54.,68.579798693697));
#2876 = CARTESIAN_POINT('',(117.50327765858,54.,68.757300406403));
#2877 = CARTESIAN_POINT('',(117.03507827992,54.,69.122169824552));
#2878 = CARTESIAN_POINT('',(116.77682630798,54.,69.657244274838));
#2879 = CARTESIAN_POINT('',(116.64420878237,54.,69.93201565058));
#2880 = ORIENTED_EDGE('',*,*,#2881,.F.);
#2881 = EDGE_CURVE('',#2861,#2872,#2882,.T.);
#2882 = LINE('',#2883,#2884);
#2883 = CARTESIAN_POINT('',(117.73104734129,53.,68.579798693697));
#2884 = VECTOR('',#2885,1.);
#2885 = DIRECTION('',(0.,1.,0.));
#2886 = B_SPLINE_SURFACE_WITH_KNOTS('',3,1,(
    (#2887,#2888)
    ,(#2889,#2890)
    ,(#2891,#2892)
    ,(#2893,#2894)
    ,(#2895,#2896
    )),.UNSPECIFIED.,.F.,.F.,.F.,(4,1,4),(2,2),(-0.175576279986,
    -9.016191293324E-02,0.),(0.,1.E-01),.UNSPECIFIED.);
#2887 = CARTESIAN_POINT('',(117.73104734129,53.,68.579798693697));
#2888 = CARTESIAN_POINT('',(117.73104734129,54.,68.579798693697));
#2889 = CARTESIAN_POINT('',(117.50327765858,53.,68.757300406403));
#2890 = CARTESIAN_POINT('',(117.50327765858,54.,68.757300406403));
#2891 = CARTESIAN_POINT('',(117.03507827992,53.,69.122169824552));
#2892 = CARTESIAN_POINT('',(117.03507827992,54.,69.122169824552));
#2893 = CARTESIAN_POINT('',(116.77682630798,53.,69.657244274838));
#2894 = CARTESIAN_POINT('',(116.77682630798,54.,69.657244274838));
#2895 = CARTESIAN_POINT('',(116.64420878237,53.,69.93201565058));
#2896 = CARTESIAN_POINT('',(116.64420878237,54.,69.93201565058));
#2897 = ADVANCED_FACE('',(#2898),#2927,.T.);
#2898 = FACE_BOUND('',#2899,.T.);
#2899 = EDGE_LOOP('',(#2900,#2910,#2911,#2921));
#2900 = ORIENTED_EDGE('',*,*,#2901,.F.);
#2901 = EDGE_CURVE('',#2861,#2902,#2904,.T.);
#2902 = VERTEX_POINT('',#2903);
#2903 = CARTESIAN_POINT('',(119.34846899937,53.,68.11182347774));
#2904 = B_SPLINE_CURVE_WITH_KNOTS('',3,(#2905,#2906,#2907,#2908,#2909),
  .UNSPECIFIED.,.F.,.F.,(4,1,4),(0.,8.431400013398E-02,0.170219079284),
  .UNSPECIFIED.);
#2905 = CARTESIAN_POINT('',(117.73104734129,53.,68.579798693697));
#2906 = CARTESIAN_POINT('',(117.98076615485,53.,68.442939421267));
#2907 = CARTESIAN_POINT('',(118.48491619467,53.,68.166638222092));
#2908 = CARTESIAN_POINT('',(119.05882989429,53.,68.130208564805));
#2909 = CARTESIAN_POINT('',(119.34846899937,53.,68.11182347774));
#2910 = ORIENTED_EDGE('',*,*,#2881,.T.);
#2911 = ORIENTED_EDGE('',*,*,#2912,.F.);
#2912 = EDGE_CURVE('',#2913,#2872,#2915,.T.);
#2913 = VERTEX_POINT('',#2914);
#2914 = CARTESIAN_POINT('',(119.34846899937,54.,68.11182347774));
#2915 = B_SPLINE_CURVE_WITH_KNOTS('',3,(#2916,#2917,#2918,#2919,#2920),
  .UNSPECIFIED.,.F.,.F.,(4,1,4),(-0.170219079284,-8.431400013398E-02,0.)
  ,.UNSPECIFIED.);
#2916 = CARTESIAN_POINT('',(119.34846899937,54.,68.11182347774));
#2917 = CARTESIAN_POINT('',(119.05882989429,54.,68.130208564805));
#2918 = CARTESIAN_POINT('',(118.48491619467,54.,68.166638222092));
#2919 = CARTESIAN_POINT('',(117.98076615485,54.,68.442939421267));
#2920 = CARTESIAN_POINT('',(117.73104734129,54.,68.579798693697));
#2921 = ORIENTED_EDGE('',*,*,#2922,.F.);
#2922 = EDGE_CURVE('',#2902,#2913,#2923,.T.);
#2923 = LINE('',#2924,#2925);
#2924 = CARTESIAN_POINT('',(119.34846899937,53.,68.11182347774));
#2925 = VECTOR('',#2926,1.);
#2926 = DIRECTION('',(0.,1.,0.));
#2927 = B_SPLINE_SURFACE_WITH_KNOTS('',3,1,(
    (#2928,#2929)
    ,(#2930,#2931)
    ,(#2932,#2933)
    ,(#2934,#2935)
    ,(#2936,#2937
    )),.UNSPECIFIED.,.F.,.F.,.F.,(4,1,4),(2,2),(-0.170219079284,
    -8.431400013398E-02,0.),(0.,1.E-01),.UNSPECIFIED.);
#2928 = CARTESIAN_POINT('',(119.34846899937,53.,68.11182347774));
#2929 = CARTESIAN_POINT('',(119.34846899937,54.,68.11182347774));
#2930 = CARTESIAN_POINT('',(119.05882989429,53.,68.130208564805));
#2931 = CARTESIAN_POINT('',(119.05882989429,54.,68.130208564805));
#2932 = CARTESIAN_POINT('',(118.48491619467,53.,68.166638222092));
#2933 = CARTESIAN_POINT('',(118.48491619467,54.,68.166638222092));
#2934 = CARTESIAN_POINT('',(117.98076615485,53.,68.442939421267));
#2935 = CARTESIAN_POINT('',(117.98076615485,54.,68.442939421267));
#2936 = CARTESIAN_POINT('',(117.73104734129,53.,68.579798693697));
#2937 = CARTESIAN_POINT('',(117.73104734129,54.,68.579798693697));
#2938 = ADVANCED_FACE('',(#2939),#2968,.T.);
#2939 = FACE_BOUND('',#2940,.T.);
#2940 = EDGE_LOOP('',(#2941,#2951,#2952,#2962));
#2941 = ORIENTED_EDGE('',*,*,#2942,.F.);
#2942 = EDGE_CURVE('',#2902,#2943,#2945,.T.);
#2943 = VERTEX_POINT('',#2944);
#2944 = CARTESIAN_POINT('',(120.51444637686,53.,68.390027146775));
#2945 = B_SPLINE_CURVE_WITH_KNOTS('',3,(#2946,#2947,#2948,#2949,#2950),
  .UNSPECIFIED.,.F.,.F.,(4,1,4),(0.,6.228708747382E-02,0.120818024185),
  .UNSPECIFIED.);
#2946 = CARTESIAN_POINT('',(119.34846899937,53.,68.11182347774));
#2947 = CARTESIAN_POINT('',(119.55793088306,53.,68.1221826967));
#2948 = CARTESIAN_POINT('',(119.96422329382,53.,68.142276433902));
#2949 = CARTESIAN_POINT('',(120.33487983636,53.,68.309173144483));
#2950 = CARTESIAN_POINT('',(120.51444637686,53.,68.390027146775));
#2951 = ORIENTED_EDGE('',*,*,#2922,.T.);
#2952 = ORIENTED_EDGE('',*,*,#2953,.F.);
#2953 = EDGE_CURVE('',#2954,#2913,#2956,.T.);
#2954 = VERTEX_POINT('',#2955);
#2955 = CARTESIAN_POINT('',(120.51444637686,54.,68.390027146775));
#2956 = B_SPLINE_CURVE_WITH_KNOTS('',3,(#2957,#2958,#2959,#2960,#2961),
  .UNSPECIFIED.,.F.,.F.,(4,1,4),(-0.120818024185,-6.228708747382E-02,0.)
  ,.UNSPECIFIED.);
#2957 = CARTESIAN_POINT('',(120.51444637686,54.,68.390027146775));
#2958 = CARTESIAN_POINT('',(120.33487983636,54.,68.309173144483));
#2959 = CARTESIAN_POINT('',(119.96422329382,54.,68.142276433902));
#2960 = CARTESIAN_POINT('',(119.55793088306,54.,68.1221826967));
#2961 = CARTESIAN_POINT('',(119.34846899937,54.,68.11182347774));
#2962 = ORIENTED_EDGE('',*,*,#2963,.F.);
#2963 = EDGE_CURVE('',#2943,#2954,#2964,.T.);
#2964 = LINE('',#2965,#2966);
#2965 = CARTESIAN_POINT('',(120.51444637686,53.,68.390027146775));
#2966 = VECTOR('',#2967,1.);
#2967 = DIRECTION('',(0.,1.,0.));
#2968 = B_SPLINE_SURFACE_WITH_KNOTS('',3,1,(
    (#2969,#2970)
    ,(#2971,#2972)
    ,(#2973,#2974)
    ,(#2975,#2976)
    ,(#2977,#2978
    )),.UNSPECIFIED.,.F.,.F.,.F.,(4,1,4),(2,2),(-0.120818024185,
    -6.228708747382E-02,0.),(0.,1.E-01),.UNSPECIFIED.);
#2969 = CARTESIAN_POINT('',(120.51444637686,53.,68.390027146775));
#2970 = CARTESIAN_POINT('',(120.51444637686,54.,68.390027146775));
#2971 = CARTESIAN_POINT('',(120.33487983636,53.,68.309173144483));
#2972 = CARTESIAN_POINT('',(120.33487983636,54.,68.309173144483));
#2973 = CARTESIAN_POINT('',(119.96422329382,53.,68.142276433902));
#2974 = CARTESIAN_POINT('',(119.96422329382,54.,68.142276433902));
#2975 = CARTESIAN_POINT('',(119.55793088306,53.,68.1221826967));
#2976 = CARTESIAN_POINT('',(119.55793088306,54.,68.1221826967));
#2977 = CARTESIAN_POINT('',(119.34846899937,53.,68.11182347774));
#2978 = CARTESIAN_POINT('',(119.34846899937,54.,68.11182347774));
#2979 = ADVANCED_FACE('',(#2980),#3009,.T.);
#2980 = FACE_BOUND('',#2981,.T.);
#2981 = EDGE_LOOP('',(#2982,#2992,#2993,#3003));
#2982 = ORIENTED_EDGE('',*,*,#2983,.F.);
#2983 = EDGE_CURVE('',#2943,#2984,#2986,.T.);
#2984 = VERTEX_POINT('',#2985);
#2985 = CARTESIAN_POINT('',(121.34544207098,53.,69.111057632418));
#2986 = B_SPLINE_CURVE_WITH_KNOTS('',3,(#2987,#2988,#2989,#2990,#2991),
  .UNSPECIFIED.,.F.,.F.,(4,1,4),(0.,5.624110517544E-02,0.11073556292),
  .UNSPECIFIED.);
#2987 = CARTESIAN_POINT('',(120.51444637686,53.,68.390027146775));
#2988 = CARTESIAN_POINT('',(120.67598381023,53.,68.488147712971));
#2989 = CARTESIAN_POINT('',(120.99404190245,53.,68.681341571766));
#2990 = CARTESIAN_POINT('',(121.22954689916,53.,68.969333122458));
#2991 = CARTESIAN_POINT('',(121.34544207098,53.,69.111057632418));
#2992 = ORIENTED_EDGE('',*,*,#2963,.T.);
#2993 = ORIENTED_EDGE('',*,*,#2994,.F.);
#2994 = EDGE_CURVE('',#2995,#2954,#2997,.T.);
#2995 = VERTEX_POINT('',#2996);
#2996 = CARTESIAN_POINT('',(121.34544207098,54.,69.111057632418));
#2997 = B_SPLINE_CURVE_WITH_KNOTS('',3,(#2998,#2999,#3000,#3001,#3002),
  .UNSPECIFIED.,.F.,.F.,(4,1,4),(-0.11073556292,-5.624110517544E-02,0.),
  .UNSPECIFIED.);
#2998 = CARTESIAN_POINT('',(121.34544207098,54.,69.111057632418));
#2999 = CARTESIAN_POINT('',(121.22954689916,54.,68.969333122458));
#3000 = CARTESIAN_POINT('',(120.99404190245,54.,68.681341571766));
#3001 = CARTESIAN_POINT('',(120.67598381023,54.,68.488147712971));
#3002 = CARTESIAN_POINT('',(120.51444637686,54.,68.390027146775));
#3003 = ORIENTED_EDGE('',*,*,#3004,.F.);
#3004 = EDGE_CURVE('',#2984,#2995,#3005,.T.);
#3005 = LINE('',#3006,#3007);
#3006 = CARTESIAN_POINT('',(121.34544207098,53.,69.111057632418));
#3007 = VECTOR('',#3008,1.);
#3008 = DIRECTION('',(0.,1.,0.));
#3009 = B_SPLINE_SURFACE_WITH_KNOTS('',3,1,(
    (#3010,#3011)
    ,(#3012,#3013)
    ,(#3014,#3015)
    ,(#3016,#3017)
    ,(#3018,#3019
    )),.UNSPECIFIED.,.F.,.F.,.F.,(4,1,4),(2,2),(-0.11073556292,
    -5.624110517544E-02,0.),(0.,1.E-01),.UNSPECIFIED.);
#3010 = CARTESIAN_POINT('',(121.34544207098,53.,69.111057632418));
#3011 = CARTESIAN_POINT('',(121.34544207098,54.,69.111057632418));
#3012 = CARTESIAN_POINT('',(121.22954689916,53.,68.969333122458));
#3013 = CARTESIAN_POINT('',(121.22954689916,54.,68.969333122458));
#3014 = CARTESIAN_POINT('',(120.99404190245,53.,68.681341571766));
#3015 = CARTESIAN_POINT('',(120.99404190245,54.,68.681341571766));
#3016 = CARTESIAN_POINT('',(120.67598381023,53.,68.488147712971));
#3017 = CARTESIAN_POINT('',(120.67598381023,54.,68.488147712971));
#3018 = CARTESIAN_POINT('',(120.51444637686,53.,68.390027146775));
#3019 = CARTESIAN_POINT('',(120.51444637686,54.,68.390027146775));
#3020 = ADVANCED_FACE('',(#3021),#3046,.T.);
#3021 = FACE_BOUND('',#3022,.T.);
#3022 = EDGE_LOOP('',(#3023,#3031,#3032,#3040));
#3023 = ORIENTED_EDGE('',*,*,#3024,.F.);
#3024 = EDGE_CURVE('',#2984,#3025,#3027,.T.);
#3025 = VERTEX_POINT('',#3026);
#3026 = CARTESIAN_POINT('',(121.35141719758,53.,65.52306862819));
#3027 = LINE('',#3028,#3029);
#3028 = CARTESIAN_POINT('',(121.34520981657,53.,69.250523507203));
#3029 = VECTOR('',#3030,1.);
#3030 = DIRECTION('',(1.665311211988E-03,0.,-0.999998613368));
#3031 = ORIENTED_EDGE('',*,*,#3004,.T.);
#3032 = ORIENTED_EDGE('',*,*,#3033,.F.);
#3033 = EDGE_CURVE('',#3034,#2995,#3036,.T.);
#3034 = VERTEX_POINT('',#3035);
#3035 = CARTESIAN_POINT('',(121.35141719758,54.,65.52306862819));
#3036 = LINE('',#3037,#3038);
#3037 = CARTESIAN_POINT('',(121.34544207098,54.,69.111057632418));
#3038 = VECTOR('',#3039,1.);
#3039 = DIRECTION('',(-1.665311211988E-03,0.,0.999998613368));
#3040 = ORIENTED_EDGE('',*,*,#3041,.F.);
#3041 = EDGE_CURVE('',#3025,#3034,#3042,.T.);
#3042 = LINE('',#3043,#3044);
#3043 = CARTESIAN_POINT('',(121.35141719758,53.,65.52306862819));
#3044 = VECTOR('',#3045,1.);
#3045 = DIRECTION('',(0.,1.,0.));
#3046 = PLANE('',#3047);
#3047 = AXIS2_PLACEMENT_3D('',#3048,#3049,#3050);
#3048 = CARTESIAN_POINT('',(121.35141719758,53.,65.52306862819));
#3049 = DIRECTION('',(-0.999998613368,0.,-1.665311211988E-03));
#3050 = DIRECTION('',(-1.665311211988E-03,0.,0.999998613368));
#3051 = ADVANCED_FACE('',(#3052),#3077,.T.);
#3052 = FACE_BOUND('',#3053,.T.);
#3053 = EDGE_LOOP('',(#3054,#3062,#3063,#3071));
#3054 = ORIENTED_EDGE('',*,*,#3055,.F.);
#3055 = EDGE_CURVE('',#3025,#3056,#3058,.T.);
#3056 = VERTEX_POINT('',#3057);
#3057 = CARTESIAN_POINT('',(122.572433342,53.,65.525102002885));
#3058 = LINE('',#3059,#3060);
#3059 = CARTESIAN_POINT('',(95.297952414458,53.,65.479681441014));
#3060 = VECTOR('',#3061,1.);
#3061 = DIRECTION('',(0.999998613368,0.,1.665311211983E-03));
#3062 = ORIENTED_EDGE('',*,*,#3041,.T.);
#3063 = ORIENTED_EDGE('',*,*,#3064,.F.);
#3064 = EDGE_CURVE('',#3065,#3034,#3067,.T.);
#3065 = VERTEX_POINT('',#3066);
#3066 = CARTESIAN_POINT('',(122.572433342,54.,65.525102002885));
#3067 = LINE('',#3068,#3069);
#3068 = CARTESIAN_POINT('',(121.35141719758,54.,65.52306862819));
#3069 = VECTOR('',#3070,1.);
#3070 = DIRECTION('',(-0.999998613368,0.,-1.665311211983E-03));
#3071 = ORIENTED_EDGE('',*,*,#3072,.F.);
#3072 = EDGE_CURVE('',#3056,#3065,#3073,.T.);
#3073 = LINE('',#3074,#3075);
#3074 = CARTESIAN_POINT('',(122.572433342,53.,65.525102002885));
#3075 = VECTOR('',#3076,1.);
#3076 = DIRECTION('',(0.,1.,0.));
#3077 = PLANE('',#3078);
#3078 = AXIS2_PLACEMENT_3D('',#3079,#3080,#3081);
#3079 = CARTESIAN_POINT('',(122.572433342,53.,65.525102002885));
#3080 = DIRECTION('',(1.665311211983E-03,0.,-0.999998613368));
#3081 = DIRECTION('',(-0.999998613368,0.,-1.665311211983E-03));
#3082 = ADVANCED_FACE('',(#3083),#3108,.T.);
#3083 = FACE_BOUND('',#3084,.T.);
#3084 = EDGE_LOOP('',(#3085,#3093,#3094,#3102));
#3085 = ORIENTED_EDGE('',*,*,#3086,.F.);
#3086 = EDGE_CURVE('',#3056,#3087,#3089,.T.);
#3087 = VERTEX_POINT('',#3088);
#3088 = CARTESIAN_POINT('',(122.55578022988,53.,75.525088136568));
#3089 = LINE('',#3090,#3091);
#3090 = CARTESIAN_POINT('',(122.55789940493,53.,74.252549948739));
#3091 = VECTOR('',#3092,1.);
#3092 = DIRECTION('',(-1.665311211989E-03,0.,0.999998613368));
#3093 = ORIENTED_EDGE('',*,*,#3072,.T.);
#3094 = ORIENTED_EDGE('',*,*,#3095,.F.);
#3095 = EDGE_CURVE('',#3096,#3065,#3098,.T.);
#3096 = VERTEX_POINT('',#3097);
#3097 = CARTESIAN_POINT('',(122.55578022988,54.,75.525088136568));
#3098 = LINE('',#3099,#3100);
#3099 = CARTESIAN_POINT('',(122.572433342,54.,65.525102002885));
#3100 = VECTOR('',#3101,1.);
#3101 = DIRECTION('',(1.665311211989E-03,0.,-0.999998613368));
#3102 = ORIENTED_EDGE('',*,*,#3103,.F.);
#3103 = EDGE_CURVE('',#3087,#3096,#3104,.T.);
#3104 = LINE('',#3105,#3106);
#3105 = CARTESIAN_POINT('',(122.55578022988,53.,75.525088136568));
#3106 = VECTOR('',#3107,1.);
#3107 = DIRECTION('',(0.,1.,0.));
#3108 = PLANE('',#3109);
#3109 = AXIS2_PLACEMENT_3D('',#3110,#3111,#3112);
#3110 = CARTESIAN_POINT('',(122.55578022988,53.,75.525088136568));
#3111 = DIRECTION('',(0.999998613368,0.,1.665311211989E-03));
#3112 = DIRECTION('',(1.665311211989E-03,0.,-0.999998613368));
#3113 = ADVANCED_FACE('',(#3114),#3130,.T.);
#3114 = FACE_BOUND('',#3115,.T.);
#3115 = EDGE_LOOP('',(#3116,#3122,#3123,#3129));
#3116 = ORIENTED_EDGE('',*,*,#3117,.F.);
#3117 = EDGE_CURVE('',#3087,#2616,#3118,.T.);
#3118 = LINE('',#3119,#3120);
#3119 = CARTESIAN_POINT('',(94.71172287503,53.,75.478719051371));
#3120 = VECTOR('',#3121,1.);
#3121 = DIRECTION('',(-0.999998613368,0.,-1.665311211987E-03));
#3122 = ORIENTED_EDGE('',*,*,#3103,.T.);
#3123 = ORIENTED_EDGE('',*,*,#3124,.F.);
#3124 = EDGE_CURVE('',#2626,#3096,#3125,.T.);
#3125 = LINE('',#3126,#3127);
#3126 = CARTESIAN_POINT('',(122.55578022988,54.,75.525088136568));
#3127 = VECTOR('',#3128,1.);
#3128 = DIRECTION('',(0.999998613368,0.,1.665311211987E-03));
#3129 = ORIENTED_EDGE('',*,*,#2625,.F.);
#3130 = PLANE('',#3131);
#3131 = AXIS2_PLACEMENT_3D('',#3132,#3133,#3134);
#3132 = CARTESIAN_POINT('',(121.41662737527,53.,75.523191089917));
#3133 = DIRECTION('',(-1.665311211987E-03,0.,0.999998613368));
#3134 = DIRECTION('',(0.999998613368,0.,1.665311211987E-03));
#3135 = ADVANCED_FACE('',(#3136,#3152),#3162,.T.);
#3136 = FACE_BOUND('',#3137,.T.);
#3137 = EDGE_LOOP('',(#3138,#3139,#3140,#3141,#3142,#3143,#3144,#3145,
    #3146,#3147,#3148,#3149,#3150,#3151));
#3138 = ORIENTED_EDGE('',*,*,#3124,.T.);
#3139 = ORIENTED_EDGE('',*,*,#3095,.T.);
#3140 = ORIENTED_EDGE('',*,*,#3064,.T.);
#3141 = ORIENTED_EDGE('',*,*,#3033,.T.);
#3142 = ORIENTED_EDGE('',*,*,#2994,.T.);
#3143 = ORIENTED_EDGE('',*,*,#2953,.T.);
#3144 = ORIENTED_EDGE('',*,*,#2912,.T.);
#3145 = ORIENTED_EDGE('',*,*,#2871,.T.);
#3146 = ORIENTED_EDGE('',*,*,#2830,.T.);
#3147 = ORIENTED_EDGE('',*,*,#2789,.T.);
#3148 = ORIENTED_EDGE('',*,*,#2748,.T.);
#3149 = ORIENTED_EDGE('',*,*,#2707,.T.);
#3150 = ORIENTED_EDGE('',*,*,#2666,.T.);
#3151 = ORIENTED_EDGE('',*,*,#2633,.T.);
#3152 = FACE_BOUND('',#3153,.T.);
#3153 = EDGE_LOOP('',(#3154,#3155,#3156,#3157,#3158,#3159,#3160,#3161));
#3154 = ORIENTED_EDGE('',*,*,#2592,.T.);
#3155 = ORIENTED_EDGE('',*,*,#2553,.T.);
#3156 = ORIENTED_EDGE('',*,*,#2512,.T.);
#3157 = ORIENTED_EDGE('',*,*,#2471,.T.);
#3158 = ORIENTED_EDGE('',*,*,#2430,.T.);
#3159 = ORIENTED_EDGE('',*,*,#2389,.T.);
#3160 = ORIENTED_EDGE('',*,*,#2348,.T.);
#3161 = ORIENTED_EDGE('',*,*,#2307,.T.);
#3162 = PLANE('',#3163);
#3163 = AXIS2_PLACEMENT_3D('',#3164,#3165,#3166);
#3164 = CARTESIAN_POINT('',(70.398423006811,54.,71.860650462761));
#3165 = DIRECTION('',(0.,1.,0.));
#3166 = DIRECTION('',(-1.,0.,0.));
#3167 = ADVANCED_FACE('',(#3168),#3178,.T.);
#3168 = FACE_BOUND('',#3169,.T.);
#3169 = EDGE_LOOP('',(#3170,#3171,#3172,#3173,#3174,#3175,#3176,#3177));
#3170 = ORIENTED_EDGE('',*,*,#2287,.T.);
#3171 = ORIENTED_EDGE('',*,*,#2337,.T.);
#3172 = ORIENTED_EDGE('',*,*,#2378,.T.);
#3173 = ORIENTED_EDGE('',*,*,#2419,.T.);
#3174 = ORIENTED_EDGE('',*,*,#2460,.T.);
#3175 = ORIENTED_EDGE('',*,*,#2501,.T.);
#3176 = ORIENTED_EDGE('',*,*,#2542,.T.);
#3177 = ORIENTED_EDGE('',*,*,#2583,.T.);
#3178 = PLANE('',#3179);
#3179 = AXIS2_PLACEMENT_3D('',#3180,#3181,#3182);
#3180 = CARTESIAN_POINT('',(68.011056724889,53.,72.889170637168));
#3181 = DIRECTION('',(0.,1.,0.));
#3182 = DIRECTION('',(-1.,0.,0.));
#3183 = ADVANCED_FACE('',(#3184),#3218,.T.);
#3184 = FACE_BOUND('',#3185,.T.);
#3185 = EDGE_LOOP('',(#3186,#3196,#3204,#3212));
#3186 = ORIENTED_EDGE('',*,*,#3187,.F.);
#3187 = EDGE_CURVE('',#3188,#3190,#3192,.T.);
#3188 = VERTEX_POINT('',#3189);
#3189 = CARTESIAN_POINT('',(86.594397544338,53.,71.147323244221));
#3190 = VERTEX_POINT('',#3191);
#3191 = CARTESIAN_POINT('',(90.639415853532,53.,71.154059467905));
#3192 = LINE('',#3193,#3194);
#3193 = CARTESIAN_POINT('',(79.326712414427,53.,71.135220269907));
#3194 = VECTOR('',#3195,1.);
#3195 = DIRECTION('',(0.999998613368,0.,1.665311211985E-03));
#3196 = ORIENTED_EDGE('',*,*,#3197,.T.);
#3197 = EDGE_CURVE('',#3188,#3198,#3200,.T.);
#3198 = VERTEX_POINT('',#3199);
#3199 = CARTESIAN_POINT('',(86.594397544338,54.,71.147323244221));
#3200 = LINE('',#3201,#3202);
#3201 = CARTESIAN_POINT('',(86.594397544338,53.,71.147323244221));
#3202 = VECTOR('',#3203,1.);
#3203 = DIRECTION('',(0.,1.,0.));
#3204 = ORIENTED_EDGE('',*,*,#3205,.F.);
#3205 = EDGE_CURVE('',#3206,#3198,#3208,.T.);
#3206 = VERTEX_POINT('',#3207);
#3207 = CARTESIAN_POINT('',(90.639415853532,54.,71.154059467905));
#3208 = LINE('',#3209,#3210);
#3209 = CARTESIAN_POINT('',(86.594397544338,54.,71.147323244221));
#3210 = VECTOR('',#3211,1.);
#3211 = DIRECTION('',(-0.999998613368,0.,-1.665311211985E-03));
#3212 = ORIENTED_EDGE('',*,*,#3213,.F.);
#3213 = EDGE_CURVE('',#3190,#3206,#3214,.T.);
#3214 = LINE('',#3215,#3216);
#3215 = CARTESIAN_POINT('',(90.639415853532,53.,71.154059467905));
#3216 = VECTOR('',#3217,1.);
#3217 = DIRECTION('',(0.,1.,0.));
#3218 = PLANE('',#3219);
#3219 = AXIS2_PLACEMENT_3D('',#3220,#3221,#3222);
#3220 = CARTESIAN_POINT('',(90.639415853532,53.,71.154059467905));
#3221 = DIRECTION('',(1.665311211985E-03,0.,-0.999998613368));
#3222 = DIRECTION('',(-0.999998613368,0.,-1.665311211985E-03));
#3223 = ADVANCED_FACE('',(#3224),#3253,.T.);
#3224 = FACE_BOUND('',#3225,.T.);
#3225 = EDGE_LOOP('',(#3226,#3236,#3237,#3247));
#3226 = ORIENTED_EDGE('',*,*,#3227,.F.);
#3227 = EDGE_CURVE('',#3190,#3228,#3230,.T.);
#3228 = VERTEX_POINT('',#3229);
#3229 = CARTESIAN_POINT('',(90.177851654096,53.,69.782211022455));
#3230 = B_SPLINE_CURVE_WITH_KNOTS('',3,(#3231,#3232,#3233,#3234,#3235),
  .UNSPECIFIED.,.F.,.F.,(4,1,4),(0.,8.15038837793E-02,0.146356385305),
  .UNSPECIFIED.);
#3231 = CARTESIAN_POINT('',(90.639415853532,53.,71.154059467905));
#3232 = CARTESIAN_POINT('',(90.608817368179,53.,70.879814510599));
#3233 = CARTESIAN_POINT('',(90.55387172014,53.,70.387353307792));
#3234 = CARTESIAN_POINT('',(90.293310062465,53.,69.968022290021));
#3235 = CARTESIAN_POINT('',(90.177851654096,53.,69.782211022455));
#3236 = ORIENTED_EDGE('',*,*,#3213,.T.);
#3237 = ORIENTED_EDGE('',*,*,#3238,.F.);
#3238 = EDGE_CURVE('',#3239,#3206,#3241,.T.);
#3239 = VERTEX_POINT('',#3240);
#3240 = CARTESIAN_POINT('',(90.177851654096,54.,69.782211022455));
#3241 = B_SPLINE_CURVE_WITH_KNOTS('',3,(#3242,#3243,#3244,#3245,#3246),
  .UNSPECIFIED.,.F.,.F.,(4,1,4),(-0.146356385305,-8.15038837793E-02,0.),
  .UNSPECIFIED.);
#3242 = CARTESIAN_POINT('',(90.177851654096,54.,69.782211022455));
#3243 = CARTESIAN_POINT('',(90.293310062465,54.,69.968022290021));
#3244 = CARTESIAN_POINT('',(90.55387172014,54.,70.387353307792));
#3245 = CARTESIAN_POINT('',(90.608817368179,54.,70.879814510599));
#3246 = CARTESIAN_POINT('',(90.639415853532,54.,71.154059467905));
#3247 = ORIENTED_EDGE('',*,*,#3248,.F.);
#3248 = EDGE_CURVE('',#3228,#3239,#3249,.T.);
#3249 = LINE('',#3250,#3251);
#3250 = CARTESIAN_POINT('',(90.177851654096,53.,69.782211022455));
#3251 = VECTOR('',#3252,1.);
#3252 = DIRECTION('',(0.,1.,0.));
#3253 = B_SPLINE_SURFACE_WITH_KNOTS('',3,1,(
    (#3254,#3255)
    ,(#3256,#3257)
    ,(#3258,#3259)
    ,(#3260,#3261)
    ,(#3262,#3263
    )),.UNSPECIFIED.,.F.,.F.,.F.,(4,1,4),(2,2),(-0.146356385305,
    -8.15038837793E-02,0.),(0.,1.E-01),.UNSPECIFIED.);
#3254 = CARTESIAN_POINT('',(90.177851654096,53.,69.782211022455));
#3255 = CARTESIAN_POINT('',(90.177851654096,54.,69.782211022455));
#3256 = CARTESIAN_POINT('',(90.293310062465,53.,69.968022290021));
#3257 = CARTESIAN_POINT('',(90.293310062465,54.,69.968022290021));
#3258 = CARTESIAN_POINT('',(90.55387172014,53.,70.387353307792));
#3259 = CARTESIAN_POINT('',(90.55387172014,54.,70.387353307792));
#3260 = CARTESIAN_POINT('',(90.608817368179,53.,70.879814510599));
#3261 = CARTESIAN_POINT('',(90.608817368179,54.,70.879814510599));
#3262 = CARTESIAN_POINT('',(90.639415853532,53.,71.154059467905));
#3263 = CARTESIAN_POINT('',(90.639415853532,54.,71.154059467905));
#3264 = ADVANCED_FACE('',(#3265),#3294,.T.);
#3265 = FACE_BOUND('',#3266,.T.);
#3266 = EDGE_LOOP('',(#3267,#3277,#3278,#3288));
#3267 = ORIENTED_EDGE('',*,*,#3268,.F.);
#3268 = EDGE_CURVE('',#3228,#3269,#3271,.T.);
#3269 = VERTEX_POINT('',#3270);
#3270 = CARTESIAN_POINT('',(88.657886475634,53.,69.070265530172));
#3271 = B_SPLINE_CURVE_WITH_KNOTS('',3,(#3272,#3273,#3274,#3275,#3276),
  .UNSPECIFIED.,.F.,.F.,(4,1,4),(0.,8.583879404207E-02,0.172428994096),
  .UNSPECIFIED.);
#3272 = CARTESIAN_POINT('',(90.177851654096,53.,69.782211022455));
#3273 = CARTESIAN_POINT('',(89.967483509812,53.,69.574949463406));
#3274 = CARTESIAN_POINT('',(89.544905724166,53.,69.158612042308));
#3275 = CARTESIAN_POINT('',(88.954417296194,53.,69.099799797642));
#3276 = CARTESIAN_POINT('',(88.657886475634,53.,69.070265530172));
#3277 = ORIENTED_EDGE('',*,*,#3248,.T.);
#3278 = ORIENTED_EDGE('',*,*,#3279,.F.);
#3279 = EDGE_CURVE('',#3280,#3239,#3282,.T.);
#3280 = VERTEX_POINT('',#3281);
#3281 = CARTESIAN_POINT('',(88.657886475634,54.,69.070265530172));
#3282 = B_SPLINE_CURVE_WITH_KNOTS('',3,(#3283,#3284,#3285,#3286,#3287),
  .UNSPECIFIED.,.F.,.F.,(4,1,4),(-0.172428994096,-8.583879404207E-02,0.)
  ,.UNSPECIFIED.);
#3283 = CARTESIAN_POINT('',(88.657886475634,54.,69.070265530172));
#3284 = CARTESIAN_POINT('',(88.954417296194,54.,69.099799797642));
#3285 = CARTESIAN_POINT('',(89.544905724166,54.,69.158612042308));
#3286 = CARTESIAN_POINT('',(89.967483509812,54.,69.574949463406));
#3287 = CARTESIAN_POINT('',(90.177851654096,54.,69.782211022455));
#3288 = ORIENTED_EDGE('',*,*,#3289,.F.);
#3289 = EDGE_CURVE('',#3269,#3280,#3290,.T.);
#3290 = LINE('',#3291,#3292);
#3291 = CARTESIAN_POINT('',(88.657886475634,53.,69.070265530172));
#3292 = VECTOR('',#3293,1.);
#3293 = DIRECTION('',(0.,1.,0.));
#3294 = B_SPLINE_SURFACE_WITH_KNOTS('',3,1,(
    (#3295,#3296)
    ,(#3297,#3298)
    ,(#3299,#3300)
    ,(#3301,#3302)
    ,(#3303,#3304
    )),.UNSPECIFIED.,.F.,.F.,.F.,(4,1,4),(2,2),(-0.172428994096,
    -8.583879404207E-02,0.),(0.,1.E-01),.UNSPECIFIED.);
#3295 = CARTESIAN_POINT('',(88.657886475634,53.,69.070265530172));
#3296 = CARTESIAN_POINT('',(88.657886475634,54.,69.070265530172));
#3297 = CARTESIAN_POINT('',(88.954417296194,53.,69.099799797642));
#3298 = CARTESIAN_POINT('',(88.954417296194,54.,69.099799797642));
#3299 = CARTESIAN_POINT('',(89.544905724166,53.,69.158612042308));
#3300 = CARTESIAN_POINT('',(89.544905724166,54.,69.158612042308));
#3301 = CARTESIAN_POINT('',(89.967483509812,53.,69.574949463406));
#3302 = CARTESIAN_POINT('',(89.967483509812,54.,69.574949463406));
#3303 = CARTESIAN_POINT('',(90.177851654096,53.,69.782211022455));
#3304 = CARTESIAN_POINT('',(90.177851654096,54.,69.782211022455));
#3305 = ADVANCED_FACE('',(#3306),#3335,.T.);
#3306 = FACE_BOUND('',#3307,.T.);
#3307 = EDGE_LOOP('',(#3308,#3318,#3319,#3329));
#3308 = ORIENTED_EDGE('',*,*,#3309,.F.);
#3309 = EDGE_CURVE('',#3269,#3310,#3312,.T.);
#3310 = VERTEX_POINT('',#3311);
#3311 = CARTESIAN_POINT('',(87.234707254188,53.,69.634062914965));
#3312 = B_SPLINE_CURVE_WITH_KNOTS('',3,(#3313,#3314,#3315,#3316,#3317),
  .UNSPECIFIED.,.F.,.F.,(4,1,4),(0.,7.912424257174E-02,0.156243078077),
  .UNSPECIFIED.);
#3313 = CARTESIAN_POINT('',(88.657886475634,53.,69.070265530172));
#3314 = CARTESIAN_POINT('',(88.388398534388,53.,69.092172444004));
#3315 = CARTESIAN_POINT('',(87.856252834458,53.,69.135431040068));
#3316 = CARTESIAN_POINT('',(87.440108686787,53.,69.469280629169));
#3317 = CARTESIAN_POINT('',(87.234707254188,53.,69.634062914965));
#3318 = ORIENTED_EDGE('',*,*,#3289,.T.);
#3319 = ORIENTED_EDGE('',*,*,#3320,.F.);
#3320 = EDGE_CURVE('',#3321,#3280,#3323,.T.);
#3321 = VERTEX_POINT('',#3322);
#3322 = CARTESIAN_POINT('',(87.234707254188,54.,69.634062914965));
#3323 = B_SPLINE_CURVE_WITH_KNOTS('',3,(#3324,#3325,#3326,#3327,#3328),
  .UNSPECIFIED.,.F.,.F.,(4,1,4),(-0.156243078077,-7.912424257174E-02,0.)
  ,.UNSPECIFIED.);
#3324 = CARTESIAN_POINT('',(87.234707254188,54.,69.634062914965));
#3325 = CARTESIAN_POINT('',(87.440108686787,54.,69.469280629169));
#3326 = CARTESIAN_POINT('',(87.856252834458,54.,69.135431040068));
#3327 = CARTESIAN_POINT('',(88.388398534388,54.,69.092172444004));
#3328 = CARTESIAN_POINT('',(88.657886475634,54.,69.070265530172));
#3329 = ORIENTED_EDGE('',*,*,#3330,.F.);
#3330 = EDGE_CURVE('',#3310,#3321,#3331,.T.);
#3331 = LINE('',#3332,#3333);
#3332 = CARTESIAN_POINT('',(87.234707254188,53.,69.634062914965));
#3333 = VECTOR('',#3334,1.);
#3334 = DIRECTION('',(0.,1.,0.));
#3335 = B_SPLINE_SURFACE_WITH_KNOTS('',3,1,(
    (#3336,#3337)
    ,(#3338,#3339)
    ,(#3340,#3341)
    ,(#3342,#3343)
    ,(#3344,#3345
    )),.UNSPECIFIED.,.F.,.F.,.F.,(4,1,4),(2,2),(-0.156243078077,
    -7.912424257174E-02,0.),(0.,1.E-01),.UNSPECIFIED.);
#3336 = CARTESIAN_POINT('',(87.234707254188,53.,69.634062914965));
#3337 = CARTESIAN_POINT('',(87.234707254188,54.,69.634062914965));
#3338 = CARTESIAN_POINT('',(87.440108686787,53.,69.469280629169));
#3339 = CARTESIAN_POINT('',(87.440108686787,54.,69.469280629169));
#3340 = CARTESIAN_POINT('',(87.856252834458,53.,69.135431040068));
#3341 = CARTESIAN_POINT('',(87.856252834458,54.,69.135431040068));
#3342 = CARTESIAN_POINT('',(88.388398534388,53.,69.092172444004));
#3343 = CARTESIAN_POINT('',(88.388398534388,54.,69.092172444004));
#3344 = CARTESIAN_POINT('',(88.657886475634,53.,69.070265530172));
#3345 = CARTESIAN_POINT('',(88.657886475634,54.,69.070265530172));
#3346 = ADVANCED_FACE('',(#3347),#3367,.T.);
#3347 = FACE_BOUND('',#3348,.T.);
#3348 = EDGE_LOOP('',(#3349,#3357,#3358,#3366));
#3349 = ORIENTED_EDGE('',*,*,#3350,.F.);
#3350 = EDGE_CURVE('',#3310,#3188,#3351,.T.);
#3351 = B_SPLINE_CURVE_WITH_KNOTS('',3,(#3352,#3353,#3354,#3355,#3356),
  .UNSPECIFIED.,.F.,.F.,(4,1,4),(0.,7.988656103993E-02,0.167246938643),
  .UNSPECIFIED.);
#3352 = CARTESIAN_POINT('',(87.234707254188,53.,69.634062914965));
#3353 = CARTESIAN_POINT('',(87.063346228695,53.,69.844934901539));
#3354 = CARTESIAN_POINT('',(86.704592434023,53.,70.286407080851));
#3355 = CARTESIAN_POINT('',(86.632207405087,53.,70.851927329345));
#3356 = CARTESIAN_POINT('',(86.594397544338,53.,71.147323244221));
#3357 = ORIENTED_EDGE('',*,*,#3330,.T.);
#3358 = ORIENTED_EDGE('',*,*,#3359,.F.);
#3359 = EDGE_CURVE('',#3198,#3321,#3360,.T.);
#3360 = B_SPLINE_CURVE_WITH_KNOTS('',3,(#3361,#3362,#3363,#3364,#3365),
  .UNSPECIFIED.,.F.,.F.,(4,1,4),(-0.167246938643,-7.988656103993E-02,0.)
  ,.UNSPECIFIED.);
#3361 = CARTESIAN_POINT('',(86.594397544338,54.,71.147323244221));
#3362 = CARTESIAN_POINT('',(86.632207405087,54.,70.851927329345));
#3363 = CARTESIAN_POINT('',(86.704592434023,54.,70.286407080851));
#3364 = CARTESIAN_POINT('',(87.063346228695,54.,69.844934901539));
#3365 = CARTESIAN_POINT('',(87.234707254188,54.,69.634062914965));
#3366 = ORIENTED_EDGE('',*,*,#3197,.F.);
#3367 = B_SPLINE_SURFACE_WITH_KNOTS('',3,1,(
    (#3368,#3369)
    ,(#3370,#3371)
    ,(#3372,#3373)
    ,(#3374,#3375)
    ,(#3376,#3377
    )),.UNSPECIFIED.,.F.,.F.,.F.,(4,1,4),(2,2),(-0.167246938643,
    -7.988656103993E-02,0.),(0.,1.E-01),.UNSPECIFIED.);
#3368 = CARTESIAN_POINT('',(86.594397544338,53.,71.147323244221));
#3369 = CARTESIAN_POINT('',(86.594397544338,54.,71.147323244221));
#3370 = CARTESIAN_POINT('',(86.632207405087,53.,70.851927329345));
#3371 = CARTESIAN_POINT('',(86.632207405087,54.,70.851927329345));
#3372 = CARTESIAN_POINT('',(86.704592434023,53.,70.286407080851));
#3373 = CARTESIAN_POINT('',(86.704592434023,54.,70.286407080851));
#3374 = CARTESIAN_POINT('',(87.063346228695,53.,69.844934901539));
#3375 = CARTESIAN_POINT('',(87.063346228695,54.,69.844934901539));
#3376 = CARTESIAN_POINT('',(87.234707254188,53.,69.634062914965));
#3377 = CARTESIAN_POINT('',(87.234707254188,54.,69.634062914965));
#3378 = ADVANCED_FACE('',(#3379),#3413,.T.);
#3379 = FACE_BOUND('',#3380,.T.);
#3380 = EDGE_LOOP('',(#3381,#3391,#3399,#3407));
#3381 = ORIENTED_EDGE('',*,*,#3382,.F.);
#3382 = EDGE_CURVE('',#3383,#3385,#3387,.T.);
#3383 = VERTEX_POINT('',#3384);
#3384 = CARTESIAN_POINT('',(90.622463162516,53.,73.139026612146));
#3385 = VERTEX_POINT('',#3386);
#3386 = CARTESIAN_POINT('',(91.890958906086,53.,73.298029426693));
#3387 = LINE('',#3388,#3389);
#3388 = CARTESIAN_POINT('',(80.110478063006,53.,71.821375192522));
#3389 = VECTOR('',#3390,1.);
#3390 = DIRECTION('',(0.992235377213,0.,0.124374258621));
#3391 = ORIENTED_EDGE('',*,*,#3392,.T.);
#3392 = EDGE_CURVE('',#3383,#3393,#3395,.T.);
#3393 = VERTEX_POINT('',#3394);
#3394 = CARTESIAN_POINT('',(90.622463162516,54.,73.139026612146));
#3395 = LINE('',#3396,#3397);
#3396 = CARTESIAN_POINT('',(90.622463162516,53.,73.139026612146));
#3397 = VECTOR('',#3398,1.);
#3398 = DIRECTION('',(0.,1.,0.));
#3399 = ORIENTED_EDGE('',*,*,#3400,.F.);
#3400 = EDGE_CURVE('',#3401,#3393,#3403,.T.);
#3401 = VERTEX_POINT('',#3402);
#3402 = CARTESIAN_POINT('',(91.890958906086,54.,73.298029426693));
#3403 = LINE('',#3404,#3405);
#3404 = CARTESIAN_POINT('',(90.622463162516,54.,73.139026612146));
#3405 = VECTOR('',#3406,1.);
#3406 = DIRECTION('',(-0.992235377213,0.,-0.124374258621));
#3407 = ORIENTED_EDGE('',*,*,#3408,.F.);
#3408 = EDGE_CURVE('',#3385,#3401,#3409,.T.);
#3409 = LINE('',#3410,#3411);
#3410 = CARTESIAN_POINT('',(91.890958906086,53.,73.298029426693));
#3411 = VECTOR('',#3412,1.);
#3412 = DIRECTION('',(0.,1.,0.));
#3413 = PLANE('',#3414);
#3414 = AXIS2_PLACEMENT_3D('',#3415,#3416,#3417);
#3415 = CARTESIAN_POINT('',(91.890958906086,53.,73.298029426693));
#3416 = DIRECTION('',(0.124374258621,0.,-0.992235377213));
#3417 = DIRECTION('',(-0.992235377213,0.,-0.124374258621));
#3418 = ADVANCED_FACE('',(#3419),#3448,.T.);
#3419 = FACE_BOUND('',#3420,.T.);
#3420 = EDGE_LOOP('',(#3421,#3431,#3432,#3442));
#3421 = ORIENTED_EDGE('',*,*,#3422,.F.);
#3422 = EDGE_CURVE('',#3385,#3423,#3425,.T.);
#3423 = VERTEX_POINT('',#3424);
#3424 = CARTESIAN_POINT('',(90.776216667484,53.,75.021959964578));
#3425 = B_SPLINE_CURVE_WITH_KNOTS('',3,(#3426,#3427,#3428,#3429,#3430),
  .UNSPECIFIED.,.F.,.F.,(4,1,4),(0.,0.107616771736,0.208258045696),
  .UNSPECIFIED.);
#3426 = CARTESIAN_POINT('',(91.890958906086,53.,73.298029426693));
#3427 = CARTESIAN_POINT('',(91.773815595369,53.,73.643996985797));
#3428 = CARTESIAN_POINT('',(91.54712196237,53.,74.313507198479));
#3429 = CARTESIAN_POINT('',(91.027382293443,53.,74.791141751705));
#3430 = CARTESIAN_POINT('',(90.776216667484,53.,75.021959964578));
#3431 = ORIENTED_EDGE('',*,*,#3408,.T.);
#3432 = ORIENTED_EDGE('',*,*,#3433,.F.);
#3433 = EDGE_CURVE('',#3434,#3401,#3436,.T.);
#3434 = VERTEX_POINT('',#3435);
#3435 = CARTESIAN_POINT('',(90.776216667484,54.,75.021959964578));
#3436 = B_SPLINE_CURVE_WITH_KNOTS('',3,(#3437,#3438,#3439,#3440,#3441),
  .UNSPECIFIED.,.F.,.F.,(4,1,4),(-0.208258045696,-0.107616771736,0.),
  .UNSPECIFIED.);
#3437 = CARTESIAN_POINT('',(90.776216667484,54.,75.021959964578));
#3438 = CARTESIAN_POINT('',(91.027382293443,54.,74.791141751705));
#3439 = CARTESIAN_POINT('',(91.54712196237,54.,74.313507198479));
#3440 = CARTESIAN_POINT('',(91.773815595369,54.,73.643996985797));
#3441 = CARTESIAN_POINT('',(91.890958906086,54.,73.298029426693));
#3442 = ORIENTED_EDGE('',*,*,#3443,.F.);
#3443 = EDGE_CURVE('',#3423,#3434,#3444,.T.);
#3444 = LINE('',#3445,#3446);
#3445 = CARTESIAN_POINT('',(90.776216667484,53.,75.021959964578));
#3446 = VECTOR('',#3447,1.);
#3447 = DIRECTION('',(0.,1.,0.));
#3448 = B_SPLINE_SURFACE_WITH_KNOTS('',3,1,(
    (#3449,#3450)
    ,(#3451,#3452)
    ,(#3453,#3454)
    ,(#3455,#3456)
    ,(#3457,#3458
    )),.UNSPECIFIED.,.F.,.F.,.F.,(4,1,4),(2,2),(-0.208258045696,
    -0.107616771736,0.),(0.,1.E-01),.UNSPECIFIED.);
#3449 = CARTESIAN_POINT('',(90.776216667484,53.,75.021959964578));
#3450 = CARTESIAN_POINT('',(90.776216667484,54.,75.021959964578));
#3451 = CARTESIAN_POINT('',(91.027382293443,53.,74.791141751705));
#3452 = CARTESIAN_POINT('',(91.027382293443,54.,74.791141751705));
#3453 = CARTESIAN_POINT('',(91.54712196237,53.,74.313507198479));
#3454 = CARTESIAN_POINT('',(91.54712196237,54.,74.313507198479));
#3455 = CARTESIAN_POINT('',(91.773815595369,53.,73.643996985797));
#3456 = CARTESIAN_POINT('',(91.773815595369,54.,73.643996985797));
#3457 = CARTESIAN_POINT('',(91.890958906086,53.,73.298029426693));
#3458 = CARTESIAN_POINT('',(91.890958906086,54.,73.298029426693));
#3459 = ADVANCED_FACE('',(#3460),#3489,.T.);
#3460 = FACE_BOUND('',#3461,.T.);
#3461 = EDGE_LOOP('',(#3462,#3472,#3473,#3483));
#3462 = ORIENTED_EDGE('',*,*,#3463,.F.);
#3463 = EDGE_CURVE('',#3423,#3464,#3466,.T.);
#3464 = VERTEX_POINT('',#3465);
#3465 = CARTESIAN_POINT('',(88.701527748241,53.,75.632421728602));
#3466 = B_SPLINE_CURVE_WITH_KNOTS('',3,(#3467,#3468,#3469,#3470,#3471),
  .UNSPECIFIED.,.F.,.F.,(4,1,4),(0.,0.103261753776,0.219220681105),
  .UNSPECIFIED.);
#3467 = CARTESIAN_POINT('',(90.776216667484,53.,75.021959964578));
#3468 = CARTESIAN_POINT('',(90.475616980742,53.,75.200355914759));
#3469 = CARTESIAN_POINT('',(89.837455554482,53.,75.579083568271));
#3470 = CARTESIAN_POINT('',(89.094513975985,53.,75.613968828419));
#3471 = CARTESIAN_POINT('',(88.701527748241,53.,75.632421728602));
#3472 = ORIENTED_EDGE('',*,*,#3443,.T.);
#3473 = ORIENTED_EDGE('',*,*,#3474,.F.);
#3474 = EDGE_CURVE('',#3475,#3434,#3477,.T.);
#3475 = VERTEX_POINT('',#3476);
#3476 = CARTESIAN_POINT('',(88.701527748241,54.,75.632421728602));
#3477 = B_SPLINE_CURVE_WITH_KNOTS('',3,(#3478,#3479,#3480,#3481,#3482),
  .UNSPECIFIED.,.F.,.F.,(4,1,4),(-0.219220681105,-0.103261753776,0.),
  .UNSPECIFIED.);
#3478 = CARTESIAN_POINT('',(88.701527748241,54.,75.632421728602));
#3479 = CARTESIAN_POINT('',(89.094513975985,54.,75.613968828419));
#3480 = CARTESIAN_POINT('',(89.837455554482,54.,75.579083568271));
#3481 = CARTESIAN_POINT('',(90.475616980742,54.,75.200355914759));
#3482 = CARTESIAN_POINT('',(90.776216667484,54.,75.021959964578));
#3483 = ORIENTED_EDGE('',*,*,#3484,.F.);
#3484 = EDGE_CURVE('',#3464,#3475,#3485,.T.);
#3485 = LINE('',#3486,#3487);
#3486 = CARTESIAN_POINT('',(88.701527748241,53.,75.632421728602));
#3487 = VECTOR('',#3488,1.);
#3488 = DIRECTION('',(0.,1.,0.));
#3489 = B_SPLINE_SURFACE_WITH_KNOTS('',3,1,(
    (#3490,#3491)
    ,(#3492,#3493)
    ,(#3494,#3495)
    ,(#3496,#3497)
    ,(#3498,#3499
    )),.UNSPECIFIED.,.F.,.F.,.F.,(4,1,4),(2,2),(-0.219220681105,
    -0.103261753776,0.),(0.,1.E-01),.UNSPECIFIED.);
#3490 = CARTESIAN_POINT('',(88.701527748241,53.,75.632421728602));
#3491 = CARTESIAN_POINT('',(88.701527748241,54.,75.632421728602));
#3492 = CARTESIAN_POINT('',(89.094513975985,53.,75.613968828419));
#3493 = CARTESIAN_POINT('',(89.094513975985,54.,75.613968828419));
#3494 = CARTESIAN_POINT('',(89.837455554482,53.,75.579083568271));
#3495 = CARTESIAN_POINT('',(89.837455554482,54.,75.579083568271));
#3496 = CARTESIAN_POINT('',(90.475616980742,53.,75.200355914759));
#3497 = CARTESIAN_POINT('',(90.475616980742,54.,75.200355914759));
#3498 = CARTESIAN_POINT('',(90.776216667484,53.,75.021959964578));
#3499 = CARTESIAN_POINT('',(90.776216667484,54.,75.021959964578));
#3500 = ADVANCED_FACE('',(#3501),#3530,.T.);
#3501 = FACE_BOUND('',#3502,.T.);
#3502 = EDGE_LOOP('',(#3503,#3513,#3514,#3524));
#3503 = ORIENTED_EDGE('',*,*,#3504,.F.);
#3504 = EDGE_CURVE('',#3464,#3505,#3507,.T.);
#3505 = VERTEX_POINT('',#3506);
#3506 = CARTESIAN_POINT('',(86.182700258765,53.,74.649370839176));
#3507 = B_SPLINE_CURVE_WITH_KNOTS('',3,(#3508,#3509,#3510,#3511,#3512),
  .UNSPECIFIED.,.F.,.F.,(4,1,4),(0.,0.14456567561,0.276453838272),
  .UNSPECIFIED.);
#3508 = CARTESIAN_POINT('',(88.701527748241,53.,75.632421728602));
#3509 = CARTESIAN_POINT('',(88.207145631172,53.,75.59883327895));
#3510 = CARTESIAN_POINT('',(87.261735641832,53.,75.534601878316));
#3511 = CARTESIAN_POINT('',(86.531212030258,53.,74.935286799368));
#3512 = CARTESIAN_POINT('',(86.182700258765,53.,74.649370839176));
#3513 = ORIENTED_EDGE('',*,*,#3484,.T.);
#3514 = ORIENTED_EDGE('',*,*,#3515,.F.);
#3515 = EDGE_CURVE('',#3516,#3475,#3518,.T.);
#3516 = VERTEX_POINT('',#3517);
#3517 = CARTESIAN_POINT('',(86.182700258765,54.,74.649370839176));
#3518 = B_SPLINE_CURVE_WITH_KNOTS('',3,(#3519,#3520,#3521,#3522,#3523),
  .UNSPECIFIED.,.F.,.F.,(4,1,4),(-0.276453838272,-0.14456567561,0.),
  .UNSPECIFIED.);
#3519 = CARTESIAN_POINT('',(86.182700258765,54.,74.649370839176));
#3520 = CARTESIAN_POINT('',(86.531212030258,54.,74.935286799368));
#3521 = CARTESIAN_POINT('',(87.261735641832,54.,75.534601878316));
#3522 = CARTESIAN_POINT('',(88.207145631172,54.,75.59883327895));
#3523 = CARTESIAN_POINT('',(88.701527748241,54.,75.632421728602));
#3524 = ORIENTED_EDGE('',*,*,#3525,.F.);
#3525 = EDGE_CURVE('',#3505,#3516,#3526,.T.);
#3526 = LINE('',#3527,#3528);
#3527 = CARTESIAN_POINT('',(86.182700258765,53.,74.649370839176));
#3528 = VECTOR('',#3529,1.);
#3529 = DIRECTION('',(0.,1.,0.));
#3530 = B_SPLINE_SURFACE_WITH_KNOTS('',3,1,(
    (#3531,#3532)
    ,(#3533,#3534)
    ,(#3535,#3536)
    ,(#3537,#3538)
    ,(#3539,#3540
    )),.UNSPECIFIED.,.F.,.F.,.F.,(4,1,4),(2,2),(-0.276453838272,
    -0.14456567561,0.),(0.,1.E-01),.UNSPECIFIED.);
#3531 = CARTESIAN_POINT('',(86.182700258765,53.,74.649370839176));
#3532 = CARTESIAN_POINT('',(86.182700258765,54.,74.649370839176));
#3533 = CARTESIAN_POINT('',(86.531212030258,53.,74.935286799368));
#3534 = CARTESIAN_POINT('',(86.531212030258,54.,74.935286799368));
#3535 = CARTESIAN_POINT('',(87.261735641832,53.,75.534601878316));
#3536 = CARTESIAN_POINT('',(87.261735641832,54.,75.534601878316));
#3537 = CARTESIAN_POINT('',(88.207145631172,53.,75.59883327895));
#3538 = CARTESIAN_POINT('',(88.207145631172,54.,75.59883327895));
#3539 = CARTESIAN_POINT('',(88.701527748241,53.,75.632421728602));
#3540 = CARTESIAN_POINT('',(88.701527748241,54.,75.632421728602));
#3541 = ADVANCED_FACE('',(#3542),#3571,.T.);
#3542 = FACE_BOUND('',#3543,.T.);
#3543 = EDGE_LOOP('',(#3544,#3554,#3555,#3565));
#3544 = ORIENTED_EDGE('',*,*,#3545,.F.);
#3545 = EDGE_CURVE('',#3505,#3546,#3548,.T.);
#3546 = VERTEX_POINT('',#3547);
#3547 = CARTESIAN_POINT('',(85.25616815762,53.,71.902258293589));
#3548 = B_SPLINE_CURVE_WITH_KNOTS('',3,(#3549,#3550,#3551,#3552,#3553),
  .UNSPECIFIED.,.F.,.F.,(4,1,4),(0.,0.136755902702,0.295447108041),
  .UNSPECIFIED.);
#3549 = CARTESIAN_POINT('',(86.182700258765,53.,74.649370839176));
#3550 = CARTESIAN_POINT('',(85.912154572559,53.,74.270631209882));
#3551 = CARTESIAN_POINT('',(85.327668352927,53.,73.452403067881));
#3552 = CARTESIAN_POINT('',(85.281152731352,53.,72.443931029482));
#3553 = CARTESIAN_POINT('',(85.25616815762,53.,71.902258293589));
#3554 = ORIENTED_EDGE('',*,*,#3525,.T.);
#3555 = ORIENTED_EDGE('',*,*,#3556,.F.);
#3556 = EDGE_CURVE('',#3557,#3516,#3559,.T.);
#3557 = VERTEX_POINT('',#3558);
#3558 = CARTESIAN_POINT('',(85.25616815762,54.,71.902258293589));
#3559 = B_SPLINE_CURVE_WITH_KNOTS('',3,(#3560,#3561,#3562,#3563,#3564),
  .UNSPECIFIED.,.F.,.F.,(4,1,4),(-0.295447108041,-0.136755902702,0.),
  .UNSPECIFIED.);
#3560 = CARTESIAN_POINT('',(85.25616815762,54.,71.902258293589));
#3561 = CARTESIAN_POINT('',(85.281152731352,54.,72.443931029482));
#3562 = CARTESIAN_POINT('',(85.327668352927,54.,73.452403067881));
#3563 = CARTESIAN_POINT('',(85.912154572559,54.,74.270631209882));
#3564 = CARTESIAN_POINT('',(86.182700258765,54.,74.649370839176));
#3565 = ORIENTED_EDGE('',*,*,#3566,.F.);
#3566 = EDGE_CURVE('',#3546,#3557,#3567,.T.);
#3567 = LINE('',#3568,#3569);
#3568 = CARTESIAN_POINT('',(85.25616815762,53.,71.902258293589));
#3569 = VECTOR('',#3570,1.);
#3570 = DIRECTION('',(0.,1.,0.));
#3571 = B_SPLINE_SURFACE_WITH_KNOTS('',3,1,(
    (#3572,#3573)
    ,(#3574,#3575)
    ,(#3576,#3577)
    ,(#3578,#3579)
    ,(#3580,#3581
    )),.UNSPECIFIED.,.F.,.F.,.F.,(4,1,4),(2,2),(-0.295447108041,
    -0.136755902702,0.),(0.,1.E-01),.UNSPECIFIED.);
#3572 = CARTESIAN_POINT('',(85.25616815762,53.,71.902258293589));
#3573 = CARTESIAN_POINT('',(85.25616815762,54.,71.902258293589));
#3574 = CARTESIAN_POINT('',(85.281152731352,53.,72.443931029482));
#3575 = CARTESIAN_POINT('',(85.281152731352,54.,72.443931029482));
#3576 = CARTESIAN_POINT('',(85.327668352927,53.,73.452403067881));
#3577 = CARTESIAN_POINT('',(85.327668352927,54.,73.452403067881));
#3578 = CARTESIAN_POINT('',(85.912154572559,53.,74.270631209882));
#3579 = CARTESIAN_POINT('',(85.912154572559,54.,74.270631209882));
#3580 = CARTESIAN_POINT('',(86.182700258765,53.,74.649370839176));
#3581 = CARTESIAN_POINT('',(86.182700258765,54.,74.649370839176));
#3582 = ADVANCED_FACE('',(#3583),#3612,.T.);
#3583 = FACE_BOUND('',#3584,.T.);
#3584 = EDGE_LOOP('',(#3585,#3595,#3596,#3606));
#3585 = ORIENTED_EDGE('',*,*,#3586,.F.);
#3586 = EDGE_CURVE('',#3546,#3587,#3589,.T.);
#3587 = VERTEX_POINT('',#3588);
#3588 = CARTESIAN_POINT('',(86.20223096807,53.,69.066176093852));
#3589 = B_SPLINE_CURVE_WITH_KNOTS('',3,(#3590,#3591,#3592,#3593,#3594),
  .UNSPECIFIED.,.F.,.F.,(4,1,4),(0.,0.164043410099,0.304495885396),
  .UNSPECIFIED.);
#3590 = CARTESIAN_POINT('',(85.25616815762,53.,71.902258293589));
#3591 = CARTESIAN_POINT('',(85.282638039221,53.,71.342709295659));
#3592 = CARTESIAN_POINT('',(85.331771192631,53.,70.304079536347));
#3593 = CARTESIAN_POINT('',(85.927461487142,53.,69.456932905287));
#3594 = CARTESIAN_POINT('',(86.20223096807,53.,69.066176093852));
#3595 = ORIENTED_EDGE('',*,*,#3566,.T.);
#3596 = ORIENTED_EDGE('',*,*,#3597,.F.);
#3597 = EDGE_CURVE('',#3598,#3557,#3600,.T.);
#3598 = VERTEX_POINT('',#3599);
#3599 = CARTESIAN_POINT('',(86.20223096807,54.,69.066176093852));
#3600 = B_SPLINE_CURVE_WITH_KNOTS('',3,(#3601,#3602,#3603,#3604,#3605),
  .UNSPECIFIED.,.F.,.F.,(4,1,4),(-0.304495885396,-0.164043410099,0.),
  .UNSPECIFIED.);
#3601 = CARTESIAN_POINT('',(86.20223096807,54.,69.066176093852));
#3602 = CARTESIAN_POINT('',(85.927461487142,54.,69.456932905287));
#3603 = CARTESIAN_POINT('',(85.331771192631,54.,70.304079536347));
#3604 = CARTESIAN_POINT('',(85.282638039221,54.,71.342709295659));
#3605 = CARTESIAN_POINT('',(85.25616815762,54.,71.902258293589));
#3606 = ORIENTED_EDGE('',*,*,#3607,.F.);
#3607 = EDGE_CURVE('',#3587,#3598,#3608,.T.);
#3608 = LINE('',#3609,#3610);
#3609 = CARTESIAN_POINT('',(86.20223096807,53.,69.066176093852));
#3610 = VECTOR('',#3611,1.);
#3611 = DIRECTION('',(0.,1.,0.));
#3612 = B_SPLINE_SURFACE_WITH_KNOTS('',3,1,(
    (#3613,#3614)
    ,(#3615,#3616)
    ,(#3617,#3618)
    ,(#3619,#3620)
    ,(#3621,#3622
    )),.UNSPECIFIED.,.F.,.F.,.F.,(4,1,4),(2,2),(-0.304495885396,
    -0.164043410099,0.),(0.,1.E-01),.UNSPECIFIED.);
#3613 = CARTESIAN_POINT('',(86.20223096807,53.,69.066176093852));
#3614 = CARTESIAN_POINT('',(86.20223096807,54.,69.066176093852));
#3615 = CARTESIAN_POINT('',(85.927461487142,53.,69.456932905287));
#3616 = CARTESIAN_POINT('',(85.927461487142,54.,69.456932905287));
#3617 = CARTESIAN_POINT('',(85.331771192631,53.,70.304079536347));
#3618 = CARTESIAN_POINT('',(85.331771192631,54.,70.304079536347));
#3619 = CARTESIAN_POINT('',(85.282638039221,53.,71.342709295659));
#3620 = CARTESIAN_POINT('',(85.282638039221,54.,71.342709295659));
#3621 = CARTESIAN_POINT('',(85.25616815762,53.,71.902258293589));
#3622 = CARTESIAN_POINT('',(85.25616815762,54.,71.902258293589));
#3623 = ADVANCED_FACE('',(#3624),#3653,.T.);
#3624 = FACE_BOUND('',#3625,.T.);
#3625 = EDGE_LOOP('',(#3626,#3636,#3637,#3647));
#3626 = ORIENTED_EDGE('',*,*,#3627,.F.);
#3627 = EDGE_CURVE('',#3587,#3628,#3630,.T.);
#3628 = VERTEX_POINT('',#3629);
#3629 = CARTESIAN_POINT('',(88.645925397554,53.,68.060694712793));
#3630 = B_SPLINE_CURVE_WITH_KNOTS('',3,(#3631,#3632,#3633,#3634,#3635),
  .UNSPECIFIED.,.F.,.F.,(4,1,4),(0.,0.131993373501,0.270398579908),
  .UNSPECIFIED.);
#3631 = CARTESIAN_POINT('',(86.20223096807,53.,69.066176093852));
#3632 = CARTESIAN_POINT('',(86.545486581484,53.,68.772341658828));
#3633 = CARTESIAN_POINT('',(87.248672112323,53.,68.170399213911));
#3634 = CARTESIAN_POINT('',(88.172869286484,53.,68.097836428769));
#3635 = CARTESIAN_POINT('',(88.645925397554,53.,68.060694712793));
#3636 = ORIENTED_EDGE('',*,*,#3607,.T.);
#3637 = ORIENTED_EDGE('',*,*,#3638,.F.);
#3638 = EDGE_CURVE('',#3639,#3598,#3641,.T.);
#3639 = VERTEX_POINT('',#3640);
#3640 = CARTESIAN_POINT('',(88.645925397554,54.,68.060694712793));
#3641 = B_SPLINE_CURVE_WITH_KNOTS('',3,(#3642,#3643,#3644,#3645,#3646),
  .UNSPECIFIED.,.F.,.F.,(4,1,4),(-0.270398579908,-0.131993373501,0.),
  .UNSPECIFIED.);
#3642 = CARTESIAN_POINT('',(88.645925397554,54.,68.060694712793));
#3643 = CARTESIAN_POINT('',(88.172869286484,54.,68.097836428769));
#3644 = CARTESIAN_POINT('',(87.248672112323,54.,68.170399213911));
#3645 = CARTESIAN_POINT('',(86.545486581484,54.,68.772341658828));
#3646 = CARTESIAN_POINT('',(86.20223096807,54.,69.066176093852));
#3647 = ORIENTED_EDGE('',*,*,#3648,.F.);
#3648 = EDGE_CURVE('',#3628,#3639,#3649,.T.);
#3649 = LINE('',#3650,#3651);
#3650 = CARTESIAN_POINT('',(88.645925397554,53.,68.060694712793));
#3651 = VECTOR('',#3652,1.);
#3652 = DIRECTION('',(0.,1.,0.));
#3653 = B_SPLINE_SURFACE_WITH_KNOTS('',3,1,(
    (#3654,#3655)
    ,(#3656,#3657)
    ,(#3658,#3659)
    ,(#3660,#3661)
    ,(#3662,#3663
    )),.UNSPECIFIED.,.F.,.F.,.F.,(4,1,4),(2,2),(-0.270398579908,
    -0.131993373501,0.),(0.,1.E-01),.UNSPECIFIED.);
#3654 = CARTESIAN_POINT('',(88.645925397554,53.,68.060694712793));
#3655 = CARTESIAN_POINT('',(88.645925397554,54.,68.060694712793));
#3656 = CARTESIAN_POINT('',(88.172869286484,53.,68.097836428769));
#3657 = CARTESIAN_POINT('',(88.172869286484,54.,68.097836428769));
#3658 = CARTESIAN_POINT('',(87.248672112323,53.,68.170399213911));
#3659 = CARTESIAN_POINT('',(87.248672112323,54.,68.170399213911));
#3660 = CARTESIAN_POINT('',(86.545486581484,53.,68.772341658828));
#3661 = CARTESIAN_POINT('',(86.545486581484,54.,68.772341658828));
#3662 = CARTESIAN_POINT('',(86.20223096807,53.,69.066176093852));
#3663 = CARTESIAN_POINT('',(86.20223096807,54.,69.066176093852));
#3664 = ADVANCED_FACE('',(#3665),#3694,.T.);
#3665 = FACE_BOUND('',#3666,.T.);
#3666 = EDGE_LOOP('',(#3667,#3677,#3678,#3688));
#3667 = ORIENTED_EDGE('',*,*,#3668,.F.);
#3668 = EDGE_CURVE('',#3628,#3669,#3671,.T.);
#3669 = VERTEX_POINT('',#3670);
#3670 = CARTESIAN_POINT('',(91.018080015983,53.,69.053732497368));
#3671 = B_SPLINE_CURVE_WITH_KNOTS('',3,(#3672,#3673,#3674,#3675,#3676),
  .UNSPECIFIED.,.F.,.F.,(4,1,4),(0.,0.134288066067,0.26316650257),
  .UNSPECIFIED.);
#3672 = CARTESIAN_POINT('',(88.645925397554,53.,68.060694712793));
#3673 = CARTESIAN_POINT('',(89.104697737172,53.,68.099175486487));
#3674 = CARTESIAN_POINT('',(90.003761337011,53.,68.174586883239));
#3675 = CARTESIAN_POINT('',(90.684639146242,53.,68.764727587687));
#3676 = CARTESIAN_POINT('',(91.018080015983,53.,69.053732497368));
#3677 = ORIENTED_EDGE('',*,*,#3648,.T.);
#3678 = ORIENTED_EDGE('',*,*,#3679,.F.);
#3679 = EDGE_CURVE('',#3680,#3639,#3682,.T.);
#3680 = VERTEX_POINT('',#3681);
#3681 = CARTESIAN_POINT('',(91.018080015983,54.,69.053732497368));
#3682 = B_SPLINE_CURVE_WITH_KNOTS('',3,(#3683,#3684,#3685,#3686,#3687),
  .UNSPECIFIED.,.F.,.F.,(4,1,4),(-0.26316650257,-0.134288066067,0.),
  .UNSPECIFIED.);
#3683 = CARTESIAN_POINT('',(91.018080015983,54.,69.053732497368));
#3684 = CARTESIAN_POINT('',(90.684639146242,54.,68.764727587687));
#3685 = CARTESIAN_POINT('',(90.003761337011,54.,68.174586883239));
#3686 = CARTESIAN_POINT('',(89.104697737172,54.,68.099175486487));
#3687 = CARTESIAN_POINT('',(88.645925397554,54.,68.060694712793));
#3688 = ORIENTED_EDGE('',*,*,#3689,.F.);
#3689 = EDGE_CURVE('',#3669,#3680,#3690,.T.);
#3690 = LINE('',#3691,#3692);
#3691 = CARTESIAN_POINT('',(91.018080015983,53.,69.053732497368));
#3692 = VECTOR('',#3693,1.);
#3693 = DIRECTION('',(0.,1.,0.));
#3694 = B_SPLINE_SURFACE_WITH_KNOTS('',3,1,(
    (#3695,#3696)
    ,(#3697,#3698)
    ,(#3699,#3700)
    ,(#3701,#3702)
    ,(#3703,#3704
    )),.UNSPECIFIED.,.F.,.F.,.F.,(4,1,4),(2,2),(-0.26316650257,
    -0.134288066067,0.),(0.,1.E-01),.UNSPECIFIED.);
#3695 = CARTESIAN_POINT('',(91.018080015983,53.,69.053732497368));
#3696 = CARTESIAN_POINT('',(91.018080015983,54.,69.053732497368));
#3697 = CARTESIAN_POINT('',(90.684639146242,53.,68.764727587687));
#3698 = CARTESIAN_POINT('',(90.684639146242,54.,68.764727587687));
#3699 = CARTESIAN_POINT('',(90.003761337011,53.,68.174586883239));
#3700 = CARTESIAN_POINT('',(90.003761337011,54.,68.174586883239));
#3701 = CARTESIAN_POINT('',(89.104697737172,53.,68.099175486487));
#3702 = CARTESIAN_POINT('',(89.104697737172,54.,68.099175486487));
#3703 = CARTESIAN_POINT('',(88.645925397554,53.,68.060694712793));
#3704 = CARTESIAN_POINT('',(88.645925397554,54.,68.060694712793));
#3705 = ADVANCED_FACE('',(#3706),#3735,.T.);
#3706 = FACE_BOUND('',#3707,.T.);
#3707 = EDGE_LOOP('',(#3708,#3718,#3719,#3729));
#3708 = ORIENTED_EDGE('',*,*,#3709,.F.);
#3709 = EDGE_CURVE('',#3669,#3710,#3712,.T.);
#3710 = VERTEX_POINT('',#3711);
#3711 = CARTESIAN_POINT('',(91.934321496867,53.,71.838344909428));
#3712 = B_SPLINE_CURVE_WITH_KNOTS('',3,(#3713,#3714,#3715,#3716,#3717),
  .UNSPECIFIED.,.F.,.F.,(4,1,4),(0.,0.137617534893,0.298549602252),
  .UNSPECIFIED.);
#3713 = CARTESIAN_POINT('',(91.018080015983,53.,69.053732497368));
#3714 = CARTESIAN_POINT('',(91.285597162194,53.,69.437758199041));
#3715 = CARTESIAN_POINT('',(91.865952984286,53.,70.270869477909));
#3716 = CARTESIAN_POINT('',(91.910375631777,53.,71.289341372588));
#3717 = CARTESIAN_POINT('',(91.934321496867,53.,71.838344909428));
#3718 = ORIENTED_EDGE('',*,*,#3689,.T.);
#3719 = ORIENTED_EDGE('',*,*,#3720,.F.);
#3720 = EDGE_CURVE('',#3721,#3680,#3723,.T.);
#3721 = VERTEX_POINT('',#3722);
#3722 = CARTESIAN_POINT('',(91.934321496867,54.,71.838344909428));
#3723 = B_SPLINE_CURVE_WITH_KNOTS('',3,(#3724,#3725,#3726,#3727,#3728),
  .UNSPECIFIED.,.F.,.F.,(4,1,4),(-0.298549602252,-0.137617534893,0.),
  .UNSPECIFIED.);
#3724 = CARTESIAN_POINT('',(91.934321496867,54.,71.838344909428));
#3725 = CARTESIAN_POINT('',(91.910375631777,54.,71.289341372588));
#3726 = CARTESIAN_POINT('',(91.865952984286,54.,70.270869477909));
#3727 = CARTESIAN_POINT('',(91.285597162194,54.,69.437758199041));
#3728 = CARTESIAN_POINT('',(91.018080015983,54.,69.053732497368));
#3729 = ORIENTED_EDGE('',*,*,#3730,.F.);
#3730 = EDGE_CURVE('',#3710,#3721,#3731,.T.);
#3731 = LINE('',#3732,#3733);
#3732 = CARTESIAN_POINT('',(91.934321496867,53.,71.838344909428));
#3733 = VECTOR('',#3734,1.);
#3734 = DIRECTION('',(0.,1.,0.));
#3735 = B_SPLINE_SURFACE_WITH_KNOTS('',3,1,(
    (#3736,#3737)
    ,(#3738,#3739)
    ,(#3740,#3741)
    ,(#3742,#3743)
    ,(#3744,#3745
    )),.UNSPECIFIED.,.F.,.F.,.F.,(4,1,4),(2,2),(-0.298549602252,
    -0.137617534893,0.),(0.,1.E-01),.UNSPECIFIED.);
#3736 = CARTESIAN_POINT('',(91.934321496867,53.,71.838344909428));
#3737 = CARTESIAN_POINT('',(91.934321496867,54.,71.838344909428));
#3738 = CARTESIAN_POINT('',(91.910375631777,53.,71.289341372588));
#3739 = CARTESIAN_POINT('',(91.910375631777,54.,71.289341372588));
#3740 = CARTESIAN_POINT('',(91.865952984286,53.,70.270869477909));
#3741 = CARTESIAN_POINT('',(91.865952984286,54.,70.270869477909));
#3742 = CARTESIAN_POINT('',(91.285597162194,53.,69.437758199041));
#3743 = CARTESIAN_POINT('',(91.285597162194,54.,69.437758199041));
#3744 = CARTESIAN_POINT('',(91.018080015983,53.,69.053732497368));
#3745 = CARTESIAN_POINT('',(91.018080015983,54.,69.053732497368));
#3746 = ADVANCED_FACE('',(#3747),#3776,.T.);
#3747 = FACE_BOUND('',#3748,.T.);
#3748 = EDGE_LOOP('',(#3749,#3759,#3760,#3770));
#3749 = ORIENTED_EDGE('',*,*,#3750,.F.);
#3750 = EDGE_CURVE('',#3710,#3751,#3753,.T.);
#3751 = VERTEX_POINT('',#3752);
#3752 = CARTESIAN_POINT('',(91.926952708022,53.,72.165754518871));
#3753 = B_SPLINE_CURVE_WITH_KNOTS('',3,(#3754,#3755,#3756,#3757,#3758),
  .UNSPECIFIED.,.F.,.F.,(4,1,4),(0.,1.36436174962E-02,3.275006250517E-02
    ),.UNSPECIFIED.);
#3754 = CARTESIAN_POINT('',(91.934321496867,53.,71.838344909428));
#3755 = CARTESIAN_POINT('',(91.933811889168,53.,71.883821944568));
#3756 = CARTESIAN_POINT('',(91.932588629721,53.,71.992984763284));
#3757 = CARTESIAN_POINT('',(91.929029254114,53.,72.102097786234));
#3758 = CARTESIAN_POINT('',(91.926952708022,53.,72.165754518871));
#3759 = ORIENTED_EDGE('',*,*,#3730,.T.);
#3760 = ORIENTED_EDGE('',*,*,#3761,.F.);
#3761 = EDGE_CURVE('',#3762,#3721,#3764,.T.);
#3762 = VERTEX_POINT('',#3763);
#3763 = CARTESIAN_POINT('',(91.926952708022,54.,72.165754518871));
#3764 = B_SPLINE_CURVE_WITH_KNOTS('',3,(#3765,#3766,#3767,#3768,#3769),
  .UNSPECIFIED.,.F.,.F.,(4,1,4),(-3.275006250517E-02,-1.36436174962E-02,
    0.),.UNSPECIFIED.);
#3765 = CARTESIAN_POINT('',(91.926952708022,54.,72.165754518871));
#3766 = CARTESIAN_POINT('',(91.929029254114,54.,72.102097786234));
#3767 = CARTESIAN_POINT('',(91.932588629721,54.,71.992984763284));
#3768 = CARTESIAN_POINT('',(91.933811889168,54.,71.883821944568));
#3769 = CARTESIAN_POINT('',(91.934321496867,54.,71.838344909428));
#3770 = ORIENTED_EDGE('',*,*,#3771,.F.);
#3771 = EDGE_CURVE('',#3751,#3762,#3772,.T.);
#3772 = LINE('',#3773,#3774);
#3773 = CARTESIAN_POINT('',(91.926952708022,53.,72.165754518871));
#3774 = VECTOR('',#3775,1.);
#3775 = DIRECTION('',(0.,1.,0.));
#3776 = B_SPLINE_SURFACE_WITH_KNOTS('',3,1,(
    (#3777,#3778)
    ,(#3779,#3780)
    ,(#3781,#3782)
    ,(#3783,#3784)
    ,(#3785,#3786
    )),.UNSPECIFIED.,.F.,.F.,.F.,(4,1,4),(2,2),(-3.275006250517E-02,
    -1.36436174962E-02,0.),(0.,1.E-01),.UNSPECIFIED.);
#3777 = CARTESIAN_POINT('',(91.926952708022,53.,72.165754518871));
#3778 = CARTESIAN_POINT('',(91.926952708022,54.,72.165754518871));
#3779 = CARTESIAN_POINT('',(91.929029254114,53.,72.102097786234));
#3780 = CARTESIAN_POINT('',(91.929029254114,54.,72.102097786234));
#3781 = CARTESIAN_POINT('',(91.932588629721,53.,71.992984763284));
#3782 = CARTESIAN_POINT('',(91.932588629721,54.,71.992984763284));
#3783 = CARTESIAN_POINT('',(91.933811889168,53.,71.883821944568));
#3784 = CARTESIAN_POINT('',(91.933811889168,54.,71.883821944568));
#3785 = CARTESIAN_POINT('',(91.934321496867,53.,71.838344909428));
#3786 = CARTESIAN_POINT('',(91.934321496867,54.,71.838344909428));
#3787 = ADVANCED_FACE('',(#3788),#3813,.T.);
#3788 = FACE_BOUND('',#3789,.T.);
#3789 = EDGE_LOOP('',(#3790,#3798,#3799,#3807));
#3790 = ORIENTED_EDGE('',*,*,#3791,.F.);
#3791 = EDGE_CURVE('',#3751,#3792,#3794,.T.);
#3792 = VERTEX_POINT('',#3793);
#3793 = CARTESIAN_POINT('',(86.524504869343,53.,72.156757749438));
#3794 = LINE('',#3795,#3796);
#3795 = CARTESIAN_POINT('',(77.268416315283,53.,72.141343460015));
#3796 = VECTOR('',#3797,1.);
#3797 = DIRECTION('',(-0.999998613368,0.,-1.665311211987E-03));
#3798 = ORIENTED_EDGE('',*,*,#3771,.T.);
#3799 = ORIENTED_EDGE('',*,*,#3800,.F.);
#3800 = EDGE_CURVE('',#3801,#3762,#3803,.T.);
#3801 = VERTEX_POINT('',#3802);
#3802 = CARTESIAN_POINT('',(86.524504869343,54.,72.156757749438));
#3803 = LINE('',#3804,#3805);
#3804 = CARTESIAN_POINT('',(91.926952708022,54.,72.165754518871));
#3805 = VECTOR('',#3806,1.);
#3806 = DIRECTION('',(0.999998613368,0.,1.665311211987E-03));
#3807 = ORIENTED_EDGE('',*,*,#3808,.F.);
#3808 = EDGE_CURVE('',#3792,#3801,#3809,.T.);
#3809 = LINE('',#3810,#3811);
#3810 = CARTESIAN_POINT('',(86.524504869343,53.,72.156757749438));
#3811 = VECTOR('',#3812,1.);
#3812 = DIRECTION('',(0.,1.,0.));
#3813 = PLANE('',#3814);
#3814 = AXIS2_PLACEMENT_3D('',#3815,#3816,#3817);
#3815 = CARTESIAN_POINT('',(86.524504869343,53.,72.156757749438));
#3816 = DIRECTION('',(-1.665311211987E-03,0.,0.999998613368));
#3817 = DIRECTION('',(0.999998613368,0.,1.665311211987E-03));
#3818 = ADVANCED_FACE('',(#3819),#3848,.T.);
#3819 = FACE_BOUND('',#3820,.T.);
#3820 = EDGE_LOOP('',(#3821,#3831,#3832,#3842));
#3821 = ORIENTED_EDGE('',*,*,#3822,.F.);
#3822 = EDGE_CURVE('',#3792,#3823,#3825,.T.);
#3823 = VERTEX_POINT('',#3824);
#3824 = CARTESIAN_POINT('',(87.196765890615,53.,73.985984067301));
#3825 = B_SPLINE_CURVE_WITH_KNOTS('',3,(#3826,#3827,#3828,#3829,#3830),
  .UNSPECIFIED.,.F.,.F.,(4,1,4),(0.,0.107324887136,0.198019249617),
  .UNSPECIFIED.);
#3826 = CARTESIAN_POINT('',(86.524504869343,53.,72.156757749438));
#3827 = CARTESIAN_POINT('',(86.559379556626,53.,72.520551887613));
#3828 = CARTESIAN_POINT('',(86.623724925075,53.,73.191768454234));
#3829 = CARTESIAN_POINT('',(87.016755032563,53.,73.736495038446));
#3830 = CARTESIAN_POINT('',(87.196765890615,53.,73.985984067301));
#3831 = ORIENTED_EDGE('',*,*,#3808,.T.);
#3832 = ORIENTED_EDGE('',*,*,#3833,.F.);
#3833 = EDGE_CURVE('',#3834,#3801,#3836,.T.);
#3834 = VERTEX_POINT('',#3835);
#3835 = CARTESIAN_POINT('',(87.196765890615,54.,73.985984067301));
#3836 = B_SPLINE_CURVE_WITH_KNOTS('',3,(#3837,#3838,#3839,#3840,#3841),
  .UNSPECIFIED.,.F.,.F.,(4,1,4),(-0.198019249617,-0.107324887136,0.),
  .UNSPECIFIED.);
#3837 = CARTESIAN_POINT('',(87.196765890615,54.,73.985984067301));
#3838 = CARTESIAN_POINT('',(87.016755032563,54.,73.736495038446));
#3839 = CARTESIAN_POINT('',(86.623724925075,54.,73.191768454234));
#3840 = CARTESIAN_POINT('',(86.559379556626,54.,72.520551887613));
#3841 = CARTESIAN_POINT('',(86.524504869343,54.,72.156757749438));
#3842 = ORIENTED_EDGE('',*,*,#3843,.F.);
#3843 = EDGE_CURVE('',#3823,#3834,#3844,.T.);
#3844 = LINE('',#3845,#3846);
#3845 = CARTESIAN_POINT('',(87.196765890615,53.,73.985984067301));
#3846 = VECTOR('',#3847,1.);
#3847 = DIRECTION('',(0.,1.,0.));
#3848 = B_SPLINE_SURFACE_WITH_KNOTS('',3,1,(
    (#3849,#3850)
    ,(#3851,#3852)
    ,(#3853,#3854)
    ,(#3855,#3856)
    ,(#3857,#3858
    )),.UNSPECIFIED.,.F.,.F.,.F.,(4,1,4),(2,2),(-0.198019249617,
    -0.107324887136,0.),(0.,1.E-01),.UNSPECIFIED.);
#3849 = CARTESIAN_POINT('',(87.196765890615,53.,73.985984067301));
#3850 = CARTESIAN_POINT('',(87.196765890615,54.,73.985984067301));
#3851 = CARTESIAN_POINT('',(87.016755032563,53.,73.736495038446));
#3852 = CARTESIAN_POINT('',(87.016755032563,54.,73.736495038446));
#3853 = CARTESIAN_POINT('',(86.623724925075,53.,73.191768454234));
#3854 = CARTESIAN_POINT('',(86.623724925075,54.,73.191768454234));
#3855 = CARTESIAN_POINT('',(86.559379556626,53.,72.520551887613));
#3856 = CARTESIAN_POINT('',(86.559379556626,54.,72.520551887613));
#3857 = CARTESIAN_POINT('',(86.524504869343,53.,72.156757749438));
#3858 = CARTESIAN_POINT('',(86.524504869343,54.,72.156757749438));
#3859 = ADVANCED_FACE('',(#3860),#3889,.T.);
#3860 = FACE_BOUND('',#3861,.T.);
#3861 = EDGE_LOOP('',(#3862,#3872,#3873,#3883));
#3862 = ORIENTED_EDGE('',*,*,#3863,.F.);
#3863 = EDGE_CURVE('',#3823,#3864,#3866,.T.);
#3864 = VERTEX_POINT('',#3865);
#3865 = CARTESIAN_POINT('',(88.710032493605,53.,74.622884397189));
#3866 = B_SPLINE_CURVE_WITH_KNOTS('',3,(#3867,#3868,#3869,#3870,#3871),
  .UNSPECIFIED.,.F.,.F.,(4,1,4),(0.,8.316682478436E-02,0.167884078798),
  .UNSPECIFIED.);
#3867 = CARTESIAN_POINT('',(87.196765890615,53.,73.985984067301));
#3868 = CARTESIAN_POINT('',(87.412701589052,53.,74.171366778221));
#3869 = CARTESIAN_POINT('',(87.84859854563,53.,74.545588178745));
#3870 = CARTESIAN_POINT('',(88.421125393336,53.,74.596960846829));
#3871 = CARTESIAN_POINT('',(88.710032493605,53.,74.622884397189));
#3872 = ORIENTED_EDGE('',*,*,#3843,.T.);
#3873 = ORIENTED_EDGE('',*,*,#3874,.F.);
#3874 = EDGE_CURVE('',#3875,#3834,#3877,.T.);
#3875 = VERTEX_POINT('',#3876);
#3876 = CARTESIAN_POINT('',(88.710032493605,54.,74.622884397189));
#3877 = B_SPLINE_CURVE_WITH_KNOTS('',3,(#3878,#3879,#3880,#3881,#3882),
  .UNSPECIFIED.,.F.,.F.,(4,1,4),(-0.167884078798,-8.316682478436E-02,0.)
  ,.UNSPECIFIED.);
#3878 = CARTESIAN_POINT('',(88.710032493605,54.,74.622884397189));
#3879 = CARTESIAN_POINT('',(88.421125393336,54.,74.596960846829));
#3880 = CARTESIAN_POINT('',(87.84859854563,54.,74.545588178745));
#3881 = CARTESIAN_POINT('',(87.412701589052,54.,74.171366778221));
#3882 = CARTESIAN_POINT('',(87.196765890615,54.,73.985984067301));
#3883 = ORIENTED_EDGE('',*,*,#3884,.F.);
#3884 = EDGE_CURVE('',#3864,#3875,#3885,.T.);
#3885 = LINE('',#3886,#3887);
#3886 = CARTESIAN_POINT('',(88.710032493605,53.,74.622884397189));
#3887 = VECTOR('',#3888,1.);
#3888 = DIRECTION('',(0.,1.,0.));
#3889 = B_SPLINE_SURFACE_WITH_KNOTS('',3,1,(
    (#3890,#3891)
    ,(#3892,#3893)
    ,(#3894,#3895)
    ,(#3896,#3897)
    ,(#3898,#3899
    )),.UNSPECIFIED.,.F.,.F.,.F.,(4,1,4),(2,2),(-0.167884078798,
    -8.316682478436E-02,0.),(0.,1.E-01),.UNSPECIFIED.);
#3890 = CARTESIAN_POINT('',(88.710032493605,53.,74.622884397189));
#3891 = CARTESIAN_POINT('',(88.710032493605,54.,74.622884397189));
#3892 = CARTESIAN_POINT('',(88.421125393336,53.,74.596960846829));
#3893 = CARTESIAN_POINT('',(88.421125393336,54.,74.596960846829));
#3894 = CARTESIAN_POINT('',(87.84859854563,53.,74.545588178745));
#3895 = CARTESIAN_POINT('',(87.84859854563,54.,74.545588178745));
#3896 = CARTESIAN_POINT('',(87.412701589052,53.,74.171366778221));
#3897 = CARTESIAN_POINT('',(87.412701589052,54.,74.171366778221));
#3898 = CARTESIAN_POINT('',(87.196765890615,53.,73.985984067301));
#3899 = CARTESIAN_POINT('',(87.196765890615,54.,73.985984067301));
#3900 = ADVANCED_FACE('',(#3901),#3930,.T.);
#3901 = FACE_BOUND('',#3902,.T.);
#3902 = EDGE_LOOP('',(#3903,#3913,#3914,#3924));
#3903 = ORIENTED_EDGE('',*,*,#3904,.F.);
#3904 = EDGE_CURVE('',#3864,#3905,#3907,.T.);
#3905 = VERTEX_POINT('',#3906);
#3906 = CARTESIAN_POINT('',(89.863418338346,53.,74.270097413324));
#3907 = B_SPLINE_CURVE_WITH_KNOTS('',3,(#3908,#3909,#3910,#3911,#3912),
  .UNSPECIFIED.,.F.,.F.,(4,1,4),(0.,6.321046859971E-02,0.122239361199),
  .UNSPECIFIED.);
#3908 = CARTESIAN_POINT('',(88.710032493605,53.,74.622884397189));
#3909 = CARTESIAN_POINT('',(88.923978488593,53.,74.610590647896));
#3910 = CARTESIAN_POINT('',(89.337717262216,53.,74.586816420403));
#3911 = CARTESIAN_POINT('',(89.692227014371,53.,74.373235011118));
#3912 = CARTESIAN_POINT('',(89.863418338346,53.,74.270097413324));
#3913 = ORIENTED_EDGE('',*,*,#3884,.T.);
#3914 = ORIENTED_EDGE('',*,*,#3915,.F.);
#3915 = EDGE_CURVE('',#3916,#3875,#3918,.T.);
#3916 = VERTEX_POINT('',#3917);
#3917 = CARTESIAN_POINT('',(89.863418338346,54.,74.270097413324));
#3918 = B_SPLINE_CURVE_WITH_KNOTS('',3,(#3919,#3920,#3921,#3922,#3923),
  .UNSPECIFIED.,.F.,.F.,(4,1,4),(-0.122239361199,-6.321046859971E-02,0.)
  ,.UNSPECIFIED.);
#3919 = CARTESIAN_POINT('',(89.863418338346,54.,74.270097413324));
#3920 = CARTESIAN_POINT('',(89.692227014371,54.,74.373235011118));
#3921 = CARTESIAN_POINT('',(89.337717262216,54.,74.586816420403));
#3922 = CARTESIAN_POINT('',(88.923978488593,54.,74.610590647896));
#3923 = CARTESIAN_POINT('',(88.710032493605,54.,74.622884397189));
#3924 = ORIENTED_EDGE('',*,*,#3925,.F.);
#3925 = EDGE_CURVE('',#3905,#3916,#3926,.T.);
#3926 = LINE('',#3927,#3928);
#3927 = CARTESIAN_POINT('',(89.863418338346,53.,74.270097413324));
#3928 = VECTOR('',#3929,1.);
#3929 = DIRECTION('',(0.,1.,0.));
#3930 = B_SPLINE_SURFACE_WITH_KNOTS('',3,1,(
    (#3931,#3932)
    ,(#3933,#3934)
    ,(#3935,#3936)
    ,(#3937,#3938)
    ,(#3939,#3940
    )),.UNSPECIFIED.,.F.,.F.,.F.,(4,1,4),(2,2),(-0.122239361199,
    -6.321046859971E-02,0.),(0.,1.E-01),.UNSPECIFIED.);
#3931 = CARTESIAN_POINT('',(89.863418338346,53.,74.270097413324));
#3932 = CARTESIAN_POINT('',(89.863418338346,54.,74.270097413324));
#3933 = CARTESIAN_POINT('',(89.692227014371,53.,74.373235011118));
#3934 = CARTESIAN_POINT('',(89.692227014371,54.,74.373235011118));
#3935 = CARTESIAN_POINT('',(89.337717262216,53.,74.586816420403));
#3936 = CARTESIAN_POINT('',(89.337717262216,54.,74.586816420403));
#3937 = CARTESIAN_POINT('',(88.923978488593,53.,74.610590647896));
#3938 = CARTESIAN_POINT('',(88.923978488593,54.,74.610590647896));
#3939 = CARTESIAN_POINT('',(88.710032493605,53.,74.622884397189));
#3940 = CARTESIAN_POINT('',(88.710032493605,54.,74.622884397189));
#3941 = ADVANCED_FACE('',(#3942),#3962,.T.);
#3942 = FACE_BOUND('',#3943,.T.);
#3943 = EDGE_LOOP('',(#3944,#3952,#3953,#3961));
#3944 = ORIENTED_EDGE('',*,*,#3945,.F.);
#3945 = EDGE_CURVE('',#3905,#3383,#3946,.T.);
#3946 = B_SPLINE_CURVE_WITH_KNOTS('',3,(#3947,#3948,#3949,#3950,#3951),
  .UNSPECIFIED.,.F.,.F.,(4,1,4),(0.,6.286635437232E-02,0.137683941819),
  .UNSPECIFIED.);
#3947 = CARTESIAN_POINT('',(89.863418338346,53.,74.270097413324));
#3948 = CARTESIAN_POINT('',(90.017867987921,53.,74.124800136095));
#3949 = CARTESIAN_POINT('',(90.356128998573,53.,73.806583785485));
#3950 = CARTESIAN_POINT('',(90.528692168633,53.,73.374060295737));
#3951 = CARTESIAN_POINT('',(90.622463162516,53.,73.139026612146));
#3952 = ORIENTED_EDGE('',*,*,#3925,.T.);
#3953 = ORIENTED_EDGE('',*,*,#3954,.F.);
#3954 = EDGE_CURVE('',#3393,#3916,#3955,.T.);
#3955 = B_SPLINE_CURVE_WITH_KNOTS('',3,(#3956,#3957,#3958,#3959,#3960),
  .UNSPECIFIED.,.F.,.F.,(4,1,4),(-0.137683941819,-6.286635437232E-02,0.)
  ,.UNSPECIFIED.);
#3956 = CARTESIAN_POINT('',(90.622463162516,54.,73.139026612146));
#3957 = CARTESIAN_POINT('',(90.528692168633,54.,73.374060295737));
#3958 = CARTESIAN_POINT('',(90.356128998573,54.,73.806583785485));
#3959 = CARTESIAN_POINT('',(90.017867987921,54.,74.124800136095));
#3960 = CARTESIAN_POINT('',(89.863418338346,54.,74.270097413324));
#3961 = ORIENTED_EDGE('',*,*,#3392,.F.);
#3962 = B_SPLINE_SURFACE_WITH_KNOTS('',3,1,(
    (#3963,#3964)
    ,(#3965,#3966)
    ,(#3967,#3968)
    ,(#3969,#3970)
    ,(#3971,#3972
    )),.UNSPECIFIED.,.F.,.F.,.F.,(4,1,4),(2,2),(-0.137683941819,
    -6.286635437232E-02,0.),(0.,1.E-01),.UNSPECIFIED.);
#3963 = CARTESIAN_POINT('',(90.622463162516,53.,73.139026612146));
#3964 = CARTESIAN_POINT('',(90.622463162516,54.,73.139026612146));
#3965 = CARTESIAN_POINT('',(90.528692168633,53.,73.374060295737));
#3966 = CARTESIAN_POINT('',(90.528692168633,54.,73.374060295737));
#3967 = CARTESIAN_POINT('',(90.356128998573,53.,73.806583785485));
#3968 = CARTESIAN_POINT('',(90.356128998573,54.,73.806583785485));
#3969 = CARTESIAN_POINT('',(90.017867987921,53.,74.124800136095));
#3970 = CARTESIAN_POINT('',(90.017867987921,54.,74.124800136095));
#3971 = CARTESIAN_POINT('',(89.863418338346,53.,74.270097413324));
#3972 = CARTESIAN_POINT('',(89.863418338346,54.,74.270097413324));
#3973 = ADVANCED_FACE('',(#3974,#3991),#3998,.T.);
#3974 = FACE_BOUND('',#3975,.T.);
#3975 = EDGE_LOOP('',(#3976,#3977,#3978,#3979,#3980,#3981,#3982,#3983,
    #3984,#3985,#3986,#3987,#3988,#3989,#3990));
#3976 = ORIENTED_EDGE('',*,*,#3954,.T.);
#3977 = ORIENTED_EDGE('',*,*,#3915,.T.);
#3978 = ORIENTED_EDGE('',*,*,#3874,.T.);
#3979 = ORIENTED_EDGE('',*,*,#3833,.T.);
#3980 = ORIENTED_EDGE('',*,*,#3800,.T.);
#3981 = ORIENTED_EDGE('',*,*,#3761,.T.);
#3982 = ORIENTED_EDGE('',*,*,#3720,.T.);
#3983 = ORIENTED_EDGE('',*,*,#3679,.T.);
#3984 = ORIENTED_EDGE('',*,*,#3638,.T.);
#3985 = ORIENTED_EDGE('',*,*,#3597,.T.);
#3986 = ORIENTED_EDGE('',*,*,#3556,.T.);
#3987 = ORIENTED_EDGE('',*,*,#3515,.T.);
#3988 = ORIENTED_EDGE('',*,*,#3474,.T.);
#3989 = ORIENTED_EDGE('',*,*,#3433,.T.);
#3990 = ORIENTED_EDGE('',*,*,#3400,.T.);
#3991 = FACE_BOUND('',#3992,.T.);
#3992 = EDGE_LOOP('',(#3993,#3994,#3995,#3996,#3997));
#3993 = ORIENTED_EDGE('',*,*,#3359,.T.);
#3994 = ORIENTED_EDGE('',*,*,#3320,.T.);
#3995 = ORIENTED_EDGE('',*,*,#3279,.T.);
#3996 = ORIENTED_EDGE('',*,*,#3238,.T.);
#3997 = ORIENTED_EDGE('',*,*,#3205,.T.);
#3998 = PLANE('',#3999);
#3999 = AXIS2_PLACEMENT_3D('',#4000,#4001,#4002);
#4000 = CARTESIAN_POINT('',(70.398423006811,54.,71.860650462761));
#4001 = DIRECTION('',(0.,1.,0.));
#4002 = DIRECTION('',(-1.,0.,0.));
#4003 = ADVANCED_FACE('',(#4004),#4011,.T.);
#4004 = FACE_BOUND('',#4005,.T.);
#4005 = EDGE_LOOP('',(#4006,#4007,#4008,#4009,#4010));
#4006 = ORIENTED_EDGE('',*,*,#3187,.T.);
#4007 = ORIENTED_EDGE('',*,*,#3227,.T.);
#4008 = ORIENTED_EDGE('',*,*,#3268,.T.);
#4009 = ORIENTED_EDGE('',*,*,#3309,.T.);
#4010 = ORIENTED_EDGE('',*,*,#3350,.T.);
#4011 = PLANE('',#4012);
#4012 = AXIS2_PLACEMENT_3D('',#4013,#4014,#4015);
#4013 = CARTESIAN_POINT('',(68.011056724889,53.,72.889170637168));
#4014 = DIRECTION('',(0.,1.,0.));
#4015 = DIRECTION('',(-1.,0.,0.));
#4016 = ADVANCED_FACE('',(#4017),#4051,.T.);
#4017 = FACE_BOUND('',#4018,.T.);
#4018 = EDGE_LOOP('',(#4019,#4029,#4037,#4045));
#4019 = ORIENTED_EDGE('',*,*,#4020,.F.);
#4020 = EDGE_CURVE('',#4021,#4023,#4025,.T.);
#4021 = VERTEX_POINT('',#4022);
#4022 = CARTESIAN_POINT('',(100.63903014858,53.,75.488589876318));
#4023 = VERTEX_POINT('',#4024);
#4024 = CARTESIAN_POINT('',(100.6556832607,53.,65.488603742635));
#4025 = LINE('',#4026,#4027);
#4026 = CARTESIAN_POINT('',(100.64947587969,53.,69.216058621648));
#4027 = VECTOR('',#4028,1.);
#4028 = DIRECTION('',(1.665311211989E-03,0.,-0.999998613368));
#4029 = ORIENTED_EDGE('',*,*,#4030,.T.);
#4030 = EDGE_CURVE('',#4021,#4031,#4033,.T.);
#4031 = VERTEX_POINT('',#4032);
#4032 = CARTESIAN_POINT('',(100.63903014858,54.,75.488589876318));
#4033 = LINE('',#4034,#4035);
#4034 = CARTESIAN_POINT('',(100.63903014858,53.,75.488589876318));
#4035 = VECTOR('',#4036,1.);
#4036 = DIRECTION('',(0.,1.,0.));
#4037 = ORIENTED_EDGE('',*,*,#4038,.F.);
#4038 = EDGE_CURVE('',#4039,#4031,#4041,.T.);
#4039 = VERTEX_POINT('',#4040);
#4040 = CARTESIAN_POINT('',(100.6556832607,54.,65.488603742635));
#4041 = LINE('',#4042,#4043);
#4042 = CARTESIAN_POINT('',(100.63903014858,54.,75.488589876318));
#4043 = VECTOR('',#4044,1.);
#4044 = DIRECTION('',(-1.665311211989E-03,0.,0.999998613368));
#4045 = ORIENTED_EDGE('',*,*,#4046,.F.);
#4046 = EDGE_CURVE('',#4023,#4039,#4047,.T.);
#4047 = LINE('',#4048,#4049);
#4048 = CARTESIAN_POINT('',(100.6556832607,53.,65.488603742635));
#4049 = VECTOR('',#4050,1.);
#4050 = DIRECTION('',(0.,1.,0.));
#4051 = PLANE('',#4052);
#4052 = AXIS2_PLACEMENT_3D('',#4053,#4054,#4055);
#4053 = CARTESIAN_POINT('',(100.6556832607,53.,65.488603742635));
#4054 = DIRECTION('',(-0.999998613368,0.,-1.665311211989E-03));
#4055 = DIRECTION('',(-1.665311211989E-03,0.,0.999998613368));
#4056 = ADVANCED_FACE('',(#4057),#4082,.T.);
#4057 = FACE_BOUND('',#4058,.T.);
#4058 = EDGE_LOOP('',(#4059,#4067,#4068,#4076));
#4059 = ORIENTED_EDGE('',*,*,#4060,.F.);
#4060 = EDGE_CURVE('',#4023,#4061,#4063,.T.);
#4061 = VERTEX_POINT('',#4062);
#4062 = CARTESIAN_POINT('',(107.40191833669,53.,65.499838339124));
#4063 = LINE('',#4064,#4065);
#4064 = CARTESIAN_POINT('',(87.712694911801,53.,65.467049609133));
#4065 = VECTOR('',#4066,1.);
#4066 = DIRECTION('',(0.999998613368,0.,1.665311211986E-03));
#4067 = ORIENTED_EDGE('',*,*,#4046,.T.);
#4068 = ORIENTED_EDGE('',*,*,#4069,.F.);
#4069 = EDGE_CURVE('',#4070,#4039,#4072,.T.);
#4070 = VERTEX_POINT('',#4071);
#4071 = CARTESIAN_POINT('',(107.40191833669,54.,65.499838339124));
#4072 = LINE('',#4073,#4074);
#4073 = CARTESIAN_POINT('',(100.6556832607,54.,65.488603742635));
#4074 = VECTOR('',#4075,1.);
#4075 = DIRECTION('',(-0.999998613368,0.,-1.665311211986E-03));
#4076 = ORIENTED_EDGE('',*,*,#4077,.F.);
#4077 = EDGE_CURVE('',#4061,#4070,#4078,.T.);
#4078 = LINE('',#4079,#4080);
#4079 = CARTESIAN_POINT('',(107.40191833669,53.,65.499838339124));
#4080 = VECTOR('',#4081,1.);
#4081 = DIRECTION('',(0.,1.,0.));
#4082 = PLANE('',#4083);
#4083 = AXIS2_PLACEMENT_3D('',#4084,#4085,#4086);
#4084 = CARTESIAN_POINT('',(107.40191833669,53.,65.499838339124));
#4085 = DIRECTION('',(1.665311211986E-03,0.,-0.999998613368));
#4086 = DIRECTION('',(-0.999998613368,0.,-1.665311211986E-03));
#4087 = ADVANCED_FACE('',(#4088),#4113,.T.);
#4088 = FACE_BOUND('',#4089,.T.);
#4089 = EDGE_LOOP('',(#4090,#4098,#4099,#4107));
#4090 = ORIENTED_EDGE('',*,*,#4091,.F.);
#4091 = EDGE_CURVE('',#4061,#4092,#4094,.T.);
#4092 = VERTEX_POINT('',#4093);
#4093 = CARTESIAN_POINT('',(107.39995313296,53.,66.679918666324));
#4094 = LINE('',#4095,#4096);
#4095 = CARTESIAN_POINT('',(107.39472835382,53.,69.817333381736));
#4096 = VECTOR('',#4097,1.);
#4097 = DIRECTION('',(-1.665311211985E-03,0.,0.999998613368));
#4098 = ORIENTED_EDGE('',*,*,#4077,.T.);
#4099 = ORIENTED_EDGE('',*,*,#4100,.F.);
#4100 = EDGE_CURVE('',#4101,#4070,#4103,.T.);
#4101 = VERTEX_POINT('',#4102);
#4102 = CARTESIAN_POINT('',(107.39995313296,54.,66.679918666324));
#4103 = LINE('',#4104,#4105);
#4104 = CARTESIAN_POINT('',(107.40191833669,54.,65.499838339124));
#4105 = VECTOR('',#4106,1.);
#4106 = DIRECTION('',(1.665311211985E-03,0.,-0.999998613368));
#4107 = ORIENTED_EDGE('',*,*,#4108,.F.);
#4108 = EDGE_CURVE('',#4092,#4101,#4109,.T.);
#4109 = LINE('',#4110,#4111);
#4110 = CARTESIAN_POINT('',(107.39995313296,53.,66.679918666324));
#4111 = VECTOR('',#4112,1.);
#4112 = DIRECTION('',(0.,1.,0.));
#4113 = PLANE('',#4114);
#4114 = AXIS2_PLACEMENT_3D('',#4115,#4116,#4117);
#4115 = CARTESIAN_POINT('',(107.39995313296,53.,66.679918666324));
#4116 = DIRECTION('',(0.999998613368,0.,1.665311211985E-03));
#4117 = DIRECTION('',(1.665311211985E-03,0.,-0.999998613368));
#4118 = ADVANCED_FACE('',(#4119),#4144,.T.);
#4119 = FACE_BOUND('',#4120,.T.);
#4120 = EDGE_LOOP('',(#4121,#4129,#4130,#4138));
#4121 = ORIENTED_EDGE('',*,*,#4122,.F.);
#4122 = EDGE_CURVE('',#4092,#4123,#4125,.T.);
#4123 = VERTEX_POINT('',#4124);
#4124 = CARTESIAN_POINT('',(101.9770442402,53.,66.670887822821));
#4125 = LINE('',#4126,#4127);
#4126 = CARTESIAN_POINT('',(84.999275261693,53.,66.642614514581));
#4127 = VECTOR('',#4128,1.);
#4128 = DIRECTION('',(-0.999998613368,0.,-1.665311211987E-03));
#4129 = ORIENTED_EDGE('',*,*,#4108,.T.);
#4130 = ORIENTED_EDGE('',*,*,#4131,.F.);
#4131 = EDGE_CURVE('',#4132,#4101,#4134,.T.);
#4132 = VERTEX_POINT('',#4133);
#4133 = CARTESIAN_POINT('',(101.9770442402,54.,66.670887822821));
#4134 = LINE('',#4135,#4136);
#4135 = CARTESIAN_POINT('',(107.39995313296,54.,66.679918666324));
#4136 = VECTOR('',#4137,1.);
#4137 = DIRECTION('',(0.999998613368,0.,1.665311211987E-03));
#4138 = ORIENTED_EDGE('',*,*,#4139,.F.);
#4139 = EDGE_CURVE('',#4123,#4132,#4140,.T.);
#4140 = LINE('',#4141,#4142);
#4141 = CARTESIAN_POINT('',(101.9770442402,53.,66.670887822821));
#4142 = VECTOR('',#4143,1.);
#4143 = DIRECTION('',(0.,1.,0.));
#4144 = PLANE('',#4145);
#4145 = AXIS2_PLACEMENT_3D('',#4146,#4147,#4148);
#4146 = CARTESIAN_POINT('',(101.9770442402,53.,66.670887822821));
#4147 = DIRECTION('',(-1.665311211987E-03,0.,0.999998613368));
#4148 = DIRECTION('',(0.999998613368,0.,1.665311211987E-03));
#4149 = ADVANCED_FACE('',(#4150),#4175,.T.);
#4150 = FACE_BOUND('',#4151,.T.);
#4151 = EDGE_LOOP('',(#4152,#4160,#4161,#4169));
#4152 = ORIENTED_EDGE('',*,*,#4153,.F.);
#4153 = EDGE_CURVE('',#4123,#4154,#4156,.T.);
#4154 = VERTEX_POINT('',#4155);
#4155 = CARTESIAN_POINT('',(101.97188700146,53.,69.767745367908));
#4156 = LINE('',#4157,#4158);
#4157 = CARTESIAN_POINT('',(101.96924084168,53.,71.356731310777));
#4158 = VECTOR('',#4159,1.);
#4159 = DIRECTION('',(-1.665311211989E-03,0.,0.999998613368));
#4160 = ORIENTED_EDGE('',*,*,#4139,.T.);
#4161 = ORIENTED_EDGE('',*,*,#4162,.F.);
#4162 = EDGE_CURVE('',#4163,#4132,#4165,.T.);
#4163 = VERTEX_POINT('',#4164);
#4164 = CARTESIAN_POINT('',(101.97188700146,54.,69.767745367908));
#4165 = LINE('',#4166,#4167);
#4166 = CARTESIAN_POINT('',(101.9770442402,54.,66.670887822821));
#4167 = VECTOR('',#4168,1.);
#4168 = DIRECTION('',(1.665311211989E-03,0.,-0.999998613368));
#4169 = ORIENTED_EDGE('',*,*,#4170,.F.);
#4170 = EDGE_CURVE('',#4154,#4163,#4171,.T.);
#4171 = LINE('',#4172,#4173);
#4172 = CARTESIAN_POINT('',(101.97188700146,53.,69.767745367908));
#4173 = VECTOR('',#4174,1.);
#4174 = DIRECTION('',(0.,1.,0.));
#4175 = PLANE('',#4176);
#4176 = AXIS2_PLACEMENT_3D('',#4177,#4178,#4179);
#4177 = CARTESIAN_POINT('',(101.97188700146,53.,69.767745367908));
#4178 = DIRECTION('',(0.999998613368,0.,1.665311211989E-03));
#4179 = DIRECTION('',(1.665311211989E-03,0.,-0.999998613368));
#4180 = ADVANCED_FACE('',(#4181),#4206,.T.);
#4181 = FACE_BOUND('',#4182,.T.);
#4182 = EDGE_LOOP('',(#4183,#4191,#4192,#4200));
#4183 = ORIENTED_EDGE('',*,*,#4184,.F.);
#4184 = EDGE_CURVE('',#4154,#4185,#4187,.T.);
#4185 = VERTEX_POINT('',#4186);
#4186 = CARTESIAN_POINT('',(106.66492134171,53.,69.77556074145));
#4187 = LINE('',#4188,#4189);
#4188 = CARTESIAN_POINT('',(87.34063519308,53.,69.74337974644));
#4189 = VECTOR('',#4190,1.);
#4190 = DIRECTION('',(0.999998613368,0.,1.665311211987E-03));
#4191 = ORIENTED_EDGE('',*,*,#4170,.T.);
#4192 = ORIENTED_EDGE('',*,*,#4193,.F.);
#4193 = EDGE_CURVE('',#4194,#4163,#4196,.T.);
#4194 = VERTEX_POINT('',#4195);
#4195 = CARTESIAN_POINT('',(106.66492134171,54.,69.77556074145));
#4196 = LINE('',#4197,#4198);
#4197 = CARTESIAN_POINT('',(101.97188700146,54.,69.767745367908));
#4198 = VECTOR('',#4199,1.);
#4199 = DIRECTION('',(-0.999998613368,0.,-1.665311211987E-03));
#4200 = ORIENTED_EDGE('',*,*,#4201,.F.);
#4201 = EDGE_CURVE('',#4185,#4194,#4202,.T.);
#4202 = LINE('',#4203,#4204);
#4203 = CARTESIAN_POINT('',(106.66492134171,53.,69.77556074145));
#4204 = VECTOR('',#4205,1.);
#4205 = DIRECTION('',(0.,1.,0.));
#4206 = PLANE('',#4207);
#4207 = AXIS2_PLACEMENT_3D('',#4208,#4209,#4210);
#4208 = CARTESIAN_POINT('',(106.66492134171,53.,69.77556074145));
#4209 = DIRECTION('',(1.665311211987E-03,0.,-0.999998613368));
#4210 = DIRECTION('',(-0.999998613368,0.,-1.665311211987E-03));
#4211 = ADVANCED_FACE('',(#4212),#4237,.T.);
#4212 = FACE_BOUND('',#4213,.T.);
#4213 = EDGE_LOOP('',(#4214,#4222,#4223,#4231));
#4214 = ORIENTED_EDGE('',*,*,#4215,.F.);
#4215 = EDGE_CURVE('',#4185,#4216,#4218,.T.);
#4216 = VERTEX_POINT('',#4217);
#4217 = CARTESIAN_POINT('',(106.66295613799,53.,70.955641068651));
#4218 = LINE('',#4219,#4220);
#4219 = CARTESIAN_POINT('',(106.66129258008,53.,71.954586847919));
#4220 = VECTOR('',#4221,1.);
#4221 = DIRECTION('',(-1.665311211985E-03,0.,0.999998613368));
#4222 = ORIENTED_EDGE('',*,*,#4201,.T.);
#4223 = ORIENTED_EDGE('',*,*,#4224,.F.);
#4224 = EDGE_CURVE('',#4225,#4194,#4227,.T.);
#4225 = VERTEX_POINT('',#4226);
#4226 = CARTESIAN_POINT('',(106.66295613799,54.,70.955641068651));
#4227 = LINE('',#4228,#4229);
#4228 = CARTESIAN_POINT('',(106.66492134171,54.,69.77556074145));
#4229 = VECTOR('',#4230,1.);
#4230 = DIRECTION('',(1.665311211985E-03,0.,-0.999998613368));
#4231 = ORIENTED_EDGE('',*,*,#4232,.F.);
#4232 = EDGE_CURVE('',#4216,#4225,#4233,.T.);
#4233 = LINE('',#4234,#4235);
#4234 = CARTESIAN_POINT('',(106.66295613799,53.,70.955641068651));
#4235 = VECTOR('',#4236,1.);
#4236 = DIRECTION('',(0.,1.,0.));
#4237 = PLANE('',#4238);
#4238 = AXIS2_PLACEMENT_3D('',#4239,#4240,#4241);
#4239 = CARTESIAN_POINT('',(106.66295613799,53.,70.955641068651));
#4240 = DIRECTION('',(0.999998613368,0.,1.665311211985E-03));
#4241 = DIRECTION('',(1.665311211985E-03,0.,-0.999998613368));
#4242 = ADVANCED_FACE('',(#4243),#4268,.T.);
#4243 = FACE_BOUND('',#4244,.T.);
#4244 = EDGE_LOOP('',(#4245,#4253,#4254,#4262));
#4245 = ORIENTED_EDGE('',*,*,#4246,.F.);
#4246 = EDGE_CURVE('',#4216,#4247,#4249,.T.);
#4247 = VERTEX_POINT('',#4248);
#4248 = CARTESIAN_POINT('',(101.96992179773,53.,70.947825695108));
#4249 = LINE('',#4250,#4251);
#4250 = CARTESIAN_POINT('',(84.992152819225,53.,70.919552386869));
#4251 = VECTOR('',#4252,1.);
#4252 = DIRECTION('',(-0.999998613368,0.,-1.665311211987E-03));
#4253 = ORIENTED_EDGE('',*,*,#4232,.T.);
#4254 = ORIENTED_EDGE('',*,*,#4255,.F.);
#4255 = EDGE_CURVE('',#4256,#4225,#4258,.T.);
#4256 = VERTEX_POINT('',#4257);
#4257 = CARTESIAN_POINT('',(101.96992179773,54.,70.947825695108));
#4258 = LINE('',#4259,#4260);
#4259 = CARTESIAN_POINT('',(106.66295613799,54.,70.95564106865));
#4260 = VECTOR('',#4261,1.);
#4261 = DIRECTION('',(0.999998613368,0.,1.665311211987E-03));
#4262 = ORIENTED_EDGE('',*,*,#4263,.F.);
#4263 = EDGE_CURVE('',#4247,#4256,#4264,.T.);
#4264 = LINE('',#4265,#4266);
#4265 = CARTESIAN_POINT('',(101.96992179773,53.,70.947825695108));
#4266 = VECTOR('',#4267,1.);
#4267 = DIRECTION('',(0.,1.,0.));
#4268 = PLANE('',#4269);
#4269 = AXIS2_PLACEMENT_3D('',#4270,#4271,#4272);
#4270 = CARTESIAN_POINT('',(101.96992179773,53.,70.947825695108));
#4271 = DIRECTION('',(-1.665311211987E-03,0.,0.999998613368));
#4272 = DIRECTION('',(0.999998613368,0.,1.665311211987E-03));
#4273 = ADVANCED_FACE('',(#4274),#4299,.T.);
#4274 = FACE_BOUND('',#4275,.T.);
#4275 = EDGE_LOOP('',(#4276,#4284,#4285,#4293));
#4276 = ORIENTED_EDGE('',*,*,#4277,.F.);
#4277 = EDGE_CURVE('',#4247,#4278,#4280,.T.);
#4278 = VERTEX_POINT('',#4279);
#4279 = CARTESIAN_POINT('',(101.9623563318,53.,75.490793629304));
#4280 = LINE('',#4281,#4282);
#4281 = CARTESIAN_POINT('',(101.96447550685,53.,74.218255441475));
#4282 = VECTOR('',#4283,1.);
#4283 = DIRECTION('',(-1.665311211987E-03,0.,0.999998613368));
#4284 = ORIENTED_EDGE('',*,*,#4263,.T.);
#4285 = ORIENTED_EDGE('',*,*,#4286,.F.);
#4286 = EDGE_CURVE('',#4287,#4256,#4289,.T.);
#4287 = VERTEX_POINT('',#4288);
#4288 = CARTESIAN_POINT('',(101.9623563318,54.,75.490793629304));
#4289 = LINE('',#4290,#4291);
#4290 = CARTESIAN_POINT('',(101.96992179773,54.,70.947825695108));
#4291 = VECTOR('',#4292,1.);
#4292 = DIRECTION('',(1.665311211987E-03,0.,-0.999998613368));
#4293 = ORIENTED_EDGE('',*,*,#4294,.F.);
#4294 = EDGE_CURVE('',#4278,#4287,#4295,.T.);
#4295 = LINE('',#4296,#4297);
#4296 = CARTESIAN_POINT('',(101.9623563318,53.,75.490793629304));
#4297 = VECTOR('',#4298,1.);
#4298 = DIRECTION('',(0.,1.,0.));
#4299 = PLANE('',#4300);
#4300 = AXIS2_PLACEMENT_3D('',#4301,#4302,#4303);
#4301 = CARTESIAN_POINT('',(101.9623563318,53.,75.490793629304));
#4302 = DIRECTION('',(0.999998613368,0.,1.665311211987E-03));
#4303 = DIRECTION('',(1.665311211987E-03,0.,-0.999998613368));
#4304 = ADVANCED_FACE('',(#4305),#4321,.T.);
#4305 = FACE_BOUND('',#4306,.T.);
#4306 = EDGE_LOOP('',(#4307,#4313,#4314,#4320));
#4307 = ORIENTED_EDGE('',*,*,#4308,.F.);
#4308 = EDGE_CURVE('',#4278,#4021,#4309,.T.);
#4309 = LINE('',#4310,#4311);
#4310 = CARTESIAN_POINT('',(84.322924261688,53.,75.461418444572));
#4311 = VECTOR('',#4312,1.);
#4312 = DIRECTION('',(-0.999998613368,0.,-1.665311211983E-03));
#4313 = ORIENTED_EDGE('',*,*,#4294,.T.);
#4314 = ORIENTED_EDGE('',*,*,#4315,.F.);
#4315 = EDGE_CURVE('',#4031,#4287,#4316,.T.);
#4316 = LINE('',#4317,#4318);
#4317 = CARTESIAN_POINT('',(101.9623563318,54.,75.490793629304));
#4318 = VECTOR('',#4319,1.);
#4319 = DIRECTION('',(0.999998613368,0.,1.665311211983E-03));
#4320 = ORIENTED_EDGE('',*,*,#4030,.F.);
#4321 = PLANE('',#4322);
#4322 = AXIS2_PLACEMENT_3D('',#4323,#4324,#4325);
#4323 = CARTESIAN_POINT('',(100.63903014858,53.,75.488589876318));
#4324 = DIRECTION('',(-1.665311211983E-03,0.,0.999998613368));
#4325 = DIRECTION('',(0.999998613368,0.,1.665311211983E-03));
#4326 = ADVANCED_FACE('',(#4327),#4339,.T.);
#4327 = FACE_BOUND('',#4328,.T.);
#4328 = EDGE_LOOP('',(#4329,#4330,#4331,#4332,#4333,#4334,#4335,#4336,
    #4337,#4338));
#4329 = ORIENTED_EDGE('',*,*,#4315,.T.);
#4330 = ORIENTED_EDGE('',*,*,#4286,.T.);
#4331 = ORIENTED_EDGE('',*,*,#4255,.T.);
#4332 = ORIENTED_EDGE('',*,*,#4224,.T.);
#4333 = ORIENTED_EDGE('',*,*,#4193,.T.);
#4334 = ORIENTED_EDGE('',*,*,#4162,.T.);
#4335 = ORIENTED_EDGE('',*,*,#4131,.T.);
#4336 = ORIENTED_EDGE('',*,*,#4100,.T.);
#4337 = ORIENTED_EDGE('',*,*,#4069,.T.);
#4338 = ORIENTED_EDGE('',*,*,#4038,.T.);
#4339 = PLANE('',#4340);
#4340 = AXIS2_PLACEMENT_3D('',#4341,#4342,#4343);
#4341 = CARTESIAN_POINT('',(70.398423006811,54.,71.860650462761));
#4342 = DIRECTION('',(0.,1.,0.));
#4343 = DIRECTION('',(0.,-0.,1.));
#4344 = ADVANCED_FACE('',(#4345),#4379,.T.);
#4345 = FACE_BOUND('',#4346,.T.);
#4346 = EDGE_LOOP('',(#4347,#4357,#4365,#4373));
#4347 = ORIENTED_EDGE('',*,*,#4348,.F.);
#4348 = EDGE_CURVE('',#4349,#4351,#4353,.T.);
#4349 = VERTEX_POINT('',#4350);
#4350 = CARTESIAN_POINT('',(113.69493741409,53.,75.510332055218));
#4351 = VERTEX_POINT('',#4352);
#4352 = CARTESIAN_POINT('',(113.69670950594,53.,74.446212999679));
#4353 = LINE('',#4354,#4355);
#4354 = CARTESIAN_POINT('',(113.69794263506,53.,73.70573433962));
#4355 = VECTOR('',#4356,1.);
#4356 = DIRECTION('',(1.665311211992E-03,0.,-0.999998613368));
#4357 = ORIENTED_EDGE('',*,*,#4358,.T.);
#4358 = EDGE_CURVE('',#4349,#4359,#4361,.T.);
#4359 = VERTEX_POINT('',#4360);
#4360 = CARTESIAN_POINT('',(113.69493741409,54.,75.510332055218));
#4361 = LINE('',#4362,#4363);
#4362 = CARTESIAN_POINT('',(113.69493741409,53.,75.510332055218));
#4363 = VECTOR('',#4364,1.);
#4364 = DIRECTION('',(0.,1.,0.));
#4365 = ORIENTED_EDGE('',*,*,#4366,.F.);
#4366 = EDGE_CURVE('',#4367,#4359,#4369,.T.);
#4367 = VERTEX_POINT('',#4368);
#4368 = CARTESIAN_POINT('',(113.69670950594,54.,74.446212999679));
#4369 = LINE('',#4370,#4371);
#4370 = CARTESIAN_POINT('',(113.69493741409,54.,75.510332055218));
#4371 = VECTOR('',#4372,1.);
#4372 = DIRECTION('',(-1.665311211992E-03,0.,0.999998613368));
#4373 = ORIENTED_EDGE('',*,*,#4374,.F.);
#4374 = EDGE_CURVE('',#4351,#4367,#4375,.T.);
#4375 = LINE('',#4376,#4377);
#4376 = CARTESIAN_POINT('',(113.69670950594,53.,74.446212999679));
#4377 = VECTOR('',#4378,1.);
#4378 = DIRECTION('',(0.,1.,0.));
#4379 = PLANE('',#4380);
#4380 = AXIS2_PLACEMENT_3D('',#4381,#4382,#4383);
#4381 = CARTESIAN_POINT('',(113.69670950594,53.,74.446212999679));
#4382 = DIRECTION('',(-0.999998613368,0.,-1.665311211992E-03));
#4383 = DIRECTION('',(-1.665311211992E-03,0.,0.999998613368));
#4384 = ADVANCED_FACE('',(#4385),#4414,.T.);
#4385 = FACE_BOUND('',#4386,.T.);
#4386 = EDGE_LOOP('',(#4387,#4397,#4398,#4408));
#4387 = ORIENTED_EDGE('',*,*,#4388,.F.);
#4388 = EDGE_CURVE('',#4351,#4389,#4391,.T.);
#4389 = VERTEX_POINT('',#4390);
#4390 = CARTESIAN_POINT('',(111.39590278885,53.,75.670214978212));
#4391 = B_SPLINE_CURVE_WITH_KNOTS('',3,(#4392,#4393,#4394,#4395,#4396),
  .UNSPECIFIED.,.F.,.F.,(4,1,4),(0.,0.135765776231,0.269453014155),
  .UNSPECIFIED.);
#4392 = CARTESIAN_POINT('',(113.69670950594,53.,74.446212999679));
#4393 = CARTESIAN_POINT('',(113.39076625081,53.,74.803815489166));
#4394 = CARTESIAN_POINT('',(112.78356365129,53.,75.513545668131));
#4395 = CARTESIAN_POINT('',(111.85607154381,53.,75.618261130328));
#4396 = CARTESIAN_POINT('',(111.39590278885,53.,75.670214978212));
#4397 = ORIENTED_EDGE('',*,*,#4374,.T.);
#4398 = ORIENTED_EDGE('',*,*,#4399,.F.);
#4399 = EDGE_CURVE('',#4400,#4367,#4402,.T.);
#4400 = VERTEX_POINT('',#4401);
#4401 = CARTESIAN_POINT('',(111.39590278885,54.,75.670214978212));
#4402 = B_SPLINE_CURVE_WITH_KNOTS('',3,(#4403,#4404,#4405,#4406,#4407),
  .UNSPECIFIED.,.F.,.F.,(4,1,4),(-0.269453014155,-0.135765776231,0.),
  .UNSPECIFIED.);
#4403 = CARTESIAN_POINT('',(111.39590278885,54.,75.670214978212));
#4404 = CARTESIAN_POINT('',(111.85607154381,54.,75.618261130328));
#4405 = CARTESIAN_POINT('',(112.78356365129,54.,75.513545668131));
#4406 = CARTESIAN_POINT('',(113.39076625081,54.,74.803815489166));
#4407 = CARTESIAN_POINT('',(113.69670950594,54.,74.446212999679));
#4408 = ORIENTED_EDGE('',*,*,#4409,.F.);
#4409 = EDGE_CURVE('',#4389,#4400,#4410,.T.);
#4410 = LINE('',#4411,#4412);
#4411 = CARTESIAN_POINT('',(111.39590278885,53.,75.670214978212));
#4412 = VECTOR('',#4413,1.);
#4413 = DIRECTION('',(0.,1.,0.));
#4414 = B_SPLINE_SURFACE_WITH_KNOTS('',3,1,(
    (#4415,#4416)
    ,(#4417,#4418)
    ,(#4419,#4420)
    ,(#4421,#4422)
    ,(#4423,#4424
    )),.UNSPECIFIED.,.F.,.F.,.F.,(4,1,4),(2,2),(-0.269453014155,
    -0.135765776231,0.),(0.,1.E-01),.UNSPECIFIED.);
#4415 = CARTESIAN_POINT('',(111.39590278885,53.,75.670214978212));
#4416 = CARTESIAN_POINT('',(111.39590278885,54.,75.670214978212));
#4417 = CARTESIAN_POINT('',(111.85607154381,53.,75.618261130328));
#4418 = CARTESIAN_POINT('',(111.85607154381,54.,75.618261130328));
#4419 = CARTESIAN_POINT('',(112.78356365129,53.,75.513545668131));
#4420 = CARTESIAN_POINT('',(112.78356365129,54.,75.513545668131));
#4421 = CARTESIAN_POINT('',(113.39076625081,53.,74.803815489166));
#4422 = CARTESIAN_POINT('',(113.39076625081,54.,74.803815489166));
#4423 = CARTESIAN_POINT('',(113.69670950594,53.,74.446212999679));
#4424 = CARTESIAN_POINT('',(113.69670950594,54.,74.446212999679));
#4425 = ADVANCED_FACE('',(#4426),#4455,.T.);
#4426 = FACE_BOUND('',#4427,.T.);
#4427 = EDGE_LOOP('',(#4428,#4438,#4439,#4449));
#4428 = ORIENTED_EDGE('',*,*,#4429,.F.);
#4429 = EDGE_CURVE('',#4389,#4430,#4432,.T.);
#4430 = VERTEX_POINT('',#4431);
#4431 = CARTESIAN_POINT('',(110.19917556063,53.,75.422655343564));
#4432 = B_SPLINE_CURVE_WITH_KNOTS('',3,(#4433,#4434,#4435,#4436,#4437),
  .UNSPECIFIED.,.F.,.F.,(4,1,4),(0.,6.22920893108E-02,0.122883950525),
  .UNSPECIFIED.);
#4433 = CARTESIAN_POINT('',(111.39590278885,53.,75.670214978212));
#4434 = CARTESIAN_POINT('',(111.1870558197,53.,75.660213432565));
#4435 = CARTESIAN_POINT('',(110.7750622438,53.,75.640483327924));
#4436 = CARTESIAN_POINT('',(110.38935891859,53.,75.494591817761));
#4437 = CARTESIAN_POINT('',(110.19917556063,53.,75.422655343564));
#4438 = ORIENTED_EDGE('',*,*,#4409,.T.);
#4439 = ORIENTED_EDGE('',*,*,#4440,.F.);
#4440 = EDGE_CURVE('',#4441,#4400,#4443,.T.);
#4441 = VERTEX_POINT('',#4442);
#4442 = CARTESIAN_POINT('',(110.19917556063,54.,75.422655343564));
#4443 = B_SPLINE_CURVE_WITH_KNOTS('',3,(#4444,#4445,#4446,#4447,#4448),
  .UNSPECIFIED.,.F.,.F.,(4,1,4),(-0.122883950525,-6.22920893108E-02,0.),
  .UNSPECIFIED.);
#4444 = CARTESIAN_POINT('',(110.19917556063,54.,75.422655343564));
#4445 = CARTESIAN_POINT('',(110.38935891859,54.,75.494591817761));
#4446 = CARTESIAN_POINT('',(110.7750622438,54.,75.640483327924));
#4447 = CARTESIAN_POINT('',(111.1870558197,54.,75.660213432565));
#4448 = CARTESIAN_POINT('',(111.39590278885,54.,75.670214978212));
#4449 = ORIENTED_EDGE('',*,*,#4450,.F.);
#4450 = EDGE_CURVE('',#4430,#4441,#4451,.T.);
#4451 = LINE('',#4452,#4453);
#4452 = CARTESIAN_POINT('',(110.19917556063,53.,75.422655343564));
#4453 = VECTOR('',#4454,1.);
#4454 = DIRECTION('',(0.,1.,0.));
#4455 = B_SPLINE_SURFACE_WITH_KNOTS('',3,1,(
    (#4456,#4457)
    ,(#4458,#4459)
    ,(#4460,#4461)
    ,(#4462,#4463)
    ,(#4464,#4465
    )),.UNSPECIFIED.,.F.,.F.,.F.,(4,1,4),(2,2),(-0.122883950525,
    -6.22920893108E-02,0.),(0.,1.E-01),.UNSPECIFIED.);
#4456 = CARTESIAN_POINT('',(110.19917556063,53.,75.422655343564));
#4457 = CARTESIAN_POINT('',(110.19917556063,54.,75.422655343564));
#4458 = CARTESIAN_POINT('',(110.38935891859,53.,75.494591817761));
#4459 = CARTESIAN_POINT('',(110.38935891859,54.,75.494591817761));
#4460 = CARTESIAN_POINT('',(110.7750622438,53.,75.640483327924));
#4461 = CARTESIAN_POINT('',(110.7750622438,54.,75.640483327924));
#4462 = CARTESIAN_POINT('',(111.1870558197,53.,75.660213432565));
#4463 = CARTESIAN_POINT('',(111.1870558197,54.,75.660213432565));
#4464 = CARTESIAN_POINT('',(111.39590278885,53.,75.670214978212));
#4465 = CARTESIAN_POINT('',(111.39590278885,54.,75.670214978212));
#4466 = ADVANCED_FACE('',(#4467),#4496,.T.);
#4467 = FACE_BOUND('',#4468,.T.);
#4468 = EDGE_LOOP('',(#4469,#4479,#4480,#4490));
#4469 = ORIENTED_EDGE('',*,*,#4470,.F.);
#4470 = EDGE_CURVE('',#4430,#4471,#4473,.T.);
#4471 = VERTEX_POINT('',#4472);
#4472 = CARTESIAN_POINT('',(109.37482823524,53.,74.803955192779));
#4473 = B_SPLINE_CURVE_WITH_KNOTS('',3,(#4474,#4475,#4476,#4477,#4478),
  .UNSPECIFIED.,.F.,.F.,(4,1,4),(0.,5.579899630271E-02,0.103972375985),
  .UNSPECIFIED.);
#4474 = CARTESIAN_POINT('',(110.19917556063,53.,75.422655343564));
#4475 = CARTESIAN_POINT('',(110.02989007957,53.,75.340462245089));
#4476 = CARTESIAN_POINT('',(109.71445405292,53.,75.187308742262));
#4477 = CARTESIAN_POINT('',(109.48236277272,53.,74.925335089385));
#4478 = CARTESIAN_POINT('',(109.37482823524,53.,74.803955192779));
#4479 = ORIENTED_EDGE('',*,*,#4450,.T.);
#4480 = ORIENTED_EDGE('',*,*,#4481,.F.);
#4481 = EDGE_CURVE('',#4482,#4441,#4484,.T.);
#4482 = VERTEX_POINT('',#4483);
#4483 = CARTESIAN_POINT('',(109.37482823524,54.,74.803955192779));
#4484 = B_SPLINE_CURVE_WITH_KNOTS('',3,(#4485,#4486,#4487,#4488,#4489),
  .UNSPECIFIED.,.F.,.F.,(4,1,4),(-0.103972375985,-5.579899630271E-02,0.)
  ,.UNSPECIFIED.);
#4485 = CARTESIAN_POINT('',(109.37482823524,54.,74.803955192779));
#4486 = CARTESIAN_POINT('',(109.48236277272,54.,74.925335089385));
#4487 = CARTESIAN_POINT('',(109.71445405292,54.,75.187308742262));
#4488 = CARTESIAN_POINT('',(110.02989007957,54.,75.340462245089));
#4489 = CARTESIAN_POINT('',(110.19917556063,54.,75.422655343564));
#4490 = ORIENTED_EDGE('',*,*,#4491,.F.);
#4491 = EDGE_CURVE('',#4471,#4482,#4492,.T.);
#4492 = LINE('',#4493,#4494);
#4493 = CARTESIAN_POINT('',(109.37482823524,53.,74.803955192779));
#4494 = VECTOR('',#4495,1.);
#4495 = DIRECTION('',(0.,1.,0.));
#4496 = B_SPLINE_SURFACE_WITH_KNOTS('',3,1,(
    (#4497,#4498)
    ,(#4499,#4500)
    ,(#4501,#4502)
    ,(#4503,#4504)
    ,(#4505,#4506
    )),.UNSPECIFIED.,.F.,.F.,.F.,(4,1,4),(2,2),(-0.103972375985,
    -5.579899630271E-02,0.),(0.,1.E-01),.UNSPECIFIED.);
#4497 = CARTESIAN_POINT('',(109.37482823524,53.,74.803955192779));
#4498 = CARTESIAN_POINT('',(109.37482823524,54.,74.803955192779));
#4499 = CARTESIAN_POINT('',(109.48236277272,53.,74.925335089385));
#4500 = CARTESIAN_POINT('',(109.48236277272,54.,74.925335089385));
#4501 = CARTESIAN_POINT('',(109.71445405292,53.,75.187308742262));
#4502 = CARTESIAN_POINT('',(109.71445405292,54.,75.187308742262));
#4503 = CARTESIAN_POINT('',(110.02989007957,53.,75.340462245089));
#4504 = CARTESIAN_POINT('',(110.02989007957,54.,75.340462245089));
#4505 = CARTESIAN_POINT('',(110.19917556063,53.,75.422655343564));
#4506 = CARTESIAN_POINT('',(110.19917556063,54.,75.422655343564));
#4507 = ADVANCED_FACE('',(#4508),#4537,.T.);
#4508 = FACE_BOUND('',#4509,.T.);
#4509 = EDGE_LOOP('',(#4510,#4520,#4521,#4531));
#4510 = ORIENTED_EDGE('',*,*,#4511,.F.);
#4511 = EDGE_CURVE('',#4471,#4512,#4514,.T.);
#4512 = VERTEX_POINT('',#4513);
#4513 = CARTESIAN_POINT('',(108.9977651674,53.,73.892685046858));
#4514 = B_SPLINE_CURVE_WITH_KNOTS('',3,(#4515,#4516,#4517,#4518,#4519),
  .UNSPECIFIED.,.F.,.F.,(4,1,4),(0.,4.728906902913E-02,
    9.919022001669E-02),.UNSPECIFIED.);
#4515 = CARTESIAN_POINT('',(109.37482823524,53.,74.803955192779));
#4516 = CARTESIAN_POINT('',(109.29117395032,53.,74.669098384243));
#4517 = CARTESIAN_POINT('',(109.11570661512,53.,74.386232242362));
#4518 = CARTESIAN_POINT('',(109.03827904218,53.,74.062222640852));
#4519 = CARTESIAN_POINT('',(108.9977651674,53.,73.892685046858));
#4520 = ORIENTED_EDGE('',*,*,#4491,.T.);
#4521 = ORIENTED_EDGE('',*,*,#4522,.F.);
#4522 = EDGE_CURVE('',#4523,#4482,#4525,.T.);
#4523 = VERTEX_POINT('',#4524);
#4524 = CARTESIAN_POINT('',(108.9977651674,54.,73.892685046858));
#4525 = B_SPLINE_CURVE_WITH_KNOTS('',3,(#4526,#4527,#4528,#4529,#4530),
  .UNSPECIFIED.,.F.,.F.,(4,1,4),(-9.919022001669E-02,-4.728906902913E-02
    ,0.),.UNSPECIFIED.);
#4526 = CARTESIAN_POINT('',(108.9977651674,54.,73.892685046858));
#4527 = CARTESIAN_POINT('',(109.03827904218,54.,74.062222640852));
#4528 = CARTESIAN_POINT('',(109.11570661512,54.,74.386232242362));
#4529 = CARTESIAN_POINT('',(109.29117395032,54.,74.669098384243));
#4530 = CARTESIAN_POINT('',(109.37482823524,54.,74.803955192779));
#4531 = ORIENTED_EDGE('',*,*,#4532,.F.);
#4532 = EDGE_CURVE('',#4512,#4523,#4533,.T.);
#4533 = LINE('',#4534,#4535);
#4534 = CARTESIAN_POINT('',(108.9977651674,53.,73.892685046858));
#4535 = VECTOR('',#4536,1.);
#4536 = DIRECTION('',(0.,1.,0.));
#4537 = B_SPLINE_SURFACE_WITH_KNOTS('',3,1,(
    (#4538,#4539)
    ,(#4540,#4541)
    ,(#4542,#4543)
    ,(#4544,#4545)
    ,(#4546,#4547
    )),.UNSPECIFIED.,.F.,.F.,.F.,(4,1,4),(2,2),(-9.919022001669E-02,
    -4.728906902913E-02,0.),(0.,1.E-01),.UNSPECIFIED.);
#4538 = CARTESIAN_POINT('',(108.9977651674,53.,73.892685046858));
#4539 = CARTESIAN_POINT('',(108.9977651674,54.,73.892685046858));
#4540 = CARTESIAN_POINT('',(109.03827904218,53.,74.062222640852));
#4541 = CARTESIAN_POINT('',(109.03827904218,54.,74.062222640852));
#4542 = CARTESIAN_POINT('',(109.11570661512,53.,74.386232242362));
#4543 = CARTESIAN_POINT('',(109.11570661512,54.,74.386232242362));
#4544 = CARTESIAN_POINT('',(109.29117395032,53.,74.669098384243));
#4545 = CARTESIAN_POINT('',(109.29117395032,54.,74.669098384243));
#4546 = CARTESIAN_POINT('',(109.37482823524,53.,74.803955192779));
#4547 = CARTESIAN_POINT('',(109.37482823524,54.,74.803955192779));
#4548 = ADVANCED_FACE('',(#4549),#4578,.T.);
#4549 = FACE_BOUND('',#4550,.T.);
#4550 = EDGE_LOOP('',(#4551,#4561,#4562,#4572));
#4551 = ORIENTED_EDGE('',*,*,#4552,.F.);
#4552 = EDGE_CURVE('',#4512,#4553,#4555,.T.);
#4553 = VERTEX_POINT('',#4554);
#4554 = CARTESIAN_POINT('',(108.92463858223,53.,72.746586089366));
#4555 = B_SPLINE_CURVE_WITH_KNOTS('',3,(#4556,#4557,#4558,#4559,#4560),
  .UNSPECIFIED.,.F.,.F.,(4,1,4),(0.,4.70634247981E-02,0.114961152107),
  .UNSPECIFIED.);
#4556 = CARTESIAN_POINT('',(108.9977651674,53.,73.892685046858));
#4557 = CARTESIAN_POINT('',(108.97631283656,53.,73.737114747147));
#4558 = CARTESIAN_POINT('',(108.92391153598,53.,73.357105409428));
#4559 = CARTESIAN_POINT('',(108.92436862111,53.,72.973279342889));
#4560 = CARTESIAN_POINT('',(108.92463858223,53.,72.746586089366));
#4561 = ORIENTED_EDGE('',*,*,#4532,.T.);
#4562 = ORIENTED_EDGE('',*,*,#4563,.F.);
#4563 = EDGE_CURVE('',#4564,#4523,#4566,.T.);
#4564 = VERTEX_POINT('',#4565);
#4565 = CARTESIAN_POINT('',(108.92463858223,54.,72.746586089366));
#4566 = B_SPLINE_CURVE_WITH_KNOTS('',3,(#4567,#4568,#4569,#4570,#4571),
  .UNSPECIFIED.,.F.,.F.,(4,1,4),(-0.114961152107,-4.70634247981E-02,0.),
  .UNSPECIFIED.);
#4567 = CARTESIAN_POINT('',(108.92463858223,54.,72.746586089366));
#4568 = CARTESIAN_POINT('',(108.92436862111,54.,72.973279342889));
#4569 = CARTESIAN_POINT('',(108.92391153598,54.,73.357105409428));
#4570 = CARTESIAN_POINT('',(108.97631283656,54.,73.737114747147));
#4571 = CARTESIAN_POINT('',(108.9977651674,54.,73.892685046858));
#4572 = ORIENTED_EDGE('',*,*,#4573,.F.);
#4573 = EDGE_CURVE('',#4553,#4564,#4574,.T.);
#4574 = LINE('',#4575,#4576);
#4575 = CARTESIAN_POINT('',(108.92463858223,53.,72.746586089366));
#4576 = VECTOR('',#4577,1.);
#4577 = DIRECTION('',(0.,1.,0.));
#4578 = B_SPLINE_SURFACE_WITH_KNOTS('',3,1,(
    (#4579,#4580)
    ,(#4581,#4582)
    ,(#4583,#4584)
    ,(#4585,#4586)
    ,(#4587,#4588
    )),.UNSPECIFIED.,.F.,.F.,.F.,(4,1,4),(2,2),(-0.114961152107,
    -4.70634247981E-02,0.),(0.,1.E-01),.UNSPECIFIED.);
#4579 = CARTESIAN_POINT('',(108.92463858223,53.,72.746586089366));
#4580 = CARTESIAN_POINT('',(108.92463858223,54.,72.746586089366));
#4581 = CARTESIAN_POINT('',(108.92436862111,53.,72.973279342889));
#4582 = CARTESIAN_POINT('',(108.92436862111,54.,72.973279342889));
#4583 = CARTESIAN_POINT('',(108.92391153598,53.,73.357105409428));
#4584 = CARTESIAN_POINT('',(108.92391153598,54.,73.357105409428));
#4585 = CARTESIAN_POINT('',(108.97631283656,53.,73.737114747147));
#4586 = CARTESIAN_POINT('',(108.97631283656,54.,73.737114747147));
#4587 = CARTESIAN_POINT('',(108.9977651674,53.,73.892685046858));
#4588 = CARTESIAN_POINT('',(108.9977651674,54.,73.892685046858));
#4589 = ADVANCED_FACE('',(#4590),#4615,.T.);
#4590 = FACE_BOUND('',#4591,.T.);
#4591 = EDGE_LOOP('',(#4592,#4600,#4601,#4609));
#4592 = ORIENTED_EDGE('',*,*,#4593,.F.);
#4593 = EDGE_CURVE('',#4553,#4594,#4596,.T.);
#4594 = VERTEX_POINT('',#4595);
#4595 = CARTESIAN_POINT('',(108.9321131714,53.,68.258188515979));
#4596 = LINE('',#4597,#4598);
#4597 = CARTESIAN_POINT('',(108.92820042112,53.,70.607746254918));
#4598 = VECTOR('',#4599,1.);
#4599 = DIRECTION('',(1.665311211989E-03,0.,-0.999998613368));
#4600 = ORIENTED_EDGE('',*,*,#4573,.T.);
#4601 = ORIENTED_EDGE('',*,*,#4602,.F.);
#4602 = EDGE_CURVE('',#4603,#4564,#4605,.T.);
#4603 = VERTEX_POINT('',#4604);
#4604 = CARTESIAN_POINT('',(108.9321131714,54.,68.258188515979));
#4605 = LINE('',#4606,#4607);
#4606 = CARTESIAN_POINT('',(108.92463858223,54.,72.746586089366));
#4607 = VECTOR('',#4608,1.);
#4608 = DIRECTION('',(-1.665311211989E-03,0.,0.999998613368));
#4609 = ORIENTED_EDGE('',*,*,#4610,.F.);
#4610 = EDGE_CURVE('',#4594,#4603,#4611,.T.);
#4611 = LINE('',#4612,#4613);
#4612 = CARTESIAN_POINT('',(108.9321131714,53.,68.258188515979));
#4613 = VECTOR('',#4614,1.);
#4614 = DIRECTION('',(0.,1.,0.));
#4615 = PLANE('',#4616);
#4616 = AXIS2_PLACEMENT_3D('',#4617,#4618,#4619);
#4617 = CARTESIAN_POINT('',(108.9321131714,53.,68.258188515979));
#4618 = DIRECTION('',(-0.999998613368,0.,-1.665311211989E-03));
#4619 = DIRECTION('',(-1.665311211989E-03,0.,0.999998613368));
#4620 = ADVANCED_FACE('',(#4621),#4646,.T.);
#4621 = FACE_BOUND('',#4622,.T.);
#4622 = EDGE_LOOP('',(#4623,#4631,#4632,#4640));
#4623 = ORIENTED_EDGE('',*,*,#4624,.F.);
#4624 = EDGE_CURVE('',#4594,#4625,#4627,.T.);
#4625 = VERTEX_POINT('',#4626);
#4626 = CARTESIAN_POINT('',(110.15993854099,53.,68.260233230169));
#4627 = LINE('',#4628,#4629);
#4628 = CARTESIAN_POINT('',(89.089410383216,53.,68.22514419473));
#4629 = VECTOR('',#4630,1.);
#4630 = DIRECTION('',(0.999998613368,0.,1.665311211983E-03));
#4631 = ORIENTED_EDGE('',*,*,#4610,.T.);
#4632 = ORIENTED_EDGE('',*,*,#4633,.F.);
#4633 = EDGE_CURVE('',#4634,#4603,#4636,.T.);
#4634 = VERTEX_POINT('',#4635);
#4635 = CARTESIAN_POINT('',(110.15993854099,54.,68.260233230169));
#4636 = LINE('',#4637,#4638);
#4637 = CARTESIAN_POINT('',(108.9321131714,54.,68.258188515979));
#4638 = VECTOR('',#4639,1.);
#4639 = DIRECTION('',(-0.999998613368,0.,-1.665311211983E-03));
#4640 = ORIENTED_EDGE('',*,*,#4641,.F.);
#4641 = EDGE_CURVE('',#4625,#4634,#4642,.T.);
#4642 = LINE('',#4643,#4644);
#4643 = CARTESIAN_POINT('',(110.15993854099,53.,68.260233230169));
#4644 = VECTOR('',#4645,1.);
#4645 = DIRECTION('',(0.,1.,0.));
#4646 = PLANE('',#4647);
#4647 = AXIS2_PLACEMENT_3D('',#4648,#4649,#4650);
#4648 = CARTESIAN_POINT('',(110.15993854099,53.,68.260233230169));
#4649 = DIRECTION('',(1.665311211983E-03,0.,-0.999998613368));
#4650 = DIRECTION('',(-0.999998613368,0.,-1.665311211983E-03));
#4651 = ADVANCED_FACE('',(#4652),#4677,.T.);
#4652 = FACE_BOUND('',#4653,.T.);
#4653 = EDGE_LOOP('',(#4654,#4662,#4663,#4671));
#4654 = ORIENTED_EDGE('',*,*,#4655,.F.);
#4655 = EDGE_CURVE('',#4625,#4656,#4658,.T.);
#4656 = VERTEX_POINT('',#4657);
#4657 = CARTESIAN_POINT('',(110.15324776165,53.,72.277962782684));
#4658 = LINE('',#4659,#4660);
#4659 = CARTESIAN_POINT('',(110.15268040105,53.,72.618655745365));
#4660 = VECTOR('',#4661,1.);
#4661 = DIRECTION('',(-1.665311211986E-03,0.,0.999998613368));
#4662 = ORIENTED_EDGE('',*,*,#4641,.T.);
#4663 = ORIENTED_EDGE('',*,*,#4664,.F.);
#4664 = EDGE_CURVE('',#4665,#4634,#4667,.T.);
#4665 = VERTEX_POINT('',#4666);
#4666 = CARTESIAN_POINT('',(110.15324776165,54.,72.277962782684));
#4667 = LINE('',#4668,#4669);
#4668 = CARTESIAN_POINT('',(110.15993854099,54.,68.260233230169));
#4669 = VECTOR('',#4670,1.);
#4670 = DIRECTION('',(1.665311211986E-03,0.,-0.999998613368));
#4671 = ORIENTED_EDGE('',*,*,#4672,.F.);
#4672 = EDGE_CURVE('',#4656,#4665,#4673,.T.);
#4673 = LINE('',#4674,#4675);
#4674 = CARTESIAN_POINT('',(110.15324776165,53.,72.277962782684));
#4675 = VECTOR('',#4676,1.);
#4676 = DIRECTION('',(0.,1.,0.));
#4677 = PLANE('',#4678);
#4678 = AXIS2_PLACEMENT_3D('',#4679,#4680,#4681);
#4679 = CARTESIAN_POINT('',(110.15324776165,53.,72.277962782684));
#4680 = DIRECTION('',(0.999998613368,0.,1.665311211986E-03));
#4681 = DIRECTION('',(1.665311211986E-03,0.,-0.999998613368));
#4682 = ADVANCED_FACE('',(#4683),#4712,.T.);
#4683 = FACE_BOUND('',#4684,.T.);
#4684 = EDGE_LOOP('',(#4685,#4695,#4696,#4706));
#4685 = ORIENTED_EDGE('',*,*,#4686,.F.);
#4686 = EDGE_CURVE('',#4656,#4687,#4689,.T.);
#4687 = VERTEX_POINT('',#4688);
#4688 = CARTESIAN_POINT('',(110.22612443622,53.,73.574129934377));
#4689 = B_SPLINE_CURVE_WITH_KNOTS('',3,(#4690,#4691,#4692,#4693,#4694),
  .UNSPECIFIED.,.F.,.F.,(4,1,4),(0.,8.051298164687E-02,0.129947624249),
  .UNSPECIFIED.);
#4690 = CARTESIAN_POINT('',(110.15324776165,53.,72.277962782684));
#4691 = CARTESIAN_POINT('',(110.15152541763,53.,72.546781956253));
#4692 = CARTESIAN_POINT('',(110.14874556142,53.,72.980655006828));
#4693 = CARTESIAN_POINT('',(110.20480015993,53.,73.410578534053));
#4694 = CARTESIAN_POINT('',(110.22612443622,53.,73.574129934377));
#4695 = ORIENTED_EDGE('',*,*,#4672,.T.);
#4696 = ORIENTED_EDGE('',*,*,#4697,.F.);
#4697 = EDGE_CURVE('',#4698,#4665,#4700,.T.);
#4698 = VERTEX_POINT('',#4699);
#4699 = CARTESIAN_POINT('',(110.22612443622,54.,73.574129934377));
#4700 = B_SPLINE_CURVE_WITH_KNOTS('',3,(#4701,#4702,#4703,#4704,#4705),
  .UNSPECIFIED.,.F.,.F.,(4,1,4),(-0.129947624249,-8.051298164687E-02,0.)
  ,.UNSPECIFIED.);
#4701 = CARTESIAN_POINT('',(110.22612443622,54.,73.574129934377));
#4702 = CARTESIAN_POINT('',(110.20480015993,54.,73.410578534053));
#4703 = CARTESIAN_POINT('',(110.14874556142,54.,72.980655006828));
#4704 = CARTESIAN_POINT('',(110.15152541763,54.,72.546781956253));
#4705 = CARTESIAN_POINT('',(110.15324776165,54.,72.277962782684));
#4706 = ORIENTED_EDGE('',*,*,#4707,.F.);
#4707 = EDGE_CURVE('',#4687,#4698,#4708,.T.);
#4708 = LINE('',#4709,#4710);
#4709 = CARTESIAN_POINT('',(110.22612443622,53.,73.574129934377));
#4710 = VECTOR('',#4711,1.);
#4711 = DIRECTION('',(0.,1.,0.));
#4712 = B_SPLINE_SURFACE_WITH_KNOTS('',3,1,(
    (#4713,#4714)
    ,(#4715,#4716)
    ,(#4717,#4718)
    ,(#4719,#4720)
    ,(#4721,#4722
    )),.UNSPECIFIED.,.F.,.F.,.F.,(4,1,4),(2,2),(-0.129947624249,
    -8.051298164687E-02,0.),(0.,1.E-01),.UNSPECIFIED.);
#4713 = CARTESIAN_POINT('',(110.22612443622,53.,73.574129934377));
#4714 = CARTESIAN_POINT('',(110.22612443622,54.,73.574129934377));
#4715 = CARTESIAN_POINT('',(110.20480015993,53.,73.410578534053));
#4716 = CARTESIAN_POINT('',(110.20480015993,54.,73.410578534053));
#4717 = CARTESIAN_POINT('',(110.14874556142,53.,72.980655006828));
#4718 = CARTESIAN_POINT('',(110.14874556142,54.,72.980655006828));
#4719 = CARTESIAN_POINT('',(110.15152541763,53.,72.546781956253));
#4720 = CARTESIAN_POINT('',(110.15152541763,54.,72.546781956253));
#4721 = CARTESIAN_POINT('',(110.15324776165,53.,72.277962782684));
#4722 = CARTESIAN_POINT('',(110.15324776165,54.,72.277962782684));
#4723 = ADVANCED_FACE('',(#4724),#4753,.T.);
#4724 = FACE_BOUND('',#4725,.T.);
#4725 = EDGE_LOOP('',(#4726,#4736,#4737,#4747));
#4726 = ORIENTED_EDGE('',*,*,#4727,.F.);
#4727 = EDGE_CURVE('',#4687,#4728,#4730,.T.);
#4728 = VERTEX_POINT('',#4729);
#4729 = CARTESIAN_POINT('',(110.71598990042,53.,74.335519917322));
#4730 = B_SPLINE_CURVE_WITH_KNOTS('',3,(#4731,#4732,#4733,#4734,#4735),
  .UNSPECIFIED.,.F.,.F.,(4,1,4),(0.,4.685713806019E-02,
    9.203347282424E-02),.UNSPECIFIED.);
#4731 = CARTESIAN_POINT('',(110.22612443622,53.,73.574129934377));
#4732 = CARTESIAN_POINT('',(110.27415110757,53.,73.726100046777));
#4733 = CARTESIAN_POINT('',(110.36848169487,53.,74.024588981201));
#4734 = CARTESIAN_POINT('',(110.60157280952,53.,74.233145893878));
#4735 = CARTESIAN_POINT('',(110.71598990042,53.,74.335519917322));
#4736 = ORIENTED_EDGE('',*,*,#4707,.T.);
#4737 = ORIENTED_EDGE('',*,*,#4738,.F.);
#4738 = EDGE_CURVE('',#4739,#4698,#4741,.T.);
#4739 = VERTEX_POINT('',#4740);
#4740 = CARTESIAN_POINT('',(110.71598990042,54.,74.335519917322));
#4741 = B_SPLINE_CURVE_WITH_KNOTS('',3,(#4742,#4743,#4744,#4745,#4746),
  .UNSPECIFIED.,.F.,.F.,(4,1,4),(-9.203347282424E-02,-4.685713806019E-02
    ,0.),.UNSPECIFIED.);
#4742 = CARTESIAN_POINT('',(110.71598990042,54.,74.335519917322));
#4743 = CARTESIAN_POINT('',(110.60157280952,54.,74.233145893878));
#4744 = CARTESIAN_POINT('',(110.36848169487,54.,74.024588981201));
#4745 = CARTESIAN_POINT('',(110.27415110757,54.,73.726100046777));
#4746 = CARTESIAN_POINT('',(110.22612443622,54.,73.574129934377));
#4747 = ORIENTED_EDGE('',*,*,#4748,.F.);
#4748 = EDGE_CURVE('',#4728,#4739,#4749,.T.);
#4749 = LINE('',#4750,#4751);
#4750 = CARTESIAN_POINT('',(110.71598990042,53.,74.335519917322));
#4751 = VECTOR('',#4752,1.);
#4752 = DIRECTION('',(0.,1.,0.));
#4753 = B_SPLINE_SURFACE_WITH_KNOTS('',3,1,(
    (#4754,#4755)
    ,(#4756,#4757)
    ,(#4758,#4759)
    ,(#4760,#4761)
    ,(#4762,#4763
    )),.UNSPECIFIED.,.F.,.F.,.F.,(4,1,4),(2,2),(-9.203347282424E-02,
    -4.685713806019E-02,0.),(0.,1.E-01),.UNSPECIFIED.);
#4754 = CARTESIAN_POINT('',(110.71598990042,53.,74.335519917322));
#4755 = CARTESIAN_POINT('',(110.71598990042,54.,74.335519917322));
#4756 = CARTESIAN_POINT('',(110.60157280952,53.,74.233145893878));
#4757 = CARTESIAN_POINT('',(110.60157280952,54.,74.233145893878));
#4758 = CARTESIAN_POINT('',(110.36848169487,53.,74.024588981201));
#4759 = CARTESIAN_POINT('',(110.36848169487,54.,74.024588981201));
#4760 = CARTESIAN_POINT('',(110.27415110757,53.,73.726100046777));
#4761 = CARTESIAN_POINT('',(110.27415110757,54.,73.726100046777));
#4762 = CARTESIAN_POINT('',(110.22612443622,53.,73.574129934377));
#4763 = CARTESIAN_POINT('',(110.22612443622,54.,73.574129934377));
#4764 = ADVANCED_FACE('',(#4765),#4794,.T.);
#4765 = FACE_BOUND('',#4766,.T.);
#4766 = EDGE_LOOP('',(#4767,#4777,#4778,#4788));
#4767 = ORIENTED_EDGE('',*,*,#4768,.F.);
#4768 = EDGE_CURVE('',#4728,#4769,#4771,.T.);
#4769 = VERTEX_POINT('',#4770);
#4770 = CARTESIAN_POINT('',(111.64322478059,53.,74.613326005248));
#4771 = B_SPLINE_CURVE_WITH_KNOTS('',3,(#4772,#4773,#4774,#4775,#4776),
  .UNSPECIFIED.,.F.,.F.,(4,1,4),(0.,4.678894367799E-02,
    9.807455619603E-02),.UNSPECIFIED.);
#4772 = CARTESIAN_POINT('',(110.71598990042,53.,74.335519917322));
#4773 = CARTESIAN_POINT('',(110.8521851284,53.,74.416276997862));
#4774 = CARTESIAN_POINT('',(111.13766467742,53.,74.585552348213));
#4775 = CARTESIAN_POINT('',(111.46963124639,53.,74.603789399705));
#4776 = CARTESIAN_POINT('',(111.64322478059,53.,74.613326005248));
#4777 = ORIENTED_EDGE('',*,*,#4748,.T.);
#4778 = ORIENTED_EDGE('',*,*,#4779,.F.);
#4779 = EDGE_CURVE('',#4780,#4739,#4782,.T.);
#4780 = VERTEX_POINT('',#4781);
#4781 = CARTESIAN_POINT('',(111.64322478059,54.,74.613326005248));
#4782 = B_SPLINE_CURVE_WITH_KNOTS('',3,(#4783,#4784,#4785,#4786,#4787),
  .UNSPECIFIED.,.F.,.F.,(4,1,4),(-9.807455619603E-02,-4.678894367799E-02
    ,0.),.UNSPECIFIED.);
#4783 = CARTESIAN_POINT('',(111.64322478059,54.,74.613326005248));
#4784 = CARTESIAN_POINT('',(111.46963124639,54.,74.603789399705));
#4785 = CARTESIAN_POINT('',(111.13766467742,54.,74.585552348213));
#4786 = CARTESIAN_POINT('',(110.8521851284,54.,74.416276997862));
#4787 = CARTESIAN_POINT('',(110.71598990042,54.,74.335519917322));
#4788 = ORIENTED_EDGE('',*,*,#4789,.F.);
#4789 = EDGE_CURVE('',#4769,#4780,#4790,.T.);
#4790 = LINE('',#4791,#4792);
#4791 = CARTESIAN_POINT('',(111.64322478059,53.,74.613326005248));
#4792 = VECTOR('',#4793,1.);
#4793 = DIRECTION('',(0.,1.,0.));
#4794 = B_SPLINE_SURFACE_WITH_KNOTS('',3,1,(
    (#4795,#4796)
    ,(#4797,#4798)
    ,(#4799,#4800)
    ,(#4801,#4802)
    ,(#4803,#4804
    )),.UNSPECIFIED.,.F.,.F.,.F.,(4,1,4),(2,2),(-9.807455619603E-02,
    -4.678894367799E-02,0.),(0.,1.E-01),.UNSPECIFIED.);
#4795 = CARTESIAN_POINT('',(111.64322478059,53.,74.613326005248));
#4796 = CARTESIAN_POINT('',(111.64322478059,54.,74.613326005248));
#4797 = CARTESIAN_POINT('',(111.46963124639,53.,74.603789399705));
#4798 = CARTESIAN_POINT('',(111.46963124639,54.,74.603789399705));
#4799 = CARTESIAN_POINT('',(111.13766467742,53.,74.585552348213));
#4800 = CARTESIAN_POINT('',(111.13766467742,54.,74.585552348213));
#4801 = CARTESIAN_POINT('',(110.8521851284,53.,74.416276997862));
#4802 = CARTESIAN_POINT('',(110.8521851284,54.,74.416276997862));
#4803 = CARTESIAN_POINT('',(110.71598990042,53.,74.335519917322));
#4804 = CARTESIAN_POINT('',(110.71598990042,54.,74.335519917322));
#4805 = ADVANCED_FACE('',(#4806),#4835,.T.);
#4806 = FACE_BOUND('',#4807,.T.);
#4807 = EDGE_LOOP('',(#4808,#4818,#4819,#4829));
#4808 = ORIENTED_EDGE('',*,*,#4809,.F.);
#4809 = EDGE_CURVE('',#4769,#4810,#4812,.T.);
#4810 = VERTEX_POINT('',#4811);
#4811 = CARTESIAN_POINT('',(112.68052948051,53.,74.331970326641));
#4812 = B_SPLINE_CURVE_WITH_KNOTS('',3,(#4813,#4814,#4815,#4816,#4817),
  .UNSPECIFIED.,.F.,.F.,(4,1,4),(0.,5.401255784623E-02,0.108459210965),
  .UNSPECIFIED.);
#4813 = CARTESIAN_POINT('',(111.64322478059,53.,74.613326005248));
#4814 = CARTESIAN_POINT('',(111.82489652044,53.,74.601645561864));
#4815 = CARTESIAN_POINT('',(112.18970008362,53.,74.578190800163));
#4816 = CARTESIAN_POINT('',(112.5164837105,53.,74.414262519055));
#4817 = CARTESIAN_POINT('',(112.68052948051,53.,74.331970326641));
#4818 = ORIENTED_EDGE('',*,*,#4789,.T.);
#4819 = ORIENTED_EDGE('',*,*,#4820,.F.);
#4820 = EDGE_CURVE('',#4821,#4780,#4823,.T.);
#4821 = VERTEX_POINT('',#4822);
#4822 = CARTESIAN_POINT('',(112.68052948051,54.,74.331970326641));
#4823 = B_SPLINE_CURVE_WITH_KNOTS('',3,(#4824,#4825,#4826,#4827,#4828),
  .UNSPECIFIED.,.F.,.F.,(4,1,4),(-0.108459210965,-5.401255784623E-02,0.)
  ,.UNSPECIFIED.);
#4824 = CARTESIAN_POINT('',(112.68052948051,54.,74.331970326641));
#4825 = CARTESIAN_POINT('',(112.5164837105,54.,74.414262519055));
#4826 = CARTESIAN_POINT('',(112.18970008362,54.,74.578190800163));
#4827 = CARTESIAN_POINT('',(111.82489652044,54.,74.601645561864));
#4828 = CARTESIAN_POINT('',(111.64322478059,54.,74.613326005248));
#4829 = ORIENTED_EDGE('',*,*,#4830,.F.);
#4830 = EDGE_CURVE('',#4810,#4821,#4831,.T.);
#4831 = LINE('',#4832,#4833);
#4832 = CARTESIAN_POINT('',(112.68052948051,53.,74.331970326641));
#4833 = VECTOR('',#4834,1.);
#4834 = DIRECTION('',(0.,1.,0.));
#4835 = B_SPLINE_SURFACE_WITH_KNOTS('',3,1,(
    (#4836,#4837)
    ,(#4838,#4839)
    ,(#4840,#4841)
    ,(#4842,#4843)
    ,(#4844,#4845
    )),.UNSPECIFIED.,.F.,.F.,.F.,(4,1,4),(2,2),(-0.108459210965,
    -5.401255784623E-02,0.),(0.,1.E-01),.UNSPECIFIED.);
#4836 = CARTESIAN_POINT('',(112.68052948051,53.,74.331970326641));
#4837 = CARTESIAN_POINT('',(112.68052948051,54.,74.331970326641));
#4838 = CARTESIAN_POINT('',(112.5164837105,53.,74.414262519055));
#4839 = CARTESIAN_POINT('',(112.5164837105,54.,74.414262519055));
#4840 = CARTESIAN_POINT('',(112.18970008362,53.,74.578190800163));
#4841 = CARTESIAN_POINT('',(112.18970008362,54.,74.578190800163));
#4842 = CARTESIAN_POINT('',(111.82489652044,53.,74.601645561864));
#4843 = CARTESIAN_POINT('',(111.82489652044,54.,74.601645561864));
#4844 = CARTESIAN_POINT('',(111.64322478059,53.,74.613326005248));
#4845 = CARTESIAN_POINT('',(111.64322478059,54.,74.613326005248));
#4846 = ADVANCED_FACE('',(#4847),#4876,.T.);
#4847 = FACE_BOUND('',#4848,.T.);
#4848 = EDGE_LOOP('',(#4849,#4859,#4860,#4870));
#4849 = ORIENTED_EDGE('',*,*,#4850,.F.);
#4850 = EDGE_CURVE('',#4810,#4851,#4853,.T.);
#4851 = VERTEX_POINT('',#4852);
#4852 = CARTESIAN_POINT('',(113.36735140554,53.,73.562308149605));
#4853 = B_SPLINE_CURVE_WITH_KNOTS('',3,(#4854,#4855,#4856,#4857,#4858),
  .UNSPECIFIED.,.F.,.F.,(4,1,4),(0.,5.317289873358E-02,0.104609093624),
  .UNSPECIFIED.);
#4854 = CARTESIAN_POINT('',(112.68052948051,53.,74.331970326641));
#4855 = CARTESIAN_POINT('',(112.82975872936,53.,74.230720845895));
#4856 = CARTESIAN_POINT('',(113.12334318378,53.,74.031528839011));
#4857 = CARTESIAN_POINT('',(113.28692056031,53.,73.71697431772));
#4858 = CARTESIAN_POINT('',(113.36735140554,53.,73.562308149605));
#4859 = ORIENTED_EDGE('',*,*,#4830,.T.);
#4860 = ORIENTED_EDGE('',*,*,#4861,.F.);
#4861 = EDGE_CURVE('',#4862,#4821,#4864,.T.);
#4862 = VERTEX_POINT('',#4863);
#4863 = CARTESIAN_POINT('',(113.36735140554,54.,73.562308149605));
#4864 = B_SPLINE_CURVE_WITH_KNOTS('',3,(#4865,#4866,#4867,#4868,#4869),
  .UNSPECIFIED.,.F.,.F.,(4,1,4),(-0.104609093624,-5.317289873358E-02,0.)
  ,.UNSPECIFIED.);
#4865 = CARTESIAN_POINT('',(113.36735140554,54.,73.562308149605));
#4866 = CARTESIAN_POINT('',(113.28692056031,54.,73.71697431772));
#4867 = CARTESIAN_POINT('',(113.12334318378,54.,74.031528839011));
#4868 = CARTESIAN_POINT('',(112.82975872936,54.,74.230720845895));
#4869 = CARTESIAN_POINT('',(112.68052948051,54.,74.331970326641));
#4870 = ORIENTED_EDGE('',*,*,#4871,.F.);
#4871 = EDGE_CURVE('',#4851,#4862,#4872,.T.);
#4872 = LINE('',#4873,#4874);
#4873 = CARTESIAN_POINT('',(113.36735140554,53.,73.562308149605));
#4874 = VECTOR('',#4875,1.);
#4875 = DIRECTION('',(0.,1.,0.));
#4876 = B_SPLINE_SURFACE_WITH_KNOTS('',3,1,(
    (#4877,#4878)
    ,(#4879,#4880)
    ,(#4881,#4882)
    ,(#4883,#4884)
    ,(#4885,#4886
    )),.UNSPECIFIED.,.F.,.F.,.F.,(4,1,4),(2,2),(-0.104609093624,
    -5.317289873358E-02,0.),(0.,1.E-01),.UNSPECIFIED.);
#4877 = CARTESIAN_POINT('',(113.36735140554,53.,73.562308149605));
#4878 = CARTESIAN_POINT('',(113.36735140554,54.,73.562308149605));
#4879 = CARTESIAN_POINT('',(113.28692056031,53.,73.71697431772));
#4880 = CARTESIAN_POINT('',(113.28692056031,54.,73.71697431772));
#4881 = CARTESIAN_POINT('',(113.12334318378,53.,74.031528839011));
#4882 = CARTESIAN_POINT('',(113.12334318378,54.,74.031528839011));
#4883 = CARTESIAN_POINT('',(112.82975872936,53.,74.230720845895));
#4884 = CARTESIAN_POINT('',(112.82975872936,54.,74.230720845895));
#4885 = CARTESIAN_POINT('',(112.68052948051,53.,74.331970326641));
#4886 = CARTESIAN_POINT('',(112.68052948051,54.,74.331970326641));
#4887 = ADVANCED_FACE('',(#4888),#4917,.T.);
#4888 = FACE_BOUND('',#4889,.T.);
#4889 = EDGE_LOOP('',(#4890,#4900,#4901,#4911));
#4890 = ORIENTED_EDGE('',*,*,#4891,.F.);
#4891 = EDGE_CURVE('',#4851,#4892,#4894,.T.);
#4892 = VERTEX_POINT('',#4893);
#4893 = CARTESIAN_POINT('',(113.5709335164,53.,72.147228616663));
#4894 = B_SPLINE_CURVE_WITH_KNOTS('',3,(#4895,#4896,#4897,#4898,#4899),
  .UNSPECIFIED.,.F.,.F.,(4,1,4),(0.,6.164740104235E-02,0.143572123311),
  .UNSPECIFIED.);
#4895 = CARTESIAN_POINT('',(113.36735140554,53.,73.562308149605));
#4896 = CARTESIAN_POINT('',(113.42607863426,53.,73.364426400456));
#4897 = CARTESIAN_POINT('',(113.56284989763,53.,72.903574808833));
#4898 = CARTESIAN_POINT('',(113.56799667611,53.,72.422014951581));
#4899 = CARTESIAN_POINT('',(113.5709335164,53.,72.147228616663));
#4900 = ORIENTED_EDGE('',*,*,#4871,.T.);
#4901 = ORIENTED_EDGE('',*,*,#4902,.F.);
#4902 = EDGE_CURVE('',#4903,#4862,#4905,.T.);
#4903 = VERTEX_POINT('',#4904);
#4904 = CARTESIAN_POINT('',(113.5709335164,54.,72.147228616663));
#4905 = B_SPLINE_CURVE_WITH_KNOTS('',3,(#4906,#4907,#4908,#4909,#4910),
  .UNSPECIFIED.,.F.,.F.,(4,1,4),(-0.143572123311,-6.164740104235E-02,0.)
  ,.UNSPECIFIED.);
#4906 = CARTESIAN_POINT('',(113.5709335164,54.,72.147228616663));
#4907 = CARTESIAN_POINT('',(113.56799667611,54.,72.422014951581));
#4908 = CARTESIAN_POINT('',(113.56284989763,54.,72.903574808833));
#4909 = CARTESIAN_POINT('',(113.42607863426,54.,73.364426400456));
#4910 = CARTESIAN_POINT('',(113.36735140554,54.,73.562308149605));
#4911 = ORIENTED_EDGE('',*,*,#4912,.F.);
#4912 = EDGE_CURVE('',#4892,#4903,#4913,.T.);
#4913 = LINE('',#4914,#4915);
#4914 = CARTESIAN_POINT('',(113.5709335164,53.,72.147228616663));
#4915 = VECTOR('',#4916,1.);
#4916 = DIRECTION('',(0.,1.,0.));
#4917 = B_SPLINE_SURFACE_WITH_KNOTS('',3,1,(
    (#4918,#4919)
    ,(#4920,#4921)
    ,(#4922,#4923)
    ,(#4924,#4925)
    ,(#4926,#4927
    )),.UNSPECIFIED.,.F.,.F.,.F.,(4,1,4),(2,2),(-0.143572123311,
    -6.164740104235E-02,0.),(0.,1.E-01),.UNSPECIFIED.);
#4918 = CARTESIAN_POINT('',(113.5709335164,53.,72.147228616663));
#4919 = CARTESIAN_POINT('',(113.5709335164,54.,72.147228616663));
#4920 = CARTESIAN_POINT('',(113.56799667611,53.,72.422014951581));
#4921 = CARTESIAN_POINT('',(113.56799667611,54.,72.422014951581));
#4922 = CARTESIAN_POINT('',(113.56284989763,53.,72.903574808833));
#4923 = CARTESIAN_POINT('',(113.56284989763,54.,72.903574808833));
#4924 = CARTESIAN_POINT('',(113.42607863426,53.,73.364426400456));
#4925 = CARTESIAN_POINT('',(113.42607863426,54.,73.364426400456));
#4926 = CARTESIAN_POINT('',(113.36735140554,53.,73.562308149605));
#4927 = CARTESIAN_POINT('',(113.36735140554,54.,73.562308149605));
#4928 = ADVANCED_FACE('',(#4929),#4954,.T.);
#4929 = FACE_BOUND('',#4930,.T.);
#4930 = EDGE_LOOP('',(#4931,#4939,#4940,#4948));
#4931 = ORIENTED_EDGE('',*,*,#4932,.F.);
#4932 = EDGE_CURVE('',#4892,#4933,#4935,.T.);
#4933 = VERTEX_POINT('',#4934);
#4934 = CARTESIAN_POINT('',(113.57739710484,53.,68.265924370123));
#4935 = LINE('',#4936,#4937);
#4936 = CARTESIAN_POINT('',(113.57348435457,53.,70.615482109062));
#4937 = VECTOR('',#4938,1.);
#4938 = DIRECTION('',(1.66531121199E-03,0.,-0.999998613368));
#4939 = ORIENTED_EDGE('',*,*,#4912,.T.);
#4940 = ORIENTED_EDGE('',*,*,#4941,.F.);
#4941 = EDGE_CURVE('',#4942,#4903,#4944,.T.);
#4942 = VERTEX_POINT('',#4943);
#4943 = CARTESIAN_POINT('',(113.57739710484,54.,68.265924370123));
#4944 = LINE('',#4945,#4946);
#4945 = CARTESIAN_POINT('',(113.5709335164,54.,72.147228616663));
#4946 = VECTOR('',#4947,1.);
#4947 = DIRECTION('',(-1.66531121199E-03,0.,0.999998613368));
#4948 = ORIENTED_EDGE('',*,*,#4949,.F.);
#4949 = EDGE_CURVE('',#4933,#4942,#4950,.T.);
#4950 = LINE('',#4951,#4952);
#4951 = CARTESIAN_POINT('',(113.57739710484,53.,68.265924370123));
#4952 = VECTOR('',#4953,1.);
#4953 = DIRECTION('',(0.,1.,0.));
#4954 = PLANE('',#4955);
#4955 = AXIS2_PLACEMENT_3D('',#4956,#4957,#4958);
#4956 = CARTESIAN_POINT('',(113.57739710484,53.,68.265924370123));
#4957 = DIRECTION('',(-0.999998613368,0.,-1.66531121199E-03));
#4958 = DIRECTION('',(-1.66531121199E-03,0.,0.999998613368));
#4959 = ADVANCED_FACE('',(#4960),#4985,.T.);
#4960 = FACE_BOUND('',#4961,.T.);
#4961 = EDGE_LOOP('',(#4962,#4970,#4971,#4979));
#4962 = ORIENTED_EDGE('',*,*,#4963,.F.);
#4963 = EDGE_CURVE('',#4933,#4964,#4966,.T.);
#4964 = VERTEX_POINT('',#4965);
#4965 = CARTESIAN_POINT('',(114.80523201117,53.,68.267969100195));
#4966 = LINE('',#4967,#4968);
#4967 = CARTESIAN_POINT('',(91.412057118305,53.,68.229012129743));
#4968 = VECTOR('',#4969,1.);
#4969 = DIRECTION('',(0.999998613368,0.,1.665311211988E-03));
#4970 = ORIENTED_EDGE('',*,*,#4949,.T.);
#4971 = ORIENTED_EDGE('',*,*,#4972,.F.);
#4972 = EDGE_CURVE('',#4973,#4942,#4975,.T.);
#4973 = VERTEX_POINT('',#4974);
#4974 = CARTESIAN_POINT('',(114.80523201117,54.,68.267969100195));
#4975 = LINE('',#4976,#4977);
#4976 = CARTESIAN_POINT('',(113.57739710484,54.,68.265924370123));
#4977 = VECTOR('',#4978,1.);
#4978 = DIRECTION('',(-0.999998613368,0.,-1.665311211988E-03));
#4979 = ORIENTED_EDGE('',*,*,#4980,.F.);
#4980 = EDGE_CURVE('',#4964,#4973,#4981,.T.);
#4981 = LINE('',#4982,#4983);
#4982 = CARTESIAN_POINT('',(114.80523201117,53.,68.267969100195));
#4983 = VECTOR('',#4984,1.);
#4984 = DIRECTION('',(0.,1.,0.));
#4985 = PLANE('',#4986);
#4986 = AXIS2_PLACEMENT_3D('',#4987,#4988,#4989);
#4987 = CARTESIAN_POINT('',(114.80523201117,53.,68.267969100195));
#4988 = DIRECTION('',(1.665311211988E-03,0.,-0.999998613368));
#4989 = DIRECTION('',(-0.999998613368,0.,-1.665311211988E-03));
#4990 = ADVANCED_FACE('',(#4991),#5016,.T.);
#4991 = FACE_BOUND('',#4992,.T.);
#4992 = EDGE_LOOP('',(#4993,#5001,#5002,#5010));
#4993 = ORIENTED_EDGE('',*,*,#4994,.F.);
#4994 = EDGE_CURVE('',#4964,#4995,#4997,.T.);
#4995 = VERTEX_POINT('',#4996);
#4996 = CARTESIAN_POINT('',(114.79316816053,53.,75.51216095373));
#4997 = LINE('',#4998,#4999);
#4998 = CARTESIAN_POINT('',(114.79528733558,53.,74.239622765901));
#4999 = VECTOR('',#5000,1.);
#5000 = DIRECTION('',(-1.665311211989E-03,0.,0.999998613368));
#5001 = ORIENTED_EDGE('',*,*,#4980,.T.);
#5002 = ORIENTED_EDGE('',*,*,#5003,.F.);
#5003 = EDGE_CURVE('',#5004,#4973,#5006,.T.);
#5004 = VERTEX_POINT('',#5005);
#5005 = CARTESIAN_POINT('',(114.79316816053,54.,75.51216095373));
#5006 = LINE('',#5007,#5008);
#5007 = CARTESIAN_POINT('',(114.80523201117,54.,68.267969100195));
#5008 = VECTOR('',#5009,1.);
#5009 = DIRECTION('',(1.665311211989E-03,0.,-0.999998613368));
#5010 = ORIENTED_EDGE('',*,*,#5011,.F.);
#5011 = EDGE_CURVE('',#4995,#5004,#5012,.T.);
#5012 = LINE('',#5013,#5014);
#5013 = CARTESIAN_POINT('',(114.79316816053,53.,75.51216095373));
#5014 = VECTOR('',#5015,1.);
#5015 = DIRECTION('',(0.,1.,0.));
#5016 = PLANE('',#5017);
#5017 = AXIS2_PLACEMENT_3D('',#5018,#5019,#5020);
#5018 = CARTESIAN_POINT('',(114.79316816053,53.,75.51216095373));
#5019 = DIRECTION('',(0.999998613368,0.,1.665311211989E-03));
#5020 = DIRECTION('',(1.665311211989E-03,0.,-0.999998613368));
#5021 = ADVANCED_FACE('',(#5022),#5038,.T.);
#5022 = FACE_BOUND('',#5023,.T.);
#5023 = EDGE_LOOP('',(#5024,#5030,#5031,#5037));
#5024 = ORIENTED_EDGE('',*,*,#5025,.F.);
#5025 = EDGE_CURVE('',#4995,#4349,#5026,.T.);
#5026 = LINE('',#5027,#5028);
#5027 = CARTESIAN_POINT('',(90.85087789444,53.,75.472289534022));
#5028 = VECTOR('',#5029,1.);
#5029 = DIRECTION('',(-0.999998613368,0.,-1.665311211986E-03));
#5030 = ORIENTED_EDGE('',*,*,#5011,.T.);
#5031 = ORIENTED_EDGE('',*,*,#5032,.F.);
#5032 = EDGE_CURVE('',#4359,#5004,#5033,.T.);
#5033 = LINE('',#5034,#5035);
#5034 = CARTESIAN_POINT('',(114.79316816053,54.,75.51216095373));
#5035 = VECTOR('',#5036,1.);
#5036 = DIRECTION('',(0.999998613368,0.,1.665311211986E-03));
#5037 = ORIENTED_EDGE('',*,*,#4358,.F.);
#5038 = PLANE('',#5039);
#5039 = AXIS2_PLACEMENT_3D('',#5040,#5041,#5042);
#5040 = CARTESIAN_POINT('',(113.69493741409,53.,75.510332055218));
#5041 = DIRECTION('',(-1.665311211986E-03,0.,0.999998613368));
#5042 = DIRECTION('',(0.999998613368,0.,1.665311211986E-03));
#5043 = ADVANCED_FACE('',(#5044),#5065,.T.);
#5044 = FACE_BOUND('',#5045,.T.);
#5045 = EDGE_LOOP('',(#5046,#5047,#5048,#5049,#5050,#5051,#5052,#5053,
    #5054,#5055,#5056,#5057,#5058,#5059,#5060,#5061,#5062,#5063,#5064));
#5046 = ORIENTED_EDGE('',*,*,#5032,.T.);
#5047 = ORIENTED_EDGE('',*,*,#5003,.T.);
#5048 = ORIENTED_EDGE('',*,*,#4972,.T.);
#5049 = ORIENTED_EDGE('',*,*,#4941,.T.);
#5050 = ORIENTED_EDGE('',*,*,#4902,.T.);
#5051 = ORIENTED_EDGE('',*,*,#4861,.T.);
#5052 = ORIENTED_EDGE('',*,*,#4820,.T.);
#5053 = ORIENTED_EDGE('',*,*,#4779,.T.);
#5054 = ORIENTED_EDGE('',*,*,#4738,.T.);
#5055 = ORIENTED_EDGE('',*,*,#4697,.T.);
#5056 = ORIENTED_EDGE('',*,*,#4664,.T.);
#5057 = ORIENTED_EDGE('',*,*,#4633,.T.);
#5058 = ORIENTED_EDGE('',*,*,#4602,.T.);
#5059 = ORIENTED_EDGE('',*,*,#4563,.T.);
#5060 = ORIENTED_EDGE('',*,*,#4522,.T.);
#5061 = ORIENTED_EDGE('',*,*,#4481,.T.);
#5062 = ORIENTED_EDGE('',*,*,#4440,.T.);
#5063 = ORIENTED_EDGE('',*,*,#4399,.T.);
#5064 = ORIENTED_EDGE('',*,*,#4366,.T.);
#5065 = PLANE('',#5066);
#5066 = AXIS2_PLACEMENT_3D('',#5067,#5068,#5069);
#5067 = CARTESIAN_POINT('',(70.398423006811,54.,71.860650462761));
#5068 = DIRECTION('',(0.,1.,0.));
#5069 = DIRECTION('',(-1.,0.,0.));
#5070 = ADVANCED_FACE('',(#5071),#5105,.T.);
#5071 = FACE_BOUND('',#5072,.T.);
#5072 = EDGE_LOOP('',(#5073,#5083,#5091,#5099));
#5073 = ORIENTED_EDGE('',*,*,#5074,.F.);
#5074 = EDGE_CURVE('',#5075,#5077,#5079,.T.);
#5075 = VERTEX_POINT('',#5076);
#5076 = CARTESIAN_POINT('',(92.610395765921,53.,75.475219682924));
#5077 = VERTEX_POINT('',#5078);
#5078 = CARTESIAN_POINT('',(95.263318608928,53.,71.714284214017));
#5079 = LINE('',#5080,#5081);
#5080 = CARTESIAN_POINT('',(90.459293934049,53.,78.524744925635));
#5081 = VECTOR('',#5082,1.);
#5082 = DIRECTION('',(0.576414139571,0.,-0.817157720212));
#5083 = ORIENTED_EDGE('',*,*,#5084,.T.);
#5084 = EDGE_CURVE('',#5075,#5085,#5087,.T.);
#5085 = VERTEX_POINT('',#5086);
#5086 = CARTESIAN_POINT('',(92.610395765921,54.,75.475219682924));
#5087 = LINE('',#5088,#5089);
#5088 = CARTESIAN_POINT('',(92.610395765921,53.,75.475219682924));
#5089 = VECTOR('',#5090,1.);
#5090 = DIRECTION('',(0.,1.,0.));
#5091 = ORIENTED_EDGE('',*,*,#5092,.F.);
#5092 = EDGE_CURVE('',#5093,#5085,#5095,.T.);
#5093 = VERTEX_POINT('',#5094);
#5094 = CARTESIAN_POINT('',(95.263318608928,54.,71.714284214017));
#5095 = LINE('',#5096,#5097);
#5096 = CARTESIAN_POINT('',(92.610395765921,54.,75.475219682924));
#5097 = VECTOR('',#5098,1.);
#5098 = DIRECTION('',(-0.576414139571,0.,0.817157720212));
#5099 = ORIENTED_EDGE('',*,*,#5100,.F.);
#5100 = EDGE_CURVE('',#5077,#5093,#5101,.T.);
#5101 = LINE('',#5102,#5103);
#5102 = CARTESIAN_POINT('',(95.263318608928,53.,71.714284214017));
#5103 = VECTOR('',#5104,1.);
#5104 = DIRECTION('',(0.,1.,0.));
#5105 = PLANE('',#5106);
#5106 = AXIS2_PLACEMENT_3D('',#5107,#5108,#5109);
#5107 = CARTESIAN_POINT('',(95.263318608928,53.,71.714284214017));
#5108 = DIRECTION('',(-0.817157720212,0.,-0.576414139571));
#5109 = DIRECTION('',(-0.576414139571,0.,0.817157720212));
#5110 = ADVANCED_FACE('',(#5111),#5136,.T.);
#5111 = FACE_BOUND('',#5112,.T.);
#5112 = EDGE_LOOP('',(#5113,#5121,#5122,#5130));
#5113 = ORIENTED_EDGE('',*,*,#5114,.F.);
#5114 = EDGE_CURVE('',#5077,#5115,#5117,.T.);
#5115 = VERTEX_POINT('',#5116);
#5116 = CARTESIAN_POINT('',(92.820275237347,53.,68.231357254417));
#5117 = LINE('',#5118,#5119);
#5118 = CARTESIAN_POINT('',(89.824575358405,53.,63.960535052646));
#5119 = VECTOR('',#5120,1.);
#5120 = DIRECTION('',(-0.574249987219,0.,-0.818680005972));
#5121 = ORIENTED_EDGE('',*,*,#5100,.T.);
#5122 = ORIENTED_EDGE('',*,*,#5123,.F.);
#5123 = EDGE_CURVE('',#5124,#5093,#5126,.T.);
#5124 = VERTEX_POINT('',#5125);
#5125 = CARTESIAN_POINT('',(92.820275237347,54.,68.231357254417));
#5126 = LINE('',#5127,#5128);
#5127 = CARTESIAN_POINT('',(95.263318608928,54.,71.714284214017));
#5128 = VECTOR('',#5129,1.);
#5129 = DIRECTION('',(0.574249987219,0.,0.818680005972));
#5130 = ORIENTED_EDGE('',*,*,#5131,.F.);
#5131 = EDGE_CURVE('',#5115,#5124,#5132,.T.);
#5132 = LINE('',#5133,#5134);
#5133 = CARTESIAN_POINT('',(92.820275237347,53.,68.231357254417));
#5134 = VECTOR('',#5135,1.);
#5135 = DIRECTION('',(0.,1.,0.));
#5136 = PLANE('',#5137);
#5137 = AXIS2_PLACEMENT_3D('',#5138,#5139,#5140);
#5138 = CARTESIAN_POINT('',(92.820275237347,53.,68.231357254417));
#5139 = DIRECTION('',(-0.818680005972,0.,0.574249987219));
#5140 = DIRECTION('',(0.574249987219,0.,0.818680005972));
#5141 = ADVANCED_FACE('',(#5142),#5167,.T.);
#5142 = FACE_BOUND('',#5143,.T.);
#5143 = EDGE_LOOP('',(#5144,#5152,#5153,#5161));
#5144 = ORIENTED_EDGE('',*,*,#5145,.F.);
#5145 = EDGE_CURVE('',#5115,#5146,#5148,.T.);
#5146 = VERTEX_POINT('',#5147);
#5147 = CARTESIAN_POINT('',(94.355064101894,53.,68.233913159065));
#5148 = LINE('',#5149,#5150);
#5149 = CARTESIAN_POINT('',(81.186973163663,53.,68.211984159178));
#5150 = VECTOR('',#5151,1.);
#5151 = DIRECTION('',(0.999998613368,0.,1.665311211989E-03));
#5152 = ORIENTED_EDGE('',*,*,#5131,.T.);
#5153 = ORIENTED_EDGE('',*,*,#5154,.F.);
#5154 = EDGE_CURVE('',#5155,#5124,#5157,.T.);
#5155 = VERTEX_POINT('',#5156);
#5156 = CARTESIAN_POINT('',(94.355064101894,54.,68.233913159065));
#5157 = LINE('',#5158,#5159);
#5158 = CARTESIAN_POINT('',(92.820275237347,54.,68.231357254417));
#5159 = VECTOR('',#5160,1.);
#5160 = DIRECTION('',(-0.999998613368,0.,-1.665311211989E-03));
#5161 = ORIENTED_EDGE('',*,*,#5162,.F.);
#5162 = EDGE_CURVE('',#5146,#5155,#5163,.T.);
#5163 = LINE('',#5164,#5165);
#5164 = CARTESIAN_POINT('',(94.355064101894,53.,68.233913159065));
#5165 = VECTOR('',#5166,1.);
#5166 = DIRECTION('',(0.,1.,0.));
#5167 = PLANE('',#5168);
#5168 = AXIS2_PLACEMENT_3D('',#5169,#5170,#5171);
#5169 = CARTESIAN_POINT('',(94.355064101894,53.,68.233913159065));
#5170 = DIRECTION('',(1.665311211989E-03,0.,-0.999998613368));
#5171 = DIRECTION('',(-0.999998613368,0.,-1.665311211989E-03));
#5172 = ADVANCED_FACE('',(#5173),#5198,.T.);
#5173 = FACE_BOUND('',#5174,.T.);
#5174 = EDGE_LOOP('',(#5175,#5183,#5184,#5192));
#5175 = ORIENTED_EDGE('',*,*,#5176,.F.);
#5176 = EDGE_CURVE('',#5146,#5177,#5179,.T.);
#5177 = VERTEX_POINT('',#5178);
#5178 = CARTESIAN_POINT('',(95.464103842187,53.,69.934261735074));
#5179 = LINE('',#5180,#5181);
#5180 = CARTESIAN_POINT('',(92.043439837641,53.,64.689795772478));
#5181 = VECTOR('',#5182,1.);
#5182 = DIRECTION('',(0.546308130873,0.,0.837584280024));
#5183 = ORIENTED_EDGE('',*,*,#5162,.T.);
#5184 = ORIENTED_EDGE('',*,*,#5185,.F.);
#5185 = EDGE_CURVE('',#5186,#5155,#5188,.T.);
#5186 = VERTEX_POINT('',#5187);
#5187 = CARTESIAN_POINT('',(95.464103842187,54.,69.934261735074));
#5188 = LINE('',#5189,#5190);
#5189 = CARTESIAN_POINT('',(94.355064101894,54.,68.233913159065));
#5190 = VECTOR('',#5191,1.);
#5191 = DIRECTION('',(-0.546308130873,0.,-0.837584280024));
#5192 = ORIENTED_EDGE('',*,*,#5193,.F.);
#5193 = EDGE_CURVE('',#5177,#5186,#5194,.T.);
#5194 = LINE('',#5195,#5196);
#5195 = CARTESIAN_POINT('',(95.464103842187,53.,69.934261735074));
#5196 = VECTOR('',#5197,1.);
#5197 = DIRECTION('',(0.,1.,0.));
#5198 = PLANE('',#5199);
#5199 = AXIS2_PLACEMENT_3D('',#5200,#5201,#5202);
#5200 = CARTESIAN_POINT('',(95.464103842187,53.,69.934261735074));
#5201 = DIRECTION('',(0.837584280024,0.,-0.546308130873));
#5202 = DIRECTION('',(-0.546308130873,0.,-0.837584280024));
#5203 = ADVANCED_FACE('',(#5204),#5233,.T.);
#5204 = FACE_BOUND('',#5205,.T.);
#5205 = EDGE_LOOP('',(#5206,#5216,#5217,#5227));
#5206 = ORIENTED_EDGE('',*,*,#5207,.F.);
#5207 = EDGE_CURVE('',#5177,#5208,#5210,.T.);
#5208 = VERTEX_POINT('',#5209);
#5209 = CARTESIAN_POINT('',(95.967526402467,53.,70.746833628431));
#5210 = B_SPLINE_CURVE_WITH_KNOTS('',3,(#5211,#5212,#5213,#5214,#5215),
  .UNSPECIFIED.,.F.,.F.,(4,1,4),(0.,5.274850647317E-02,
    9.559410561004E-02),.UNSPECIFIED.);
#5211 = CARTESIAN_POINT('',(95.464103842187,53.,69.934261735074));
#5212 = CARTESIAN_POINT('',(95.559152668057,53.,70.082204001896));
#5213 = CARTESIAN_POINT('',(95.7314060285,53.,70.350314127175));
#5214 = CARTESIAN_POINT('',(95.894449687159,53.,70.624115108973));
#5215 = CARTESIAN_POINT('',(95.967526402467,53.,70.746833628431));
#5216 = ORIENTED_EDGE('',*,*,#5193,.T.);
#5217 = ORIENTED_EDGE('',*,*,#5218,.F.);
#5218 = EDGE_CURVE('',#5219,#5186,#5221,.T.);
#5219 = VERTEX_POINT('',#5220);
#5220 = CARTESIAN_POINT('',(95.967526402467,54.,70.746833628431));
#5221 = B_SPLINE_CURVE_WITH_KNOTS('',3,(#5222,#5223,#5224,#5225,#5226),
  .UNSPECIFIED.,.F.,.F.,(4,1,4),(-9.559410561004E-02,-5.274850647317E-02
    ,0.),.UNSPECIFIED.);
#5222 = CARTESIAN_POINT('',(95.967526402467,54.,70.746833628431));
#5223 = CARTESIAN_POINT('',(95.894449687159,54.,70.624115108973));
#5224 = CARTESIAN_POINT('',(95.7314060285,54.,70.350314127175));
#5225 = CARTESIAN_POINT('',(95.559152668057,54.,70.082204001896));
#5226 = CARTESIAN_POINT('',(95.464103842187,54.,69.934261735074));
#5227 = ORIENTED_EDGE('',*,*,#5228,.F.);
#5228 = EDGE_CURVE('',#5208,#5219,#5229,.T.);
#5229 = LINE('',#5230,#5231);
#5230 = CARTESIAN_POINT('',(95.967526402467,53.,70.746833628431));
#5231 = VECTOR('',#5232,1.);
#5232 = DIRECTION('',(0.,1.,0.));
#5233 = B_SPLINE_SURFACE_WITH_KNOTS('',3,1,(
    (#5234,#5235)
    ,(#5236,#5237)
    ,(#5238,#5239)
    ,(#5240,#5241)
    ,(#5242,#5243
    )),.UNSPECIFIED.,.F.,.F.,.F.,(4,1,4),(2,2),(-9.559410561004E-02,
    -5.274850647317E-02,0.),(0.,1.E-01),.UNSPECIFIED.);
#5234 = CARTESIAN_POINT('',(95.967526402467,53.,70.746833628431));
#5235 = CARTESIAN_POINT('',(95.967526402467,54.,70.746833628431));
#5236 = CARTESIAN_POINT('',(95.894449687159,53.,70.624115108973));
#5237 = CARTESIAN_POINT('',(95.894449687159,54.,70.624115108973));
#5238 = CARTESIAN_POINT('',(95.7314060285,53.,70.350314127175));
#5239 = CARTESIAN_POINT('',(95.7314060285,54.,70.350314127175));
#5240 = CARTESIAN_POINT('',(95.559152668057,53.,70.082204001896));
#5241 = CARTESIAN_POINT('',(95.559152668057,54.,70.082204001896));
#5242 = CARTESIAN_POINT('',(95.464103842187,53.,69.934261735074));
#5243 = CARTESIAN_POINT('',(95.464103842187,54.,69.934261735074));
#5244 = ADVANCED_FACE('',(#5245),#5274,.T.);
#5245 = FACE_BOUND('',#5246,.T.);
#5246 = EDGE_LOOP('',(#5247,#5257,#5258,#5268));
#5247 = ORIENTED_EDGE('',*,*,#5248,.F.);
#5248 = EDGE_CURVE('',#5208,#5249,#5251,.T.);
#5249 = VERTEX_POINT('',#5250);
#5250 = CARTESIAN_POINT('',(96.521375456669,53.,69.949664753802));
#5251 = B_SPLINE_CURVE_WITH_KNOTS('',3,(#5252,#5253,#5254,#5255,#5256),
  .UNSPECIFIED.,.F.,.F.,(4,1,4),(0.,5.131915609557E-02,9.70730279445E-02
    ),.UNSPECIFIED.);
#5252 = CARTESIAN_POINT('',(95.967526402467,53.,70.746833628431));
#5253 = CARTESIAN_POINT('',(96.063100878451,53.,70.6049459192));
#5254 = CARTESIAN_POINT('',(96.243885296666,53.,70.336557453546));
#5255 = CARTESIAN_POINT('',(96.432482893444,53.,70.073603864915));
#5256 = CARTESIAN_POINT('',(96.521375456669,53.,69.949664753802));
#5257 = ORIENTED_EDGE('',*,*,#5228,.T.);
#5258 = ORIENTED_EDGE('',*,*,#5259,.F.);
#5259 = EDGE_CURVE('',#5260,#5219,#5262,.T.);
#5260 = VERTEX_POINT('',#5261);
#5261 = CARTESIAN_POINT('',(96.521375456669,54.,69.949664753802));
#5262 = B_SPLINE_CURVE_WITH_KNOTS('',3,(#5263,#5264,#5265,#5266,#5267),
  .UNSPECIFIED.,.F.,.F.,(4,1,4),(-9.70730279445E-02,-5.131915609557E-02,
    0.),.UNSPECIFIED.);
#5263 = CARTESIAN_POINT('',(96.521375456669,54.,69.949664753802));
#5264 = CARTESIAN_POINT('',(96.432482893444,54.,70.073603864915));
#5265 = CARTESIAN_POINT('',(96.243885296666,54.,70.336557453546));
#5266 = CARTESIAN_POINT('',(96.063100878451,54.,70.6049459192));
#5267 = CARTESIAN_POINT('',(95.967526402467,54.,70.746833628431));
#5268 = ORIENTED_EDGE('',*,*,#5269,.F.);
#5269 = EDGE_CURVE('',#5249,#5260,#5270,.T.);
#5270 = LINE('',#5271,#5272);
#5271 = CARTESIAN_POINT('',(96.521375456669,53.,69.949664753802));
#5272 = VECTOR('',#5273,1.);
#5273 = DIRECTION('',(0.,1.,0.));
#5274 = B_SPLINE_SURFACE_WITH_KNOTS('',3,1,(
    (#5275,#5276)
    ,(#5277,#5278)
    ,(#5279,#5280)
    ,(#5281,#5282)
    ,(#5283,#5284
    )),.UNSPECIFIED.,.F.,.F.,.F.,(4,1,4),(2,2),(-9.70730279445E-02,
    -5.131915609557E-02,0.),(0.,1.E-01),.UNSPECIFIED.);
#5275 = CARTESIAN_POINT('',(96.521375456669,53.,69.949664753802));
#5276 = CARTESIAN_POINT('',(96.521375456669,54.,69.949664753802));
#5277 = CARTESIAN_POINT('',(96.432482893444,53.,70.073603864915));
#5278 = CARTESIAN_POINT('',(96.432482893444,54.,70.073603864915));
#5279 = CARTESIAN_POINT('',(96.243885296666,53.,70.336557453546));
#5280 = CARTESIAN_POINT('',(96.243885296666,54.,70.336557453546));
#5281 = CARTESIAN_POINT('',(96.063100878451,53.,70.6049459192));
#5282 = CARTESIAN_POINT('',(96.063100878451,54.,70.6049459192));
#5283 = CARTESIAN_POINT('',(95.967526402467,53.,70.746833628431));
#5284 = CARTESIAN_POINT('',(95.967526402467,54.,70.746833628431));
#5285 = ADVANCED_FACE('',(#5286),#5311,.T.);
#5286 = FACE_BOUND('',#5287,.T.);
#5287 = EDGE_LOOP('',(#5288,#5296,#5297,#5305));
#5288 = ORIENTED_EDGE('',*,*,#5289,.F.);
#5289 = EDGE_CURVE('',#5249,#5290,#5292,.T.);
#5290 = VERTEX_POINT('',#5291);
#5291 = CARTESIAN_POINT('',(97.74523331302,53.,68.239558853692));
#5292 = LINE('',#5293,#5294);
#5293 = CARTESIAN_POINT('',(91.609500836304,53.,76.813064555753));
#5294 = VECTOR('',#5295,1.);
#5295 = DIRECTION('',(0.581979060047,0.,-0.813203771306));
#5296 = ORIENTED_EDGE('',*,*,#5269,.T.);
#5297 = ORIENTED_EDGE('',*,*,#5298,.F.);
#5298 = EDGE_CURVE('',#5299,#5260,#5301,.T.);
#5299 = VERTEX_POINT('',#5300);
#5300 = CARTESIAN_POINT('',(97.74523331302,54.,68.239558853692));
#5301 = LINE('',#5302,#5303);
#5302 = CARTESIAN_POINT('',(96.521375456669,54.,69.949664753802));
#5303 = VECTOR('',#5304,1.);
#5304 = DIRECTION('',(-0.581979060047,0.,0.813203771306));
#5305 = ORIENTED_EDGE('',*,*,#5306,.F.);
#5306 = EDGE_CURVE('',#5290,#5299,#5307,.T.);
#5307 = LINE('',#5308,#5309);
#5308 = CARTESIAN_POINT('',(97.74523331302,53.,68.239558853692));
#5309 = VECTOR('',#5310,1.);
#5310 = DIRECTION('',(0.,1.,0.));
#5311 = PLANE('',#5312);
#5312 = AXIS2_PLACEMENT_3D('',#5313,#5314,#5315);
#5313 = CARTESIAN_POINT('',(97.74523331302,53.,68.239558853692));
#5314 = DIRECTION('',(-0.813203771306,0.,-0.581979060047));
#5315 = DIRECTION('',(-0.581979060047,0.,0.813203771306));
#5316 = ADVANCED_FACE('',(#5317),#5342,.T.);
#5317 = FACE_BOUND('',#5318,.T.);
#5318 = EDGE_LOOP('',(#5319,#5327,#5328,#5336));
#5319 = ORIENTED_EDGE('',*,*,#5320,.F.);
#5320 = EDGE_CURVE('',#5290,#5321,#5323,.T.);
#5321 = VERTEX_POINT('',#5322);
#5322 = CARTESIAN_POINT('',(99.21181071667,53.,68.242001164872));
#5323 = LINE('',#5324,#5325);
#5324 = CARTESIAN_POINT('',(83.615346471051,53.,68.216028162081));
#5325 = VECTOR('',#5326,1.);
#5326 = DIRECTION('',(0.999998613368,0.,1.665311211986E-03));
#5327 = ORIENTED_EDGE('',*,*,#5306,.T.);
#5328 = ORIENTED_EDGE('',*,*,#5329,.F.);
#5329 = EDGE_CURVE('',#5330,#5299,#5332,.T.);
#5330 = VERTEX_POINT('',#5331);
#5331 = CARTESIAN_POINT('',(99.21181071667,54.,68.242001164872));
#5332 = LINE('',#5333,#5334);
#5333 = CARTESIAN_POINT('',(97.74523331302,54.,68.239558853692));
#5334 = VECTOR('',#5335,1.);
#5335 = DIRECTION('',(-0.999998613368,0.,-1.665311211986E-03));
#5336 = ORIENTED_EDGE('',*,*,#5337,.F.);
#5337 = EDGE_CURVE('',#5321,#5330,#5338,.T.);
#5338 = LINE('',#5339,#5340);
#5339 = CARTESIAN_POINT('',(99.21181071667,53.,68.242001164872));
#5340 = VECTOR('',#5341,1.);
#5341 = DIRECTION('',(0.,1.,0.));
#5342 = PLANE('',#5343);
#5343 = AXIS2_PLACEMENT_3D('',#5344,#5345,#5346);
#5344 = CARTESIAN_POINT('',(99.21181071667,53.,68.242001164872));
#5345 = DIRECTION('',(1.665311211986E-03,0.,-0.999998613368));
#5346 = DIRECTION('',(-0.999998613368,0.,-1.665311211986E-03));
#5347 = ADVANCED_FACE('',(#5348),#5373,.T.);
#5348 = FACE_BOUND('',#5349,.T.);
#5349 = EDGE_LOOP('',(#5350,#5358,#5359,#5367));
#5350 = ORIENTED_EDGE('',*,*,#5351,.F.);
#5351 = EDGE_CURVE('',#5321,#5352,#5354,.T.);
#5352 = VERTEX_POINT('',#5353);
#5353 = CARTESIAN_POINT('',(96.702720255308,53.,71.648468426881));
#5354 = LINE('',#5355,#5356);
#5355 = CARTESIAN_POINT('',(91.360860413074,53.,78.900845713007));
#5356 = VECTOR('',#5357,1.);
#5357 = DIRECTION('',(-0.593055328945,0.,0.805161708484));
#5358 = ORIENTED_EDGE('',*,*,#5337,.T.);
#5359 = ORIENTED_EDGE('',*,*,#5360,.F.);
#5360 = EDGE_CURVE('',#5361,#5330,#5363,.T.);
#5361 = VERTEX_POINT('',#5362);
#5362 = CARTESIAN_POINT('',(96.702720255308,54.,71.648468426881));
#5363 = LINE('',#5364,#5365);
#5364 = CARTESIAN_POINT('',(99.21181071667,54.,68.242001164872));
#5365 = VECTOR('',#5366,1.);
#5366 = DIRECTION('',(0.593055328945,0.,-0.805161708484));
#5367 = ORIENTED_EDGE('',*,*,#5368,.F.);
#5368 = EDGE_CURVE('',#5352,#5361,#5369,.T.);
#5369 = LINE('',#5370,#5371);
#5370 = CARTESIAN_POINT('',(96.702720255308,53.,71.648468426881));
#5371 = VECTOR('',#5372,1.);
#5372 = DIRECTION('',(0.,1.,0.));
#5373 = PLANE('',#5374);
#5374 = AXIS2_PLACEMENT_3D('',#5375,#5376,#5377);
#5375 = CARTESIAN_POINT('',(96.702720255308,53.,71.648468426881));
#5376 = DIRECTION('',(0.805161708484,0.,0.593055328945));
#5377 = DIRECTION('',(0.593055328945,0.,-0.805161708484));
#5378 = ADVANCED_FACE('',(#5379),#5404,.T.);
#5379 = FACE_BOUND('',#5380,.T.);
#5380 = EDGE_LOOP('',(#5381,#5389,#5390,#5398));
#5381 = ORIENTED_EDGE('',*,*,#5382,.F.);
#5382 = EDGE_CURVE('',#5352,#5383,#5385,.T.);
#5383 = VERTEX_POINT('',#5384);
#5384 = CARTESIAN_POINT('',(99.390738956537,53.,75.486511080117));
#5385 = LINE('',#5386,#5387);
#5386 = CARTESIAN_POINT('',(93.61719116466,53.,67.242847196531));
#5387 = VECTOR('',#5388,1.);
#5388 = DIRECTION('',(0.573661252939,0.,0.81909264853));
#5389 = ORIENTED_EDGE('',*,*,#5368,.T.);
#5390 = ORIENTED_EDGE('',*,*,#5391,.F.);
#5391 = EDGE_CURVE('',#5392,#5361,#5394,.T.);
#5392 = VERTEX_POINT('',#5393);
#5393 = CARTESIAN_POINT('',(99.390738956537,54.,75.486511080117));
#5394 = LINE('',#5395,#5396);
#5395 = CARTESIAN_POINT('',(96.702720255308,54.,71.648468426881));
#5396 = VECTOR('',#5397,1.);
#5397 = DIRECTION('',(-0.573661252939,0.,-0.81909264853));
#5398 = ORIENTED_EDGE('',*,*,#5399,.F.);
#5399 = EDGE_CURVE('',#5383,#5392,#5400,.T.);
#5400 = LINE('',#5401,#5402);
#5401 = CARTESIAN_POINT('',(99.390738956537,53.,75.486511080117));
#5402 = VECTOR('',#5403,1.);
#5403 = DIRECTION('',(0.,1.,0.));
#5404 = PLANE('',#5405);
#5405 = AXIS2_PLACEMENT_3D('',#5406,#5407,#5408);
#5406 = CARTESIAN_POINT('',(99.390738956537,53.,75.486511080117));
#5407 = DIRECTION('',(0.81909264853,0.,-0.573661252939));
#5408 = DIRECTION('',(-0.573661252939,0.,-0.81909264853));
#5409 = ADVANCED_FACE('',(#5410),#5435,.T.);
#5410 = FACE_BOUND('',#5411,.T.);
#5411 = EDGE_LOOP('',(#5412,#5420,#5421,#5429));
#5412 = ORIENTED_EDGE('',*,*,#5413,.F.);
#5413 = EDGE_CURVE('',#5383,#5414,#5416,.T.);
#5414 = VERTEX_POINT('',#5415);
#5415 = CARTESIAN_POINT('',(97.883239444714,53.,75.484000620797));
#5416 = LINE('',#5417,#5418);
#5417 = CARTESIAN_POINT('',(82.945028909751,53.,75.459123816811));
#5418 = VECTOR('',#5419,1.);
#5419 = DIRECTION('',(-0.999998613368,0.,-1.665311211987E-03));
#5420 = ORIENTED_EDGE('',*,*,#5399,.T.);
#5421 = ORIENTED_EDGE('',*,*,#5422,.F.);
#5422 = EDGE_CURVE('',#5423,#5392,#5425,.T.);
#5423 = VERTEX_POINT('',#5424);
#5424 = CARTESIAN_POINT('',(97.883239444714,54.,75.484000620797));
#5425 = LINE('',#5426,#5427);
#5426 = CARTESIAN_POINT('',(99.390738956537,54.,75.486511080117));
#5427 = VECTOR('',#5428,1.);
#5428 = DIRECTION('',(0.999998613368,0.,1.665311211987E-03));
#5429 = ORIENTED_EDGE('',*,*,#5430,.F.);
#5430 = EDGE_CURVE('',#5414,#5423,#5431,.T.);
#5431 = LINE('',#5432,#5433);
#5432 = CARTESIAN_POINT('',(97.883239444714,53.,75.484000620797));
#5433 = VECTOR('',#5434,1.);
#5434 = DIRECTION('',(0.,1.,0.));
#5435 = PLANE('',#5436);
#5436 = AXIS2_PLACEMENT_3D('',#5437,#5438,#5439);
#5437 = CARTESIAN_POINT('',(97.883239444714,53.,75.484000620797));
#5438 = DIRECTION('',(-1.665311211987E-03,0.,0.999998613368));
#5439 = DIRECTION('',(0.999998613368,0.,1.665311211987E-03));
#5440 = ADVANCED_FACE('',(#5441),#5466,.T.);
#5441 = FACE_BOUND('',#5442,.T.);
#5442 = EDGE_LOOP('',(#5443,#5451,#5452,#5460));
#5443 = ORIENTED_EDGE('',*,*,#5444,.F.);
#5444 = EDGE_CURVE('',#5414,#5445,#5447,.T.);
#5445 = VERTEX_POINT('',#5446);
#5446 = CARTESIAN_POINT('',(96.399949640907,53.,73.230504302764));
#5447 = LINE('',#5448,#5449);
#5448 = CARTESIAN_POINT('',(92.030804507205,53.,66.592656158399));
#5449 = VECTOR('',#5450,1.);
#5450 = DIRECTION('',(-0.549804413487,0.,-0.835293425636));
#5451 = ORIENTED_EDGE('',*,*,#5430,.T.);
#5452 = ORIENTED_EDGE('',*,*,#5453,.F.);
#5453 = EDGE_CURVE('',#5454,#5423,#5456,.T.);
#5454 = VERTEX_POINT('',#5455);
#5455 = CARTESIAN_POINT('',(96.399949640907,54.,73.230504302764));
#5456 = LINE('',#5457,#5458);
#5457 = CARTESIAN_POINT('',(97.883239444714,54.,75.484000620797));
#5458 = VECTOR('',#5459,1.);
#5459 = DIRECTION('',(0.549804413487,0.,0.835293425636));
#5460 = ORIENTED_EDGE('',*,*,#5461,.F.);
#5461 = EDGE_CURVE('',#5445,#5454,#5462,.T.);
#5462 = LINE('',#5463,#5464);
#5463 = CARTESIAN_POINT('',(96.399949640907,53.,73.230504302764));
#5464 = VECTOR('',#5465,1.);
#5465 = DIRECTION('',(0.,1.,0.));
#5466 = PLANE('',#5467);
#5467 = AXIS2_PLACEMENT_3D('',#5468,#5469,#5470);
#5468 = CARTESIAN_POINT('',(96.399949640907,53.,73.230504302764));
#5469 = DIRECTION('',(-0.835293425636,0.,0.549804413487));
#5470 = DIRECTION('',(0.549804413487,0.,0.835293425636));
#5471 = ADVANCED_FACE('',(#5472),#5497,.T.);
#5472 = FACE_BOUND('',#5473,.T.);
#5473 = EDGE_LOOP('',(#5474,#5482,#5483,#5491));
#5474 = ORIENTED_EDGE('',*,*,#5475,.F.);
#5475 = EDGE_CURVE('',#5445,#5476,#5478,.T.);
#5476 = VERTEX_POINT('',#5477);
#5477 = CARTESIAN_POINT('',(96.005329400068,53.,72.622752125861));
#5478 = LINE('',#5479,#5480);
#5479 = CARTESIAN_POINT('',(91.915045808938,53.,66.32333182403));
#5480 = VECTOR('',#5481,1.);
#5481 = DIRECTION('',(-0.544582116606,0.,-0.838707528447));
#5482 = ORIENTED_EDGE('',*,*,#5461,.T.);
#5483 = ORIENTED_EDGE('',*,*,#5484,.F.);
#5484 = EDGE_CURVE('',#5485,#5454,#5487,.T.);
#5485 = VERTEX_POINT('',#5486);
#5486 = CARTESIAN_POINT('',(96.005329400068,54.,72.622752125861));
#5487 = LINE('',#5488,#5489);
#5488 = CARTESIAN_POINT('',(96.399949640907,54.,73.230504302764));
#5489 = VECTOR('',#5490,1.);
#5490 = DIRECTION('',(0.544582116606,0.,0.838707528447));
#5491 = ORIENTED_EDGE('',*,*,#5492,.F.);
#5492 = EDGE_CURVE('',#5476,#5485,#5493,.T.);
#5493 = LINE('',#5494,#5495);
#5494 = CARTESIAN_POINT('',(96.005329400068,53.,72.622752125861));
#5495 = VECTOR('',#5496,1.);
#5496 = DIRECTION('',(0.,1.,0.));
#5497 = PLANE('',#5498);
#5498 = AXIS2_PLACEMENT_3D('',#5499,#5500,#5501);
#5499 = CARTESIAN_POINT('',(96.005329400068,53.,72.622752125861));
#5500 = DIRECTION('',(-0.838707528447,0.,0.544582116606));
#5501 = DIRECTION('',(0.544582116606,0.,0.838707528447));
#5502 = ADVANCED_FACE('',(#5503),#5528,.T.);
#5503 = FACE_BOUND('',#5504,.T.);
#5504 = EDGE_LOOP('',(#5505,#5513,#5514,#5522));
#5505 = ORIENTED_EDGE('',*,*,#5506,.F.);
#5506 = EDGE_CURVE('',#5476,#5507,#5509,.T.);
#5507 = VERTEX_POINT('',#5508);
#5508 = CARTESIAN_POINT('',(94.097434223657,53.,75.477696068174));
#5509 = LINE('',#5510,#5511);
#5510 = CARTESIAN_POINT('',(90.668626582106,53.,80.608509189691));
#5511 = VECTOR('',#5512,1.);
#5512 = DIRECTION('',(-0.555627133676,0.,0.831431589683));
#5513 = ORIENTED_EDGE('',*,*,#5492,.T.);
#5514 = ORIENTED_EDGE('',*,*,#5515,.F.);
#5515 = EDGE_CURVE('',#5516,#5485,#5518,.T.);
#5516 = VERTEX_POINT('',#5517);
#5517 = CARTESIAN_POINT('',(94.097434223657,54.,75.477696068174));
#5518 = LINE('',#5519,#5520);
#5519 = CARTESIAN_POINT('',(96.005329400068,54.,72.622752125861));
#5520 = VECTOR('',#5521,1.);
#5521 = DIRECTION('',(0.555627133676,0.,-0.831431589683));
#5522 = ORIENTED_EDGE('',*,*,#5523,.F.);
#5523 = EDGE_CURVE('',#5507,#5516,#5524,.T.);
#5524 = LINE('',#5525,#5526);
#5525 = CARTESIAN_POINT('',(94.097434223657,53.,75.477696068174));
#5526 = VECTOR('',#5527,1.);
#5527 = DIRECTION('',(0.,1.,0.));
#5528 = PLANE('',#5529);
#5529 = AXIS2_PLACEMENT_3D('',#5530,#5531,#5532);
#5530 = CARTESIAN_POINT('',(94.097434223657,53.,75.477696068174));
#5531 = DIRECTION('',(0.831431589683,0.,0.555627133676));
#5532 = DIRECTION('',(0.555627133676,0.,-0.831431589683));
#5533 = ADVANCED_FACE('',(#5534),#5550,.T.);
#5534 = FACE_BOUND('',#5535,.T.);
#5535 = EDGE_LOOP('',(#5536,#5542,#5543,#5549));
#5536 = ORIENTED_EDGE('',*,*,#5537,.F.);
#5537 = EDGE_CURVE('',#5507,#5075,#5538,.T.);
#5538 = LINE('',#5539,#5540);
#5539 = CARTESIAN_POINT('',(80.308607070354,53.,75.454733347875));
#5540 = VECTOR('',#5541,1.);
#5541 = DIRECTION('',(-0.999998613368,0.,-1.665311211987E-03));
#5542 = ORIENTED_EDGE('',*,*,#5523,.T.);
#5543 = ORIENTED_EDGE('',*,*,#5544,.F.);
#5544 = EDGE_CURVE('',#5085,#5516,#5545,.T.);
#5545 = LINE('',#5546,#5547);
#5546 = CARTESIAN_POINT('',(94.097434223657,54.,75.477696068174));
#5547 = VECTOR('',#5548,1.);
#5548 = DIRECTION('',(0.999998613368,0.,1.665311211987E-03));
#5549 = ORIENTED_EDGE('',*,*,#5084,.F.);
#5550 = PLANE('',#5551);
#5551 = AXIS2_PLACEMENT_3D('',#5552,#5553,#5554);
#5552 = CARTESIAN_POINT('',(92.610395765921,53.,75.475219682924));
#5553 = DIRECTION('',(-1.665311211987E-03,0.,0.999998613368));
#5554 = DIRECTION('',(0.999998613368,0.,1.665311211987E-03));
#5555 = ADVANCED_FACE('',(#5556),#5573,.T.);
#5556 = FACE_BOUND('',#5557,.T.);
#5557 = EDGE_LOOP('',(#5558,#5559,#5560,#5561,#5562,#5563,#5564,#5565,
    #5566,#5567,#5568,#5569,#5570,#5571,#5572));
#5558 = ORIENTED_EDGE('',*,*,#5544,.T.);
#5559 = ORIENTED_EDGE('',*,*,#5515,.T.);
#5560 = ORIENTED_EDGE('',*,*,#5484,.T.);
#5561 = ORIENTED_EDGE('',*,*,#5453,.T.);
#5562 = ORIENTED_EDGE('',*,*,#5422,.T.);
#5563 = ORIENTED_EDGE('',*,*,#5391,.T.);
#5564 = ORIENTED_EDGE('',*,*,#5360,.T.);
#5565 = ORIENTED_EDGE('',*,*,#5329,.T.);
#5566 = ORIENTED_EDGE('',*,*,#5298,.T.);
#5567 = ORIENTED_EDGE('',*,*,#5259,.T.);
#5568 = ORIENTED_EDGE('',*,*,#5218,.T.);
#5569 = ORIENTED_EDGE('',*,*,#5185,.T.);
#5570 = ORIENTED_EDGE('',*,*,#5154,.T.);
#5571 = ORIENTED_EDGE('',*,*,#5123,.T.);
#5572 = ORIENTED_EDGE('',*,*,#5092,.T.);
#5573 = PLANE('',#5574);
#5574 = AXIS2_PLACEMENT_3D('',#5575,#5576,#5577);
#5575 = CARTESIAN_POINT('',(70.398423006811,54.,71.860650462761));
#5576 = DIRECTION('',(0.,1.,0.));
#5577 = DIRECTION('',(-1.,0.,0.));
#5578 = ADVANCED_FACE('',(#5579),#5613,.T.);
#5579 = FACE_BOUND('',#5580,.T.);
#5580 = EDGE_LOOP('',(#5581,#5591,#5599,#5607));
#5581 = ORIENTED_EDGE('',*,*,#5582,.F.);
#5582 = EDGE_CURVE('',#5583,#5585,#5587,.T.);
#5583 = VERTEX_POINT('',#5584);
#5584 = CARTESIAN_POINT('',(75.768668974266,53.,75.447172927578));
#5585 = VERTEX_POINT('',#5586);
#5586 = CARTESIAN_POINT('',(75.785322086386,53.,65.447186793895));
#5587 = LINE('',#5588,#5589);
#5588 = CARTESIAN_POINT('',(75.779114705377,53.,69.174641672908));
#5589 = VECTOR('',#5590,1.);
#5590 = DIRECTION('',(1.665311211989E-03,0.,-0.999998613368));
#5591 = ORIENTED_EDGE('',*,*,#5592,.T.);
#5592 = EDGE_CURVE('',#5583,#5593,#5595,.T.);
#5593 = VERTEX_POINT('',#5594);
#5594 = CARTESIAN_POINT('',(75.768668974266,54.,75.447172927578));
#5595 = LINE('',#5596,#5597);
#5596 = CARTESIAN_POINT('',(75.768668974266,53.,75.447172927578));
#5597 = VECTOR('',#5598,1.);
#5598 = DIRECTION('',(0.,1.,0.));
#5599 = ORIENTED_EDGE('',*,*,#5600,.F.);
#5600 = EDGE_CURVE('',#5601,#5593,#5603,.T.);
#5601 = VERTEX_POINT('',#5602);
#5602 = CARTESIAN_POINT('',(75.785322086386,54.,65.447186793895));
#5603 = LINE('',#5604,#5605);
#5604 = CARTESIAN_POINT('',(75.768668974266,54.,75.447172927578));
#5605 = VECTOR('',#5606,1.);
#5606 = DIRECTION('',(-1.665311211989E-03,0.,0.999998613368));
#5607 = ORIENTED_EDGE('',*,*,#5608,.F.);
#5608 = EDGE_CURVE('',#5585,#5601,#5609,.T.);
#5609 = LINE('',#5610,#5611);
#5610 = CARTESIAN_POINT('',(75.785322086386,53.,65.447186793895));
#5611 = VECTOR('',#5612,1.);
#5612 = DIRECTION('',(0.,1.,0.));
#5613 = PLANE('',#5614);
#5614 = AXIS2_PLACEMENT_3D('',#5615,#5616,#5617);
#5615 = CARTESIAN_POINT('',(75.785322086386,53.,65.447186793895));
#5616 = DIRECTION('',(-0.999998613368,0.,-1.665311211989E-03));
#5617 = DIRECTION('',(-1.665311211989E-03,0.,0.999998613368));
#5618 = ADVANCED_FACE('',(#5619),#5644,.T.);
#5619 = FACE_BOUND('',#5620,.T.);
#5620 = EDGE_LOOP('',(#5621,#5629,#5630,#5638));
#5621 = ORIENTED_EDGE('',*,*,#5622,.F.);
#5622 = EDGE_CURVE('',#5585,#5623,#5625,.T.);
#5623 = VERTEX_POINT('',#5624);
#5624 = CARTESIAN_POINT('',(77.108648269606,53.,65.449390546881));
#5625 = LINE('',#5626,#5627);
#5626 = CARTESIAN_POINT('',(72.566059878257,53.,65.441825713012));
#5627 = VECTOR('',#5628,1.);
#5628 = DIRECTION('',(0.999998613368,0.,1.665311211983E-03));
#5629 = ORIENTED_EDGE('',*,*,#5608,.T.);
#5630 = ORIENTED_EDGE('',*,*,#5631,.F.);
#5631 = EDGE_CURVE('',#5632,#5601,#5634,.T.);
#5632 = VERTEX_POINT('',#5633);
#5633 = CARTESIAN_POINT('',(77.108648269606,54.,65.449390546881));
#5634 = LINE('',#5635,#5636);
#5635 = CARTESIAN_POINT('',(75.785322086386,54.,65.447186793895));
#5636 = VECTOR('',#5637,1.);
#5637 = DIRECTION('',(-0.999998613368,0.,-1.665311211983E-03));
#5638 = ORIENTED_EDGE('',*,*,#5639,.F.);
#5639 = EDGE_CURVE('',#5623,#5632,#5640,.T.);
#5640 = LINE('',#5641,#5642);
#5641 = CARTESIAN_POINT('',(77.108648269606,53.,65.449390546881));
#5642 = VECTOR('',#5643,1.);
#5643 = DIRECTION('',(0.,1.,0.));
#5644 = PLANE('',#5645);
#5645 = AXIS2_PLACEMENT_3D('',#5646,#5647,#5648);
#5646 = CARTESIAN_POINT('',(77.108648269606,53.,65.449390546881));
#5647 = DIRECTION('',(1.665311211983E-03,0.,-0.999998613368));
#5648 = DIRECTION('',(-0.999998613368,0.,-1.665311211983E-03));
#5649 = ADVANCED_FACE('',(#5650),#5675,.T.);
#5650 = FACE_BOUND('',#5651,.T.);
#5651 = EDGE_LOOP('',(#5652,#5660,#5661,#5669));
#5652 = ORIENTED_EDGE('',*,*,#5653,.F.);
#5653 = EDGE_CURVE('',#5623,#5654,#5656,.T.);
#5654 = VERTEX_POINT('',#5655);
#5655 = CARTESIAN_POINT('',(77.101809815772,53.,69.555796786699));
#5656 = LINE('',#5657,#5658);
#5657 = CARTESIAN_POINT('',(77.099021661679,53.,71.230048545803));
#5658 = VECTOR('',#5659,1.);
#5659 = DIRECTION('',(-1.665311211988E-03,0.,0.999998613368));
#5660 = ORIENTED_EDGE('',*,*,#5639,.T.);
#5661 = ORIENTED_EDGE('',*,*,#5662,.F.);
#5662 = EDGE_CURVE('',#5663,#5632,#5665,.T.);
#5663 = VERTEX_POINT('',#5664);
#5664 = CARTESIAN_POINT('',(77.101809815772,54.,69.555796786699));
#5665 = LINE('',#5666,#5667);
#5666 = CARTESIAN_POINT('',(77.108648269606,54.,65.449390546881));
#5667 = VECTOR('',#5668,1.);
#5668 = DIRECTION('',(1.665311211988E-03,0.,-0.999998613368));
#5669 = ORIENTED_EDGE('',*,*,#5670,.F.);
#5670 = EDGE_CURVE('',#5654,#5663,#5671,.T.);
#5671 = LINE('',#5672,#5673);
#5672 = CARTESIAN_POINT('',(77.101809815772,53.,69.555796786699));
#5673 = VECTOR('',#5674,1.);
#5674 = DIRECTION('',(0.,1.,0.));
#5675 = PLANE('',#5676);
#5676 = AXIS2_PLACEMENT_3D('',#5677,#5678,#5679);
#5677 = CARTESIAN_POINT('',(77.101809815772,53.,69.555796786699));
#5678 = DIRECTION('',(0.999998613368,0.,1.665311211988E-03));
#5679 = DIRECTION('',(1.665311211988E-03,0.,-0.999998613368));
#5680 = ADVANCED_FACE('',(#5681),#5706,.T.);
#5681 = FACE_BOUND('',#5682,.T.);
#5682 = EDGE_LOOP('',(#5683,#5691,#5692,#5700));
#5683 = ORIENTED_EDGE('',*,*,#5684,.F.);
#5684 = EDGE_CURVE('',#5654,#5685,#5687,.T.);
#5685 = VERTEX_POINT('',#5686);
#5686 = CARTESIAN_POINT('',(82.299623271761,53.,69.564452775728));
#5687 = LINE('',#5688,#5689);
#5688 = CARTESIAN_POINT('',(75.158128152417,53.,69.552559947344));
#5689 = VECTOR('',#5690,1.);
#5690 = DIRECTION('',(0.999998613368,0.,1.665311211986E-03));
#5691 = ORIENTED_EDGE('',*,*,#5670,.T.);
#5692 = ORIENTED_EDGE('',*,*,#5693,.F.);
#5693 = EDGE_CURVE('',#5694,#5663,#5696,.T.);
#5694 = VERTEX_POINT('',#5695);
#5695 = CARTESIAN_POINT('',(82.299623271761,54.,69.564452775728));
#5696 = LINE('',#5697,#5698);
#5697 = CARTESIAN_POINT('',(77.101809815772,54.,69.555796786699));
#5698 = VECTOR('',#5699,1.);
#5699 = DIRECTION('',(-0.999998613368,0.,-1.665311211986E-03));
#5700 = ORIENTED_EDGE('',*,*,#5701,.F.);
#5701 = EDGE_CURVE('',#5685,#5694,#5702,.T.);
#5702 = LINE('',#5703,#5704);
#5703 = CARTESIAN_POINT('',(82.299623271761,53.,69.564452775728));
#5704 = VECTOR('',#5705,1.);
#5705 = DIRECTION('',(0.,1.,0.));
#5706 = PLANE('',#5707);
#5707 = AXIS2_PLACEMENT_3D('',#5708,#5709,#5710);
#5708 = CARTESIAN_POINT('',(82.299623271761,53.,69.564452775728));
#5709 = DIRECTION('',(1.665311211986E-03,0.,-0.999998613368));
#5710 = DIRECTION('',(-0.999998613368,0.,-1.665311211986E-03));
#5711 = ADVANCED_FACE('',(#5712),#5737,.T.);
#5712 = FACE_BOUND('',#5713,.T.);
#5713 = EDGE_LOOP('',(#5714,#5722,#5723,#5731));
#5714 = ORIENTED_EDGE('',*,*,#5715,.F.);
#5715 = EDGE_CURVE('',#5685,#5716,#5718,.T.);
#5716 = VERTEX_POINT('',#5717);
#5717 = CARTESIAN_POINT('',(82.306461725595,53.,65.45804653591));
#5718 = LINE('',#5719,#5720);
#5719 = CARTESIAN_POINT('',(82.300254344586,53.,69.185501414922));
#5720 = VECTOR('',#5721,1.);
#5721 = DIRECTION('',(1.665311211988E-03,0.,-0.999998613368));
#5722 = ORIENTED_EDGE('',*,*,#5701,.T.);
#5723 = ORIENTED_EDGE('',*,*,#5724,.F.);
#5724 = EDGE_CURVE('',#5725,#5694,#5727,.T.);
#5725 = VERTEX_POINT('',#5726);
#5726 = CARTESIAN_POINT('',(82.306461725595,54.,65.45804653591));
#5727 = LINE('',#5728,#5729);
#5728 = CARTESIAN_POINT('',(82.299623271761,54.,69.564452775728));
#5729 = VECTOR('',#5730,1.);
#5730 = DIRECTION('',(-1.665311211988E-03,0.,0.999998613368));
#5731 = ORIENTED_EDGE('',*,*,#5732,.F.);
#5732 = EDGE_CURVE('',#5716,#5725,#5733,.T.);
#5733 = LINE('',#5734,#5735);
#5734 = CARTESIAN_POINT('',(82.306461725595,53.,65.45804653591));
#5735 = VECTOR('',#5736,1.);
#5736 = DIRECTION('',(0.,1.,0.));
#5737 = PLANE('',#5738);
#5738 = AXIS2_PLACEMENT_3D('',#5739,#5740,#5741);
#5739 = CARTESIAN_POINT('',(82.306461725595,53.,65.45804653591));
#5740 = DIRECTION('',(-0.999998613368,0.,-1.665311211988E-03));
#5741 = DIRECTION('',(-1.665311211988E-03,0.,0.999998613368));
#5742 = ADVANCED_FACE('',(#5743),#5768,.T.);
#5743 = FACE_BOUND('',#5744,.T.);
#5744 = EDGE_LOOP('',(#5745,#5753,#5754,#5762));
#5745 = ORIENTED_EDGE('',*,*,#5746,.F.);
#5746 = EDGE_CURVE('',#5716,#5747,#5749,.T.);
#5747 = VERTEX_POINT('',#5748);
#5748 = CARTESIAN_POINT('',(83.629787908815,53.,65.460250288895));
#5749 = LINE('',#5750,#5751);
#5750 = CARTESIAN_POINT('',(75.826629697862,53.,65.447255584019));
#5751 = VECTOR('',#5752,1.);
#5752 = DIRECTION('',(0.999998613368,0.,1.665311211983E-03));
#5753 = ORIENTED_EDGE('',*,*,#5732,.T.);
#5754 = ORIENTED_EDGE('',*,*,#5755,.F.);
#5755 = EDGE_CURVE('',#5756,#5725,#5758,.T.);
#5756 = VERTEX_POINT('',#5757);
#5757 = CARTESIAN_POINT('',(83.629787908815,54.,65.460250288895));
#5758 = LINE('',#5759,#5760);
#5759 = CARTESIAN_POINT('',(82.306461725595,54.,65.45804653591));
#5760 = VECTOR('',#5761,1.);
#5761 = DIRECTION('',(-0.999998613368,0.,-1.665311211983E-03));
#5762 = ORIENTED_EDGE('',*,*,#5763,.F.);
#5763 = EDGE_CURVE('',#5747,#5756,#5764,.T.);
#5764 = LINE('',#5765,#5766);
#5765 = CARTESIAN_POINT('',(83.629787908815,53.,65.460250288895));
#5766 = VECTOR('',#5767,1.);
#5767 = DIRECTION('',(0.,1.,0.));
#5768 = PLANE('',#5769);
#5769 = AXIS2_PLACEMENT_3D('',#5770,#5771,#5772);
#5770 = CARTESIAN_POINT('',(83.629787908815,53.,65.460250288895));
#5771 = DIRECTION('',(1.665311211983E-03,0.,-0.999998613368));
#5772 = DIRECTION('',(-0.999998613368,0.,-1.665311211983E-03));
#5773 = ADVANCED_FACE('',(#5774),#5799,.T.);
#5774 = FACE_BOUND('',#5775,.T.);
#5775 = EDGE_LOOP('',(#5776,#5784,#5785,#5793));
#5776 = ORIENTED_EDGE('',*,*,#5777,.F.);
#5777 = EDGE_CURVE('',#5747,#5778,#5780,.T.);
#5778 = VERTEX_POINT('',#5779);
#5779 = CARTESIAN_POINT('',(83.613134796696,53.,75.460236422579));
#5780 = LINE('',#5781,#5782);
#5781 = CARTESIAN_POINT('',(83.615253971746,53.,74.18769823475));
#5782 = VECTOR('',#5783,1.);
#5783 = DIRECTION('',(-1.665311211989E-03,0.,0.999998613368));
#5784 = ORIENTED_EDGE('',*,*,#5763,.T.);
#5785 = ORIENTED_EDGE('',*,*,#5786,.F.);
#5786 = EDGE_CURVE('',#5787,#5756,#5789,.T.);
#5787 = VERTEX_POINT('',#5788);
#5788 = CARTESIAN_POINT('',(83.613134796696,54.,75.460236422579));
#5789 = LINE('',#5790,#5791);
#5790 = CARTESIAN_POINT('',(83.629787908815,54.,65.460250288895));
#5791 = VECTOR('',#5792,1.);
#5792 = DIRECTION('',(1.665311211989E-03,0.,-0.999998613368));
#5793 = ORIENTED_EDGE('',*,*,#5794,.F.);
#5794 = EDGE_CURVE('',#5778,#5787,#5795,.T.);
#5795 = LINE('',#5796,#5797);
#5796 = CARTESIAN_POINT('',(83.613134796696,53.,75.460236422579));
#5797 = VECTOR('',#5798,1.);
#5798 = DIRECTION('',(0.,1.,0.));
#5799 = PLANE('',#5800);
#5800 = AXIS2_PLACEMENT_3D('',#5801,#5802,#5803);
#5801 = CARTESIAN_POINT('',(83.613134796696,53.,75.460236422579));
#5802 = DIRECTION('',(0.999998613368,0.,1.665311211989E-03));
#5803 = DIRECTION('',(1.665311211989E-03,0.,-0.999998613368));
#5804 = ADVANCED_FACE('',(#5805),#5830,.T.);
#5805 = FACE_BOUND('',#5806,.T.);
#5806 = EDGE_LOOP('',(#5807,#5815,#5816,#5824));
#5807 = ORIENTED_EDGE('',*,*,#5808,.F.);
#5808 = EDGE_CURVE('',#5778,#5809,#5811,.T.);
#5809 = VERTEX_POINT('',#5810);
#5810 = CARTESIAN_POINT('',(82.289808613476,53.,75.458032669593));
#5811 = LINE('',#5812,#5813);
#5812 = CARTESIAN_POINT('',(75.148313494132,53.,75.446139841209));
#5813 = VECTOR('',#5814,1.);
#5814 = DIRECTION('',(-0.999998613368,0.,-1.665311211983E-03));
#5815 = ORIENTED_EDGE('',*,*,#5794,.T.);
#5816 = ORIENTED_EDGE('',*,*,#5817,.F.);
#5817 = EDGE_CURVE('',#5818,#5787,#5820,.T.);
#5818 = VERTEX_POINT('',#5819);
#5819 = CARTESIAN_POINT('',(82.289808613476,54.,75.458032669593));
#5820 = LINE('',#5821,#5822);
#5821 = CARTESIAN_POINT('',(83.613134796696,54.,75.460236422579));
#5822 = VECTOR('',#5823,1.);
#5823 = DIRECTION('',(0.999998613368,0.,1.665311211983E-03));
#5824 = ORIENTED_EDGE('',*,*,#5825,.F.);
#5825 = EDGE_CURVE('',#5809,#5818,#5826,.T.);
#5826 = LINE('',#5827,#5828);
#5827 = CARTESIAN_POINT('',(82.289808613476,53.,75.458032669593));
#5828 = VECTOR('',#5829,1.);
#5829 = DIRECTION('',(0.,1.,0.));
#5830 = PLANE('',#5831);
#5831 = AXIS2_PLACEMENT_3D('',#5832,#5833,#5834);
#5832 = CARTESIAN_POINT('',(82.289808613476,53.,75.458032669593));
#5833 = DIRECTION('',(-1.665311211983E-03,0.,0.999998613368));
#5834 = DIRECTION('',(0.999998613368,0.,1.665311211983E-03));
#5835 = ADVANCED_FACE('',(#5836),#5861,.T.);
#5836 = FACE_BOUND('',#5837,.T.);
#5837 = EDGE_LOOP('',(#5838,#5846,#5847,#5855));
#5838 = ORIENTED_EDGE('',*,*,#5839,.F.);
#5839 = EDGE_CURVE('',#5809,#5840,#5842,.T.);
#5840 = VERTEX_POINT('',#5841);
#5841 = CARTESIAN_POINT('',(82.297658068036,53.,70.744533102928));
#5842 = LINE('',#5843,#5844);
#5843 = CARTESIAN_POINT('',(82.295852515806,53.,71.828744698431));
#5844 = VECTOR('',#5845,1.);
#5845 = DIRECTION('',(1.665311211987E-03,0.,-0.999998613368));
#5846 = ORIENTED_EDGE('',*,*,#5825,.T.);
#5847 = ORIENTED_EDGE('',*,*,#5848,.F.);
#5848 = EDGE_CURVE('',#5849,#5818,#5851,.T.);
#5849 = VERTEX_POINT('',#5850);
#5850 = CARTESIAN_POINT('',(82.297658068036,54.,70.744533102928));
#5851 = LINE('',#5852,#5853);
#5852 = CARTESIAN_POINT('',(82.289808613476,54.,75.458032669593));
#5853 = VECTOR('',#5854,1.);
#5854 = DIRECTION('',(-1.665311211987E-03,0.,0.999998613368));
#5855 = ORIENTED_EDGE('',*,*,#5856,.F.);
#5856 = EDGE_CURVE('',#5840,#5849,#5857,.T.);
#5857 = LINE('',#5858,#5859);
#5858 = CARTESIAN_POINT('',(82.297658068036,53.,70.744533102928));
#5859 = VECTOR('',#5860,1.);
#5860 = DIRECTION('',(0.,1.,0.));
#5861 = PLANE('',#5862);
#5862 = AXIS2_PLACEMENT_3D('',#5863,#5864,#5865);
#5863 = CARTESIAN_POINT('',(82.297658068036,53.,70.744533102928));
#5864 = DIRECTION('',(-0.999998613368,0.,-1.665311211987E-03));
#5865 = DIRECTION('',(-1.665311211987E-03,0.,0.999998613368));
#5866 = ADVANCED_FACE('',(#5867),#5892,.T.);
#5867 = FACE_BOUND('',#5868,.T.);
#5868 = EDGE_LOOP('',(#5869,#5877,#5878,#5886));
#5869 = ORIENTED_EDGE('',*,*,#5870,.F.);
#5870 = EDGE_CURVE('',#5840,#5871,#5873,.T.);
#5871 = VERTEX_POINT('',#5872);
#5872 = CARTESIAN_POINT('',(77.099844612047,53.,70.735877113899));
#5873 = LINE('',#5874,#5875);
#5874 = CARTESIAN_POINT('',(72.557256220698,53.,70.72831228003));
#5875 = VECTOR('',#5876,1.);
#5876 = DIRECTION('',(-0.999998613368,0.,-1.665311211986E-03));
#5877 = ORIENTED_EDGE('',*,*,#5856,.T.);
#5878 = ORIENTED_EDGE('',*,*,#5879,.F.);
#5879 = EDGE_CURVE('',#5880,#5849,#5882,.T.);
#5880 = VERTEX_POINT('',#5881);
#5881 = CARTESIAN_POINT('',(77.099844612047,54.,70.735877113899));
#5882 = LINE('',#5883,#5884);
#5883 = CARTESIAN_POINT('',(82.297658068036,54.,70.744533102928));
#5884 = VECTOR('',#5885,1.);
#5885 = DIRECTION('',(0.999998613368,0.,1.665311211986E-03));
#5886 = ORIENTED_EDGE('',*,*,#5887,.F.);
#5887 = EDGE_CURVE('',#5871,#5880,#5888,.T.);
#5888 = LINE('',#5889,#5890);
#5889 = CARTESIAN_POINT('',(77.099844612047,53.,70.735877113899));
#5890 = VECTOR('',#5891,1.);
#5891 = DIRECTION('',(0.,1.,0.));
#5892 = PLANE('',#5893);
#5893 = AXIS2_PLACEMENT_3D('',#5894,#5895,#5896);
#5894 = CARTESIAN_POINT('',(77.099844612047,53.,70.735877113899));
#5895 = DIRECTION('',(-1.665311211986E-03,0.,0.999998613368));
#5896 = DIRECTION('',(0.999998613368,0.,1.665311211986E-03));
#5897 = ADVANCED_FACE('',(#5898),#5923,.T.);
#5898 = FACE_BOUND('',#5899,.T.);
#5899 = EDGE_LOOP('',(#5900,#5908,#5909,#5917));
#5900 = ORIENTED_EDGE('',*,*,#5901,.F.);
#5901 = EDGE_CURVE('',#5871,#5902,#5904,.T.);
#5902 = VERTEX_POINT('',#5903);
#5903 = CARTESIAN_POINT('',(77.091995157486,53.,75.449376680564));
#5904 = LINE('',#5905,#5906);
#5905 = CARTESIAN_POINT('',(77.094114332537,53.,74.176838492735));
#5906 = VECTOR('',#5907,1.);
#5907 = DIRECTION('',(-1.665311211989E-03,0.,0.999998613368));
#5908 = ORIENTED_EDGE('',*,*,#5887,.T.);
#5909 = ORIENTED_EDGE('',*,*,#5910,.F.);
#5910 = EDGE_CURVE('',#5911,#5880,#5913,.T.);
#5911 = VERTEX_POINT('',#5912);
#5912 = CARTESIAN_POINT('',(77.091995157486,54.,75.449376680564));
#5913 = LINE('',#5914,#5915);
#5914 = CARTESIAN_POINT('',(77.099844612047,54.,70.735877113899));
#5915 = VECTOR('',#5916,1.);
#5916 = DIRECTION('',(1.665311211989E-03,0.,-0.999998613368));
#5917 = ORIENTED_EDGE('',*,*,#5918,.F.);
#5918 = EDGE_CURVE('',#5902,#5911,#5919,.T.);
#5919 = LINE('',#5920,#5921);
#5920 = CARTESIAN_POINT('',(77.091995157486,53.,75.449376680564));
#5921 = VECTOR('',#5922,1.);
#5922 = DIRECTION('',(0.,1.,0.));
#5923 = PLANE('',#5924);
#5924 = AXIS2_PLACEMENT_3D('',#5925,#5926,#5927);
#5925 = CARTESIAN_POINT('',(77.091995157486,53.,75.449376680564));
#5926 = DIRECTION('',(0.999998613368,0.,1.665311211989E-03));
#5927 = DIRECTION('',(1.665311211989E-03,0.,-0.999998613368));
#5928 = ADVANCED_FACE('',(#5929),#5945,.T.);
#5929 = FACE_BOUND('',#5930,.T.);
#5930 = EDGE_LOOP('',(#5931,#5937,#5938,#5944));
#5931 = ORIENTED_EDGE('',*,*,#5932,.F.);
#5932 = EDGE_CURVE('',#5902,#5583,#5933,.T.);
#5933 = LINE('',#5934,#5935);
#5934 = CARTESIAN_POINT('',(71.887743674527,53.,75.440709970202));
#5935 = VECTOR('',#5936,1.);
#5936 = DIRECTION('',(-0.999998613368,0.,-1.665311211983E-03));
#5937 = ORIENTED_EDGE('',*,*,#5918,.T.);
#5938 = ORIENTED_EDGE('',*,*,#5939,.F.);
#5939 = EDGE_CURVE('',#5593,#5911,#5940,.T.);
#5940 = LINE('',#5941,#5942);
#5941 = CARTESIAN_POINT('',(77.091995157486,54.,75.449376680564));
#5942 = VECTOR('',#5943,1.);
#5943 = DIRECTION('',(0.999998613368,0.,1.665311211983E-03));
#5944 = ORIENTED_EDGE('',*,*,#5592,.F.);
#5945 = PLANE('',#5946);
#5946 = AXIS2_PLACEMENT_3D('',#5947,#5948,#5949);
#5947 = CARTESIAN_POINT('',(75.768668974266,53.,75.447172927578));
#5948 = DIRECTION('',(-1.665311211983E-03,0.,0.999998613368));
#5949 = DIRECTION('',(0.999998613368,0.,1.665311211983E-03));
#5950 = ADVANCED_FACE('',(#5951),#5965,.T.);
#5951 = FACE_BOUND('',#5952,.T.);
#5952 = EDGE_LOOP('',(#5953,#5954,#5955,#5956,#5957,#5958,#5959,#5960,
    #5961,#5962,#5963,#5964));
#5953 = ORIENTED_EDGE('',*,*,#5939,.T.);
#5954 = ORIENTED_EDGE('',*,*,#5910,.T.);
#5955 = ORIENTED_EDGE('',*,*,#5879,.T.);
#5956 = ORIENTED_EDGE('',*,*,#5848,.T.);
#5957 = ORIENTED_EDGE('',*,*,#5817,.T.);
#5958 = ORIENTED_EDGE('',*,*,#5786,.T.);
#5959 = ORIENTED_EDGE('',*,*,#5755,.T.);
#5960 = ORIENTED_EDGE('',*,*,#5724,.T.);
#5961 = ORIENTED_EDGE('',*,*,#5693,.T.);
#5962 = ORIENTED_EDGE('',*,*,#5662,.T.);
#5963 = ORIENTED_EDGE('',*,*,#5631,.T.);
#5964 = ORIENTED_EDGE('',*,*,#5600,.T.);
#5965 = PLANE('',#5966);
#5966 = AXIS2_PLACEMENT_3D('',#5967,#5968,#5969);
#5967 = CARTESIAN_POINT('',(70.398423006811,54.,71.860650462761));
#5968 = DIRECTION('',(0.,1.,0.));
#5969 = DIRECTION('',(0.,-0.,1.));
#5970 = ADVANCED_FACE('',(#5971),#6005,.T.);
#5971 = FACE_BOUND('',#5972,.T.);
#5972 = EDGE_LOOP('',(#5973,#5983,#5991,#5999));
#5973 = ORIENTED_EDGE('',*,*,#5974,.F.);
#5974 = EDGE_CURVE('',#5975,#5977,#5979,.T.);
#5975 = VERTEX_POINT('',#5976);
#5976 = CARTESIAN_POINT('',(64.645349748223,53.,78.218558053505));
#5977 = VERTEX_POINT('',#5978);
#5978 = CARTESIAN_POINT('',(64.510841823409,53.,77.065535711833));
#5979 = LINE('',#5980,#5981);
#5980 = CARTESIAN_POINT('',(64.294008808163,53.,75.206810202997));
#5981 = VECTOR('',#5982,1.);
#5982 = DIRECTION('',(-0.115871054834,0.,-0.993264264258));
#5983 = ORIENTED_EDGE('',*,*,#5984,.T.);
#5984 = EDGE_CURVE('',#5975,#5985,#5987,.T.);
#5985 = VERTEX_POINT('',#5986);
#5986 = CARTESIAN_POINT('',(64.645349748223,54.,78.218558053505));
#5987 = LINE('',#5988,#5989);
#5988 = CARTESIAN_POINT('',(64.645349748223,53.,78.218558053505));
#5989 = VECTOR('',#5990,1.);
#5990 = DIRECTION('',(0.,1.,0.));
#5991 = ORIENTED_EDGE('',*,*,#5992,.F.);
#5992 = EDGE_CURVE('',#5993,#5985,#5995,.T.);
#5993 = VERTEX_POINT('',#5994);
#5994 = CARTESIAN_POINT('',(64.510841823409,54.,77.065535711833));
#5995 = LINE('',#5996,#5997);
#5996 = CARTESIAN_POINT('',(64.645349748223,54.,78.218558053505));
#5997 = VECTOR('',#5998,1.);
#5998 = DIRECTION('',(0.115871054834,0.,0.993264264258));
#5999 = ORIENTED_EDGE('',*,*,#6000,.F.);
#6000 = EDGE_CURVE('',#5977,#5993,#6001,.T.);
#6001 = LINE('',#6002,#6003);
#6002 = CARTESIAN_POINT('',(64.510841823409,53.,77.065535711833));
#6003 = VECTOR('',#6004,1.);
#6004 = DIRECTION('',(0.,1.,0.));
#6005 = PLANE('',#6006);
#6006 = AXIS2_PLACEMENT_3D('',#6007,#6008,#6009);
#6007 = CARTESIAN_POINT('',(64.510841823409,53.,77.065535711833));
#6008 = DIRECTION('',(-0.993264264258,0.,0.115871054834));
#6009 = DIRECTION('',(0.115871054834,0.,0.993264264258));
#6010 = ADVANCED_FACE('',(#6011),#6040,.T.);
#6011 = FACE_BOUND('',#6012,.T.);
#6012 = EDGE_LOOP('',(#6013,#6023,#6024,#6034));
#6013 = ORIENTED_EDGE('',*,*,#6014,.F.);
#6014 = EDGE_CURVE('',#5977,#6015,#6017,.T.);
#6015 = VERTEX_POINT('',#6016);
#6016 = CARTESIAN_POINT('',(65.213250040023,53.,77.175845273932));
#6017 = B_SPLINE_CURVE_WITH_KNOTS('',3,(#6018,#6019,#6020,#6021,#6022),
  .UNSPECIFIED.,.F.,.F.,(4,1,4),(0.,3.856598515379E-02,7.12518564046E-02
    ),.UNSPECIFIED.);
#6018 = CARTESIAN_POINT('',(64.510841823409,53.,77.065535711833));
#6019 = CARTESIAN_POINT('',(64.635741849944,53.,77.097508805563));
#6020 = CARTESIAN_POINT('',(64.866498531516,53.,77.15658009012));
#6021 = CARTESIAN_POINT('',(65.104205178078,53.,77.16978684518));
#6022 = CARTESIAN_POINT('',(65.213250040023,53.,77.175845273932));
#6023 = ORIENTED_EDGE('',*,*,#6000,.T.);
#6024 = ORIENTED_EDGE('',*,*,#6025,.F.);
#6025 = EDGE_CURVE('',#6026,#5993,#6028,.T.);
#6026 = VERTEX_POINT('',#6027);
#6027 = CARTESIAN_POINT('',(65.213250040023,54.,77.175845273932));
#6028 = B_SPLINE_CURVE_WITH_KNOTS('',3,(#6029,#6030,#6031,#6032,#6033),
  .UNSPECIFIED.,.F.,.F.,(4,1,4),(-7.12518564046E-02,-3.856598515379E-02,
    0.),.UNSPECIFIED.);
#6029 = CARTESIAN_POINT('',(65.213250040023,54.,77.175845273932));
#6030 = CARTESIAN_POINT('',(65.104205178078,54.,77.16978684518));
#6031 = CARTESIAN_POINT('',(64.866498531516,54.,77.15658009012));
#6032 = CARTESIAN_POINT('',(64.635741849944,54.,77.097508805563));
#6033 = CARTESIAN_POINT('',(64.510841823409,54.,77.065535711833));
#6034 = ORIENTED_EDGE('',*,*,#6035,.F.);
#6035 = EDGE_CURVE('',#6015,#6026,#6036,.T.);
#6036 = LINE('',#6037,#6038);
#6037 = CARTESIAN_POINT('',(65.213250040023,53.,77.175845273932));
#6038 = VECTOR('',#6039,1.);
#6039 = DIRECTION('',(0.,1.,0.));
#6040 = B_SPLINE_SURFACE_WITH_KNOTS('',3,1,(
    (#6041,#6042)
    ,(#6043,#6044)
    ,(#6045,#6046)
    ,(#6047,#6048)
    ,(#6049,#6050
    )),.UNSPECIFIED.,.F.,.F.,.F.,(4,1,4),(2,2),(-7.12518564046E-02,
    -3.856598515379E-02,0.),(0.,1.E-01),.UNSPECIFIED.);
#6041 = CARTESIAN_POINT('',(65.213250040023,53.,77.175845273932));
#6042 = CARTESIAN_POINT('',(65.213250040023,54.,77.175845273932));
#6043 = CARTESIAN_POINT('',(65.104205178078,53.,77.16978684518));
#6044 = CARTESIAN_POINT('',(65.104205178078,54.,77.16978684518));
#6045 = CARTESIAN_POINT('',(64.866498531516,53.,77.15658009012));
#6046 = CARTESIAN_POINT('',(64.866498531516,54.,77.15658009012));
#6047 = CARTESIAN_POINT('',(64.635741849944,53.,77.097508805563));
#6048 = CARTESIAN_POINT('',(64.635741849944,54.,77.097508805563));
#6049 = CARTESIAN_POINT('',(64.510841823409,53.,77.065535711833));
#6050 = CARTESIAN_POINT('',(64.510841823409,54.,77.065535711833));
#6051 = ADVANCED_FACE('',(#6052),#6081,.T.);
#6052 = FACE_BOUND('',#6053,.T.);
#6053 = EDGE_LOOP('',(#6054,#6064,#6065,#6075));
#6054 = ORIENTED_EDGE('',*,*,#6055,.F.);
#6055 = EDGE_CURVE('',#6015,#6056,#6058,.T.);
#6056 = VERTEX_POINT('',#6057);
#6057 = CARTESIAN_POINT('',(65.868321560632,53.,77.040510489073));
#6058 = B_SPLINE_CURVE_WITH_KNOTS('',3,(#6059,#6060,#6061,#6062,#6063),
  .UNSPECIFIED.,.F.,.F.,(4,1,4),(0.,3.699274970598E-02,
    6.741440914668E-02),.UNSPECIFIED.);
#6059 = CARTESIAN_POINT('',(65.213250040023,53.,77.175845273932));
#6060 = CARTESIAN_POINT('',(65.337865947178,53.,77.172944061896));
#6061 = CARTESIAN_POINT('',(65.564962008378,53.,77.167656985461));
#6062 = CARTESIAN_POINT('',(65.77399335305,53.,77.080046086405));
#6063 = CARTESIAN_POINT('',(65.868321560632,53.,77.040510489073));
#6064 = ORIENTED_EDGE('',*,*,#6035,.T.);
#6065 = ORIENTED_EDGE('',*,*,#6066,.F.);
#6066 = EDGE_CURVE('',#6067,#6026,#6069,.T.);
#6067 = VERTEX_POINT('',#6068);
#6068 = CARTESIAN_POINT('',(65.868321560632,54.,77.040510489073));
#6069 = B_SPLINE_CURVE_WITH_KNOTS('',3,(#6070,#6071,#6072,#6073,#6074),
  .UNSPECIFIED.,.F.,.F.,(4,1,4),(-6.741440914668E-02,-3.699274970598E-02
    ,0.),.UNSPECIFIED.);
#6070 = CARTESIAN_POINT('',(65.868321560632,54.,77.040510489073));
#6071 = CARTESIAN_POINT('',(65.77399335305,54.,77.080046086405));
#6072 = CARTESIAN_POINT('',(65.564962008378,54.,77.167656985461));
#6073 = CARTESIAN_POINT('',(65.337865947178,54.,77.172944061896));
#6074 = CARTESIAN_POINT('',(65.213250040023,54.,77.175845273932));
#6075 = ORIENTED_EDGE('',*,*,#6076,.F.);
#6076 = EDGE_CURVE('',#6056,#6067,#6077,.T.);
#6077 = LINE('',#6078,#6079);
#6078 = CARTESIAN_POINT('',(65.868321560632,53.,77.040510489073));
#6079 = VECTOR('',#6080,1.);
#6080 = DIRECTION('',(0.,1.,0.));
#6081 = B_SPLINE_SURFACE_WITH_KNOTS('',3,1,(
    (#6082,#6083)
    ,(#6084,#6085)
    ,(#6086,#6087)
    ,(#6088,#6089)
    ,(#6090,#6091
    )),.UNSPECIFIED.,.F.,.F.,.F.,(4,1,4),(2,2),(-6.741440914668E-02,
    -3.699274970598E-02,0.),(0.,1.E-01),.UNSPECIFIED.);
#6082 = CARTESIAN_POINT('',(65.868321560632,53.,77.040510489073));
#6083 = CARTESIAN_POINT('',(65.868321560632,54.,77.040510489073));
#6084 = CARTESIAN_POINT('',(65.77399335305,53.,77.080046086405));
#6085 = CARTESIAN_POINT('',(65.77399335305,54.,77.080046086405));
#6086 = CARTESIAN_POINT('',(65.564962008378,53.,77.167656985461));
#6087 = CARTESIAN_POINT('',(65.564962008378,54.,77.167656985461));
#6088 = CARTESIAN_POINT('',(65.337865947178,53.,77.172944061896));
#6089 = CARTESIAN_POINT('',(65.337865947178,54.,77.172944061896));
#6090 = CARTESIAN_POINT('',(65.213250040023,53.,77.175845273932));
#6091 = CARTESIAN_POINT('',(65.213250040023,54.,77.175845273932));
#6092 = ADVANCED_FACE('',(#6093),#6122,.T.);
#6093 = FACE_BOUND('',#6094,.T.);
#6094 = EDGE_LOOP('',(#6095,#6105,#6106,#6116));
#6095 = ORIENTED_EDGE('',*,*,#6096,.F.);
#6096 = EDGE_CURVE('',#6056,#6097,#6099,.T.);
#6097 = VERTEX_POINT('',#6098);
#6098 = CARTESIAN_POINT('',(66.271412467803,53.,76.659189368877));
#6099 = B_SPLINE_CURVE_WITH_KNOTS('',3,(#6100,#6101,#6102,#6103,#6104),
  .UNSPECIFIED.,.F.,.F.,(4,1,4),(0.,2.76962366487E-02,5.592881585339E-02
    ),.UNSPECIFIED.);
#6100 = CARTESIAN_POINT('',(65.868321560632,53.,77.040510489073));
#6101 = CARTESIAN_POINT('',(65.946811871887,53.,76.99023227421));
#6102 = CARTESIAN_POINT('',(66.105312473255,53.,76.888702197897));
#6103 = CARTESIAN_POINT('',(66.21569296305,53.,76.736181190595));
#6104 = CARTESIAN_POINT('',(66.271412467803,53.,76.659189368877));
#6105 = ORIENTED_EDGE('',*,*,#6076,.T.);
#6106 = ORIENTED_EDGE('',*,*,#6107,.F.);
#6107 = EDGE_CURVE('',#6108,#6067,#6110,.T.);
#6108 = VERTEX_POINT('',#6109);
#6109 = CARTESIAN_POINT('',(66.271412467803,54.,76.659189368877));
#6110 = B_SPLINE_CURVE_WITH_KNOTS('',3,(#6111,#6112,#6113,#6114,#6115),
  .UNSPECIFIED.,.F.,.F.,(4,1,4),(-5.592881585339E-02,-2.76962366487E-02,
    0.),.UNSPECIFIED.);
#6111 = CARTESIAN_POINT('',(66.271412467803,54.,76.659189368877));
#6112 = CARTESIAN_POINT('',(66.21569296305,54.,76.736181190595));
#6113 = CARTESIAN_POINT('',(66.105312473255,54.,76.888702197897));
#6114 = CARTESIAN_POINT('',(65.946811871887,54.,76.99023227421));
#6115 = CARTESIAN_POINT('',(65.868321560632,54.,77.040510489073));
#6116 = ORIENTED_EDGE('',*,*,#6117,.F.);
#6117 = EDGE_CURVE('',#6097,#6108,#6118,.T.);
#6118 = LINE('',#6119,#6120);
#6119 = CARTESIAN_POINT('',(66.271412467803,53.,76.659189368877));
#6120 = VECTOR('',#6121,1.);
#6121 = DIRECTION('',(0.,1.,0.));
#6122 = B_SPLINE_SURFACE_WITH_KNOTS('',3,1,(
    (#6123,#6124)
    ,(#6125,#6126)
    ,(#6127,#6128)
    ,(#6129,#6130)
    ,(#6131,#6132
    )),.UNSPECIFIED.,.F.,.F.,.F.,(4,1,4),(2,2),(-5.592881585339E-02,
    -2.76962366487E-02,0.),(0.,1.E-01),.UNSPECIFIED.);
#6123 = CARTESIAN_POINT('',(66.271412467803,53.,76.659189368877));
#6124 = CARTESIAN_POINT('',(66.271412467803,54.,76.659189368877));
#6125 = CARTESIAN_POINT('',(66.21569296305,53.,76.736181190595));
#6126 = CARTESIAN_POINT('',(66.21569296305,54.,76.736181190595));
#6127 = CARTESIAN_POINT('',(66.105312473255,53.,76.888702197897));
#6128 = CARTESIAN_POINT('',(66.105312473255,54.,76.888702197897));
#6129 = CARTESIAN_POINT('',(65.946811871887,53.,76.99023227421));
#6130 = CARTESIAN_POINT('',(65.946811871887,54.,76.99023227421));
#6131 = CARTESIAN_POINT('',(65.868321560632,53.,77.040510489073));
#6132 = CARTESIAN_POINT('',(65.868321560632,54.,77.040510489073));
#6133 = ADVANCED_FACE('',(#6134),#6163,.T.);
#6134 = FACE_BOUND('',#6135,.T.);
#6135 = EDGE_LOOP('',(#6136,#6146,#6147,#6157));
#6136 = ORIENTED_EDGE('',*,*,#6137,.F.);
#6137 = EDGE_CURVE('',#6097,#6138,#6140,.T.);
#6138 = VERTEX_POINT('',#6139);
#6139 = CARTESIAN_POINT('',(66.648104835548,53.,75.745763879571));
#6140 = B_SPLINE_CURVE_WITH_KNOTS('',3,(#6141,#6142,#6143,#6144,#6145),
  .UNSPECIFIED.,.F.,.F.,(4,1,4),(0.,3.547114175776E-02,
    9.888168855538E-02),.UNSPECIFIED.);
#6141 = CARTESIAN_POINT('',(66.271412467803,53.,76.659189368877));
#6142 = CARTESIAN_POINT('',(66.323782723009,53.,76.553088927841));
#6143 = CARTESIAN_POINT('',(66.469773492075,53.,76.257316357624));
#6144 = CARTESIAN_POINT('',(66.578427515643,53.,75.945636795724));
#6145 = CARTESIAN_POINT('',(66.648104835548,53.,75.745763879571));
#6146 = ORIENTED_EDGE('',*,*,#6117,.T.);
#6147 = ORIENTED_EDGE('',*,*,#6148,.F.);
#6148 = EDGE_CURVE('',#6149,#6108,#6151,.T.);
#6149 = VERTEX_POINT('',#6150);
#6150 = CARTESIAN_POINT('',(66.648104835548,54.,75.745763879571));
#6151 = B_SPLINE_CURVE_WITH_KNOTS('',3,(#6152,#6153,#6154,#6155,#6156),
  .UNSPECIFIED.,.F.,.F.,(4,1,4),(-9.888168855538E-02,-3.547114175776E-02
    ,0.),.UNSPECIFIED.);
#6152 = CARTESIAN_POINT('',(66.648104835548,54.,75.745763879571));
#6153 = CARTESIAN_POINT('',(66.578427515643,54.,75.945636795724));
#6154 = CARTESIAN_POINT('',(66.469773492075,54.,76.257316357624));
#6155 = CARTESIAN_POINT('',(66.323782723009,54.,76.553088927841));
#6156 = CARTESIAN_POINT('',(66.271412467803,54.,76.659189368877));
#6157 = ORIENTED_EDGE('',*,*,#6158,.F.);
#6158 = EDGE_CURVE('',#6138,#6149,#6159,.T.);
#6159 = LINE('',#6160,#6161);
#6160 = CARTESIAN_POINT('',(66.648104835548,53.,75.745763879571));
#6161 = VECTOR('',#6162,1.);
#6162 = DIRECTION('',(0.,1.,0.));
#6163 = B_SPLINE_SURFACE_WITH_KNOTS('',3,1,(
    (#6164,#6165)
    ,(#6166,#6167)
    ,(#6168,#6169)
    ,(#6170,#6171)
    ,(#6172,#6173
    )),.UNSPECIFIED.,.F.,.F.,.F.,(4,1,4),(2,2),(-9.888168855538E-02,
    -3.547114175776E-02,0.),(0.,1.E-01),.UNSPECIFIED.);
#6164 = CARTESIAN_POINT('',(66.648104835548,53.,75.745763879571));
#6165 = CARTESIAN_POINT('',(66.648104835548,54.,75.745763879571));
#6166 = CARTESIAN_POINT('',(66.578427515643,53.,75.945636795724));
#6167 = CARTESIAN_POINT('',(66.578427515643,54.,75.945636795724));
#6168 = CARTESIAN_POINT('',(66.469773492075,53.,76.257316357624));
#6169 = CARTESIAN_POINT('',(66.469773492075,54.,76.257316357624));
#6170 = CARTESIAN_POINT('',(66.323782723009,53.,76.553088927841));
#6171 = CARTESIAN_POINT('',(66.323782723009,54.,76.553088927841));
#6172 = CARTESIAN_POINT('',(66.271412467803,53.,76.659189368877));
#6173 = CARTESIAN_POINT('',(66.271412467803,54.,76.659189368877));
#6174 = ADVANCED_FACE('',(#6175),#6204,.T.);
#6175 = FACE_BOUND('',#6176,.T.);
#6176 = EDGE_LOOP('',(#6177,#6187,#6188,#6198));
#6177 = ORIENTED_EDGE('',*,*,#6178,.F.);
#6178 = EDGE_CURVE('',#6138,#6179,#6181,.T.);
#6179 = VERTEX_POINT('',#6180);
#6180 = CARTESIAN_POINT('',(66.757742994168,53.,75.445809240718));
#6181 = B_SPLINE_CURVE_WITH_KNOTS('',3,(#6182,#6183,#6184,#6185,#6186),
  .UNSPECIFIED.,.F.,.F.,(4,1,4),(0.,1.337556529776E-02,
    3.193775895414E-02),.UNSPECIFIED.);
#6182 = CARTESIAN_POINT('',(66.648104835548,53.,75.745763879571));
#6183 = CARTESIAN_POINT('',(66.662789086688,53.,75.703664099463));
#6184 = CARTESIAN_POINT('',(66.697851685007,53.,75.603139553457));
#6185 = CARTESIAN_POINT('',(66.735728833332,53.,75.503638913463));
#6186 = CARTESIAN_POINT('',(66.757742994168,53.,75.445809240718));
#6187 = ORIENTED_EDGE('',*,*,#6158,.T.);
#6188 = ORIENTED_EDGE('',*,*,#6189,.F.);
#6189 = EDGE_CURVE('',#6190,#6149,#6192,.T.);
#6190 = VERTEX_POINT('',#6191);
#6191 = CARTESIAN_POINT('',(66.757742994168,54.,75.445809240718));
#6192 = B_SPLINE_CURVE_WITH_KNOTS('',3,(#6193,#6194,#6195,#6196,#6197),
  .UNSPECIFIED.,.F.,.F.,(4,1,4),(-3.193775895414E-02,-1.337556529776E-02
    ,0.),.UNSPECIFIED.);
#6193 = CARTESIAN_POINT('',(66.757742994168,54.,75.445809240718));
#6194 = CARTESIAN_POINT('',(66.735728833332,54.,75.503638913463));
#6195 = CARTESIAN_POINT('',(66.697851685007,54.,75.603139553457));
#6196 = CARTESIAN_POINT('',(66.662789086688,54.,75.703664099463));
#6197 = CARTESIAN_POINT('',(66.648104835548,54.,75.745763879571));
#6198 = ORIENTED_EDGE('',*,*,#6199,.F.);
#6199 = EDGE_CURVE('',#6179,#6190,#6200,.T.);
#6200 = LINE('',#6201,#6202);
#6201 = CARTESIAN_POINT('',(66.757742994168,53.,75.445809240718));
#6202 = VECTOR('',#6203,1.);
#6203 = DIRECTION('',(0.,1.,0.));
#6204 = B_SPLINE_SURFACE_WITH_KNOTS('',3,1,(
    (#6205,#6206)
    ,(#6207,#6208)
    ,(#6209,#6210)
    ,(#6211,#6212)
    ,(#6213,#6214
    )),.UNSPECIFIED.,.F.,.F.,.F.,(4,1,4),(2,2),(-3.193775895414E-02,
    -1.337556529776E-02,0.),(0.,1.E-01),.UNSPECIFIED.);
#6205 = CARTESIAN_POINT('',(66.757742994168,53.,75.445809240718));
#6206 = CARTESIAN_POINT('',(66.757742994168,54.,75.445809240718));
#6207 = CARTESIAN_POINT('',(66.735728833332,53.,75.503638913463));
#6208 = CARTESIAN_POINT('',(66.735728833332,54.,75.503638913463));
#6209 = CARTESIAN_POINT('',(66.697851685007,53.,75.603139553457));
#6210 = CARTESIAN_POINT('',(66.697851685007,54.,75.603139553457));
#6211 = CARTESIAN_POINT('',(66.662789086688,53.,75.703664099463));
#6212 = CARTESIAN_POINT('',(66.662789086688,54.,75.703664099463));
#6213 = CARTESIAN_POINT('',(66.648104835548,53.,75.745763879571));
#6214 = CARTESIAN_POINT('',(66.648104835548,54.,75.745763879571));
#6215 = ADVANCED_FACE('',(#6216),#6241,.T.);
#6216 = FACE_BOUND('',#6217,.T.);
#6217 = EDGE_LOOP('',(#6218,#6226,#6227,#6235));
#6218 = ORIENTED_EDGE('',*,*,#6219,.F.);
#6219 = EDGE_CURVE('',#6179,#6220,#6222,.T.);
#6220 = VERTEX_POINT('',#6221);
#6221 = CARTESIAN_POINT('',(64.020857621538,53.,68.18339719486));
#6222 = LINE('',#6223,#6224);
#6223 = CARTESIAN_POINT('',(65.045397227295,53.,70.902045498044));
#6224 = VECTOR('',#6225,1.);
#6225 = DIRECTION('',(-0.35264582571,0.,-0.935756870992));
#6226 = ORIENTED_EDGE('',*,*,#6199,.T.);
#6227 = ORIENTED_EDGE('',*,*,#6228,.F.);
#6228 = EDGE_CURVE('',#6229,#6190,#6231,.T.);
#6229 = VERTEX_POINT('',#6230);
#6230 = CARTESIAN_POINT('',(64.020857621538,54.,68.18339719486));
#6231 = LINE('',#6232,#6233);
#6232 = CARTESIAN_POINT('',(66.757742994168,54.,75.445809240718));
#6233 = VECTOR('',#6234,1.);
#6234 = DIRECTION('',(0.35264582571,0.,0.935756870992));
#6235 = ORIENTED_EDGE('',*,*,#6236,.F.);
#6236 = EDGE_CURVE('',#6220,#6229,#6237,.T.);
#6237 = LINE('',#6238,#6239);
#6238 = CARTESIAN_POINT('',(64.020857621538,53.,68.18339719486));
#6239 = VECTOR('',#6240,1.);
#6240 = DIRECTION('',(0.,1.,0.));
#6241 = PLANE('',#6242);
#6242 = AXIS2_PLACEMENT_3D('',#6243,#6244,#6245);
#6243 = CARTESIAN_POINT('',(64.020857621538,53.,68.18339719486));
#6244 = DIRECTION('',(-0.935756870992,0.,0.35264582571));
#6245 = DIRECTION('',(0.35264582571,0.,0.935756870992));
#6246 = ADVANCED_FACE('',(#6247),#6272,.T.);
#6247 = FACE_BOUND('',#6248,.T.);
#6248 = EDGE_LOOP('',(#6249,#6257,#6258,#6266));
#6249 = ORIENTED_EDGE('',*,*,#6250,.F.);
#6250 = EDGE_CURVE('',#6220,#6251,#6253,.T.);
#6251 = VERTEX_POINT('',#6252);
#6252 = CARTESIAN_POINT('',(65.344183804758,53.,68.185600947846));
#6253 = LINE('',#6254,#6255);
#6254 = CARTESIAN_POINT('',(66.681533015095,53.,68.187828053568));
#6255 = VECTOR('',#6256,1.);
#6256 = DIRECTION('',(0.999998613368,0.,1.665311211983E-03));
#6257 = ORIENTED_EDGE('',*,*,#6236,.T.);
#6258 = ORIENTED_EDGE('',*,*,#6259,.F.);
#6259 = EDGE_CURVE('',#6260,#6229,#6262,.T.);
#6260 = VERTEX_POINT('',#6261);
#6261 = CARTESIAN_POINT('',(65.344183804758,54.,68.185600947846));
#6262 = LINE('',#6263,#6264);
#6263 = CARTESIAN_POINT('',(64.020857621538,54.,68.18339719486));
#6264 = VECTOR('',#6265,1.);
#6265 = DIRECTION('',(-0.999998613368,0.,-1.665311211983E-03));
#6266 = ORIENTED_EDGE('',*,*,#6267,.F.);
#6267 = EDGE_CURVE('',#6251,#6260,#6268,.T.);
#6268 = LINE('',#6269,#6270);
#6269 = CARTESIAN_POINT('',(65.344183804758,53.,68.185600947846));
#6270 = VECTOR('',#6271,1.);
#6271 = DIRECTION('',(0.,1.,0.));
#6272 = PLANE('',#6273);
#6273 = AXIS2_PLACEMENT_3D('',#6274,#6275,#6276);
#6274 = CARTESIAN_POINT('',(65.344183804758,53.,68.185600947846));
#6275 = DIRECTION('',(1.665311211983E-03,0.,-0.999998613368));
#6276 = DIRECTION('',(-0.999998613368,0.,-1.665311211983E-03));
#6277 = ADVANCED_FACE('',(#6278),#6303,.T.);
#6278 = FACE_BOUND('',#6279,.T.);
#6279 = EDGE_LOOP('',(#6280,#6288,#6289,#6297));
#6280 = ORIENTED_EDGE('',*,*,#6281,.F.);
#6281 = EDGE_CURVE('',#6251,#6282,#6284,.T.);
#6282 = VERTEX_POINT('',#6283);
#6283 = CARTESIAN_POINT('',(66.844701956625,53.,72.383194342227));
#6284 = LINE('',#6285,#6286);
#6285 = CARTESIAN_POINT('',(66.9909687595,53.,72.792365377444));
#6286 = VECTOR('',#6287,1.);
#6287 = DIRECTION('',(0.336610470918,0.,0.941643983079));
#6288 = ORIENTED_EDGE('',*,*,#6267,.T.);
#6289 = ORIENTED_EDGE('',*,*,#6290,.F.);
#6290 = EDGE_CURVE('',#6291,#6260,#6293,.T.);
#6291 = VERTEX_POINT('',#6292);
#6292 = CARTESIAN_POINT('',(66.844701956625,54.,72.383194342227));
#6293 = LINE('',#6294,#6295);
#6294 = CARTESIAN_POINT('',(65.344183804758,54.,68.185600947846));
#6295 = VECTOR('',#6296,1.);
#6296 = DIRECTION('',(-0.336610470918,0.,-0.941643983079));
#6297 = ORIENTED_EDGE('',*,*,#6298,.F.);
#6298 = EDGE_CURVE('',#6282,#6291,#6299,.T.);
#6299 = LINE('',#6300,#6301);
#6300 = CARTESIAN_POINT('',(66.844701956625,53.,72.383194342227));
#6301 = VECTOR('',#6302,1.);
#6302 = DIRECTION('',(0.,1.,0.));
#6303 = PLANE('',#6304);
#6304 = AXIS2_PLACEMENT_3D('',#6305,#6306,#6307);
#6305 = CARTESIAN_POINT('',(66.844701956625,53.,72.383194342227));
#6306 = DIRECTION('',(0.941643983079,0.,-0.336610470918));
#6307 = DIRECTION('',(-0.336610470918,0.,-0.941643983079));
#6308 = ADVANCED_FACE('',(#6309),#6338,.T.);
#6309 = FACE_BOUND('',#6310,.T.);
#6310 = EDGE_LOOP('',(#6311,#6321,#6322,#6332));
#6311 = ORIENTED_EDGE('',*,*,#6312,.F.);
#6312 = EDGE_CURVE('',#6282,#6313,#6315,.T.);
#6313 = VERTEX_POINT('',#6314);
#6314 = CARTESIAN_POINT('',(67.367142906153,53.,74.062102552319));
#6315 = B_SPLINE_CURVE_WITH_KNOTS('',3,(#6316,#6317,#6318,#6319,#6320),
  .UNSPECIFIED.,.F.,.F.,(4,1,4),(0.,8.644612171669E-02,0.175880676597),
  .UNSPECIFIED.);
#6316 = CARTESIAN_POINT('',(66.844701956625,53.,72.383194342227));
#6317 = CARTESIAN_POINT('',(66.940094166967,53.,72.655204609023));
#6318 = CARTESIAN_POINT('',(67.134176286141,53.,73.208628508388));
#6319 = CARTESIAN_POINT('',(67.28861267686,53.,73.77440677701));
#6320 = CARTESIAN_POINT('',(67.367142906153,53.,74.062102552319));
#6321 = ORIENTED_EDGE('',*,*,#6298,.T.);
#6322 = ORIENTED_EDGE('',*,*,#6323,.F.);
#6323 = EDGE_CURVE('',#6324,#6291,#6326,.T.);
#6324 = VERTEX_POINT('',#6325);
#6325 = CARTESIAN_POINT('',(67.367142906153,54.,74.062102552319));
#6326 = B_SPLINE_CURVE_WITH_KNOTS('',3,(#6327,#6328,#6329,#6330,#6331),
  .UNSPECIFIED.,.F.,.F.,(4,1,4),(-0.175880676597,-8.644612171669E-02,0.)
  ,.UNSPECIFIED.);
#6327 = CARTESIAN_POINT('',(67.367142906153,54.,74.062102552319));
#6328 = CARTESIAN_POINT('',(67.28861267686,54.,73.77440677701));
#6329 = CARTESIAN_POINT('',(67.134176286141,54.,73.208628508388));
#6330 = CARTESIAN_POINT('',(66.940094166967,54.,72.655204609023));
#6331 = CARTESIAN_POINT('',(66.844701956625,54.,72.383194342227));
#6332 = ORIENTED_EDGE('',*,*,#6333,.F.);
#6333 = EDGE_CURVE('',#6313,#6324,#6334,.T.);
#6334 = LINE('',#6335,#6336);
#6335 = CARTESIAN_POINT('',(67.367142906153,53.,74.062102552319));
#6336 = VECTOR('',#6337,1.);
#6337 = DIRECTION('',(0.,1.,0.));
#6338 = B_SPLINE_SURFACE_WITH_KNOTS('',3,1,(
    (#6339,#6340)
    ,(#6341,#6342)
    ,(#6343,#6344)
    ,(#6345,#6346)
    ,(#6347,#6348
    )),.UNSPECIFIED.,.F.,.F.,.F.,(4,1,4),(2,2),(-0.175880676597,
    -8.644612171669E-02,0.),(0.,1.E-01),.UNSPECIFIED.);
#6339 = CARTESIAN_POINT('',(67.367142906153,53.,74.062102552319));
#6340 = CARTESIAN_POINT('',(67.367142906153,54.,74.062102552319));
#6341 = CARTESIAN_POINT('',(67.28861267686,53.,73.77440677701));
#6342 = CARTESIAN_POINT('',(67.28861267686,54.,73.77440677701));
#6343 = CARTESIAN_POINT('',(67.134176286141,53.,73.208628508388));
#6344 = CARTESIAN_POINT('',(67.134176286141,54.,73.208628508388));
#6345 = CARTESIAN_POINT('',(66.940094166967,53.,72.655204609023));
#6346 = CARTESIAN_POINT('',(66.940094166967,54.,72.655204609023));
#6347 = CARTESIAN_POINT('',(66.844701956625,53.,72.383194342227));
#6348 = CARTESIAN_POINT('',(66.844701956625,54.,72.383194342227));
#6349 = ADVANCED_FACE('',(#6350),#6379,.T.);
#6350 = FACE_BOUND('',#6351,.T.);
#6351 = EDGE_LOOP('',(#6352,#6362,#6363,#6373));
#6352 = ORIENTED_EDGE('',*,*,#6353,.F.);
#6353 = EDGE_CURVE('',#6313,#6354,#6356,.T.);
#6354 = VERTEX_POINT('',#6355);
#6355 = CARTESIAN_POINT('',(67.874666267062,53.,72.412194811793));
#6356 = B_SPLINE_CURVE_WITH_KNOTS('',3,(#6357,#6358,#6359,#6360,#6361),
  .UNSPECIFIED.,.F.,.F.,(4,1,4),(0.,8.671954297152E-02,0.172679226975),
  .UNSPECIFIED.);
#6357 = CARTESIAN_POINT('',(67.367142906153,53.,74.062102552319));
#6358 = CARTESIAN_POINT('',(67.441289055677,53.,73.782580276284));
#6359 = CARTESIAN_POINT('',(67.588931667067,53.,73.225984970379));
#6360 = CARTESIAN_POINT('',(67.779701221658,53.,72.682661249394));
#6361 = CARTESIAN_POINT('',(67.874666267062,53.,72.412194811793));
#6362 = ORIENTED_EDGE('',*,*,#6333,.T.);
#6363 = ORIENTED_EDGE('',*,*,#6364,.F.);
#6364 = EDGE_CURVE('',#6365,#6324,#6367,.T.);
#6365 = VERTEX_POINT('',#6366);
#6366 = CARTESIAN_POINT('',(67.874666267062,54.,72.412194811793));
#6367 = B_SPLINE_CURVE_WITH_KNOTS('',3,(#6368,#6369,#6370,#6371,#6372),
  .UNSPECIFIED.,.F.,.F.,(4,1,4),(-0.172679226975,-8.671954297152E-02,0.)
  ,.UNSPECIFIED.);
#6368 = CARTESIAN_POINT('',(67.874666267062,54.,72.412194811793));
#6369 = CARTESIAN_POINT('',(67.779701221658,54.,72.682661249394));
#6370 = CARTESIAN_POINT('',(67.588931667067,54.,73.225984970379));
#6371 = CARTESIAN_POINT('',(67.441289055677,54.,73.782580276284));
#6372 = CARTESIAN_POINT('',(67.367142906153,54.,74.062102552319));
#6373 = ORIENTED_EDGE('',*,*,#6374,.F.);
#6374 = EDGE_CURVE('',#6354,#6365,#6375,.T.);
#6375 = LINE('',#6376,#6377);
#6376 = CARTESIAN_POINT('',(67.874666267062,53.,72.412194811793));
#6377 = VECTOR('',#6378,1.);
#6378 = DIRECTION('',(0.,1.,0.));
#6379 = B_SPLINE_SURFACE_WITH_KNOTS('',3,1,(
    (#6380,#6381)
    ,(#6382,#6383)
    ,(#6384,#6385)
    ,(#6386,#6387)
    ,(#6388,#6389
    )),.UNSPECIFIED.,.F.,.F.,.F.,(4,1,4),(2,2),(-0.172679226975,
    -8.671954297152E-02,0.),(0.,1.E-01),.UNSPECIFIED.);
#6380 = CARTESIAN_POINT('',(67.874666267062,53.,72.412194811793));
#6381 = CARTESIAN_POINT('',(67.874666267062,54.,72.412194811793));
#6382 = CARTESIAN_POINT('',(67.779701221658,53.,72.682661249394));
#6383 = CARTESIAN_POINT('',(67.779701221658,54.,72.682661249394));
#6384 = CARTESIAN_POINT('',(67.588931667067,53.,73.225984970379));
#6385 = CARTESIAN_POINT('',(67.588931667067,54.,73.225984970379));
#6386 = CARTESIAN_POINT('',(67.441289055677,53.,73.782580276284));
#6387 = CARTESIAN_POINT('',(67.441289055677,54.,73.782580276284));
#6388 = CARTESIAN_POINT('',(67.367142906153,53.,74.062102552319));
#6389 = CARTESIAN_POINT('',(67.367142906153,54.,74.062102552319));
#6390 = ADVANCED_FACE('',(#6391),#6416,.T.);
#6391 = FACE_BOUND('',#6392,.T.);
#6392 = EDGE_LOOP('',(#6393,#6401,#6402,#6410));
#6393 = ORIENTED_EDGE('',*,*,#6394,.F.);
#6394 = EDGE_CURVE('',#6354,#6395,#6397,.T.);
#6395 = VERTEX_POINT('',#6396);
#6396 = CARTESIAN_POINT('',(69.43012899049,53.,68.19240532761));
#6397 = LINE('',#6398,#6399);
#6398 = CARTESIAN_POINT('',(68.583161638035,53.,70.49012926114));
#6399 = VECTOR('',#6400,1.);
#6400 = DIRECTION('',(0.345862651077,0.,-0.938285152067));
#6401 = ORIENTED_EDGE('',*,*,#6374,.T.);
#6402 = ORIENTED_EDGE('',*,*,#6403,.F.);
#6403 = EDGE_CURVE('',#6404,#6365,#6406,.T.);
#6404 = VERTEX_POINT('',#6405);
#6405 = CARTESIAN_POINT('',(69.43012899049,54.,68.19240532761));
#6406 = LINE('',#6407,#6408);
#6407 = CARTESIAN_POINT('',(67.874666267062,54.,72.412194811793));
#6408 = VECTOR('',#6409,1.);
#6409 = DIRECTION('',(-0.345862651077,0.,0.938285152067));
#6410 = ORIENTED_EDGE('',*,*,#6411,.F.);
#6411 = EDGE_CURVE('',#6395,#6404,#6412,.T.);
#6412 = LINE('',#6413,#6414);
#6413 = CARTESIAN_POINT('',(69.43012899049,53.,68.19240532761));
#6414 = VECTOR('',#6415,1.);
#6415 = DIRECTION('',(0.,1.,0.));
#6416 = PLANE('',#6417);
#6417 = AXIS2_PLACEMENT_3D('',#6418,#6419,#6420);
#6418 = CARTESIAN_POINT('',(69.43012899049,53.,68.19240532761));
#6419 = DIRECTION('',(-0.938285152067,0.,-0.345862651077));
#6420 = DIRECTION('',(-0.345862651077,0.,0.938285152067));
#6421 = ADVANCED_FACE('',(#6422),#6447,.T.);
#6422 = FACE_BOUND('',#6423,.T.);
#6423 = EDGE_LOOP('',(#6424,#6432,#6433,#6441));
#6424 = ORIENTED_EDGE('',*,*,#6425,.F.);
#6425 = EDGE_CURVE('',#6395,#6426,#6428,.T.);
#6426 = VERTEX_POINT('',#6427);
#6427 = CARTESIAN_POINT('',(70.657954360089,53.,68.1944500418));
#6428 = LINE('',#6429,#6430);
#6429 = CARTESIAN_POINT('',(69.338418292761,53.,68.192252600545));
#6430 = VECTOR('',#6431,1.);
#6431 = DIRECTION('',(0.999998613368,0.,1.665311211983E-03));
#6432 = ORIENTED_EDGE('',*,*,#6411,.T.);
#6433 = ORIENTED_EDGE('',*,*,#6434,.F.);
#6434 = EDGE_CURVE('',#6435,#6404,#6437,.T.);
#6435 = VERTEX_POINT('',#6436);
#6436 = CARTESIAN_POINT('',(70.657954360089,54.,68.1944500418));
#6437 = LINE('',#6438,#6439);
#6438 = CARTESIAN_POINT('',(69.43012899049,54.,68.19240532761));
#6439 = VECTOR('',#6440,1.);
#6440 = DIRECTION('',(-0.999998613368,0.,-1.665311211983E-03));
#6441 = ORIENTED_EDGE('',*,*,#6442,.F.);
#6442 = EDGE_CURVE('',#6426,#6435,#6443,.T.);
#6443 = LINE('',#6444,#6445);
#6444 = CARTESIAN_POINT('',(70.657954360089,53.,68.1944500418));
#6445 = VECTOR('',#6446,1.);
#6446 = DIRECTION('',(0.,1.,0.));
#6447 = PLANE('',#6448);
#6448 = AXIS2_PLACEMENT_3D('',#6449,#6450,#6451);
#6449 = CARTESIAN_POINT('',(70.657954360089,53.,68.1944500418));
#6450 = DIRECTION('',(1.665311211983E-03,0.,-0.999998613368));
#6451 = DIRECTION('',(-0.999998613368,0.,-1.665311211983E-03));
#6452 = ADVANCED_FACE('',(#6453),#6478,.T.);
#6453 = FACE_BOUND('',#6454,.T.);
#6454 = EDGE_LOOP('',(#6455,#6463,#6464,#6472));
#6455 = ORIENTED_EDGE('',*,*,#6456,.F.);
#6456 = EDGE_CURVE('',#6426,#6457,#6459,.T.);
#6457 = VERTEX_POINT('',#6458);
#6458 = CARTESIAN_POINT('',(67.889895333358,53.,75.556835653611));
#6459 = LINE('',#6460,#6461);
#6460 = CARTESIAN_POINT('',(68.336774911649,53.,74.368241138231));
#6461 = VECTOR('',#6462,1.);
#6462 = DIRECTION('',(-0.351921876935,0.,0.936029375893));
#6463 = ORIENTED_EDGE('',*,*,#6442,.T.);
#6464 = ORIENTED_EDGE('',*,*,#6465,.F.);
#6465 = EDGE_CURVE('',#6466,#6435,#6468,.T.);
#6466 = VERTEX_POINT('',#6467);
#6467 = CARTESIAN_POINT('',(67.889895333358,54.,75.556835653611));
#6468 = LINE('',#6469,#6470);
#6469 = CARTESIAN_POINT('',(70.657954360089,54.,68.1944500418));
#6470 = VECTOR('',#6471,1.);
#6471 = DIRECTION('',(0.351921876935,0.,-0.936029375893));
#6472 = ORIENTED_EDGE('',*,*,#6473,.F.);
#6473 = EDGE_CURVE('',#6457,#6466,#6474,.T.);
#6474 = LINE('',#6475,#6476);
#6475 = CARTESIAN_POINT('',(67.889895333358,53.,75.556835653611));
#6476 = VECTOR('',#6477,1.);
#6477 = DIRECTION('',(0.,1.,0.));
#6478 = PLANE('',#6479);
#6479 = AXIS2_PLACEMENT_3D('',#6480,#6481,#6482);
#6480 = CARTESIAN_POINT('',(67.889895333358,53.,75.556835653611));
#6481 = DIRECTION('',(0.936029375893,0.,0.351921876935));
#6482 = DIRECTION('',(0.351921876935,0.,-0.936029375893));
#6483 = ADVANCED_FACE('',(#6484),#6513,.T.);
#6484 = FACE_BOUND('',#6485,.T.);
#6485 = EDGE_LOOP('',(#6486,#6496,#6497,#6507));
#6486 = ORIENTED_EDGE('',*,*,#6487,.F.);
#6487 = EDGE_CURVE('',#6457,#6488,#6490,.T.);
#6488 = VERTEX_POINT('',#6489);
#6489 = CARTESIAN_POINT('',(67.198205234827,53.,77.199615533771));
#6490 = B_SPLINE_CURVE_WITH_KNOTS('',3,(#6491,#6492,#6493,#6494,#6495),
  .UNSPECIFIED.,.F.,.F.,(4,1,4),(0.,0.108209821508,0.178326813403),
  .UNSPECIFIED.);
#6491 = CARTESIAN_POINT('',(67.889895333358,53.,75.556835653611));
#6492 = CARTESIAN_POINT('',(67.764225978497,53.,75.895224279049));
#6493 = CARTESIAN_POINT('',(67.557126333728,53.,76.452879438489));
#6494 = CARTESIAN_POINT('',(67.299501653759,53.,76.988868122791));
#6495 = CARTESIAN_POINT('',(67.198205234827,53.,77.199615533771));
#6496 = ORIENTED_EDGE('',*,*,#6473,.T.);
#6497 = ORIENTED_EDGE('',*,*,#6498,.F.);
#6498 = EDGE_CURVE('',#6499,#6466,#6501,.T.);
#6499 = VERTEX_POINT('',#6500);
#6500 = CARTESIAN_POINT('',(67.198205234827,54.,77.199615533771));
#6501 = B_SPLINE_CURVE_WITH_KNOTS('',3,(#6502,#6503,#6504,#6505,#6506),
  .UNSPECIFIED.,.F.,.F.,(4,1,4),(-0.178326813403,-0.108209821508,0.),
  .UNSPECIFIED.);
#6502 = CARTESIAN_POINT('',(67.198205234827,54.,77.199615533771));
#6503 = CARTESIAN_POINT('',(67.299501653759,54.,76.988868122791));
#6504 = CARTESIAN_POINT('',(67.557126333728,54.,76.452879438489));
#6505 = CARTESIAN_POINT('',(67.764225978497,54.,75.895224279049));
#6506 = CARTESIAN_POINT('',(67.889895333358,54.,75.556835653611));
#6507 = ORIENTED_EDGE('',*,*,#6508,.F.);
#6508 = EDGE_CURVE('',#6488,#6499,#6509,.T.);
#6509 = LINE('',#6510,#6511);
#6510 = CARTESIAN_POINT('',(67.198205234827,53.,77.199615533771));
#6511 = VECTOR('',#6512,1.);
#6512 = DIRECTION('',(0.,1.,0.));
#6513 = B_SPLINE_SURFACE_WITH_KNOTS('',3,1,(
    (#6514,#6515)
    ,(#6516,#6517)
    ,(#6518,#6519)
    ,(#6520,#6521)
    ,(#6522,#6523
    )),.UNSPECIFIED.,.F.,.F.,.F.,(4,1,4),(2,2),(-0.178326813403,
    -0.108209821508,0.),(0.,1.E-01),.UNSPECIFIED.);
#6514 = CARTESIAN_POINT('',(67.198205234827,53.,77.199615533771));
#6515 = CARTESIAN_POINT('',(67.198205234827,54.,77.199615533771));
#6516 = CARTESIAN_POINT('',(67.299501653759,53.,76.988868122791));
#6517 = CARTESIAN_POINT('',(67.299501653759,54.,76.988868122791));
#6518 = CARTESIAN_POINT('',(67.557126333728,53.,76.452879438489));
#6519 = CARTESIAN_POINT('',(67.557126333728,54.,76.452879438489));
#6520 = CARTESIAN_POINT('',(67.764225978497,53.,75.895224279049));
#6521 = CARTESIAN_POINT('',(67.764225978497,54.,75.895224279049));
#6522 = CARTESIAN_POINT('',(67.889895333358,53.,75.556835653611));
#6523 = CARTESIAN_POINT('',(67.889895333358,54.,75.556835653611));
#6524 = ADVANCED_FACE('',(#6525),#6554,.T.);
#6525 = FACE_BOUND('',#6526,.T.);
#6526 = EDGE_LOOP('',(#6527,#6537,#6538,#6548));
#6527 = ORIENTED_EDGE('',*,*,#6528,.F.);
#6528 = EDGE_CURVE('',#6488,#6529,#6531,.T.);
#6529 = VERTEX_POINT('',#6530);
#6530 = CARTESIAN_POINT('',(66.446387205682,53.,78.088542243719));
#6531 = B_SPLINE_CURVE_WITH_KNOTS('',3,(#6532,#6533,#6534,#6535,#6536),
  .UNSPECIFIED.,.F.,.F.,(4,1,4),(0.,6.325978987011E-02,0.117277651053),
  .UNSPECIFIED.);
#6532 = CARTESIAN_POINT('',(67.198205234827,53.,77.199615533771));
#6533 = CARTESIAN_POINT('',(67.091229962343,53.,77.383765453568));
#6534 = CARTESIAN_POINT('',(66.892907952366,53.,77.725161940653));
#6535 = CARTESIAN_POINT('',(66.587197057585,53.,77.973950644024));
#6536 = CARTESIAN_POINT('',(66.446387205682,53.,78.088542243719));
#6537 = ORIENTED_EDGE('',*,*,#6508,.T.);
#6538 = ORIENTED_EDGE('',*,*,#6539,.F.);
#6539 = EDGE_CURVE('',#6540,#6499,#6542,.T.);
#6540 = VERTEX_POINT('',#6541);
#6541 = CARTESIAN_POINT('',(66.446387205682,54.,78.088542243719));
#6542 = B_SPLINE_CURVE_WITH_KNOTS('',3,(#6543,#6544,#6545,#6546,#6547),
  .UNSPECIFIED.,.F.,.F.,(4,1,4),(-0.117277651053,-6.325978987011E-02,0.)
  ,.UNSPECIFIED.);
#6543 = CARTESIAN_POINT('',(66.446387205682,54.,78.088542243719));
#6544 = CARTESIAN_POINT('',(66.587197057585,54.,77.973950644024));
#6545 = CARTESIAN_POINT('',(66.892907952366,54.,77.725161940653));
#6546 = CARTESIAN_POINT('',(67.091229962343,54.,77.383765453568));
#6547 = CARTESIAN_POINT('',(67.198205234827,54.,77.199615533771));
#6548 = ORIENTED_EDGE('',*,*,#6549,.F.);
#6549 = EDGE_CURVE('',#6529,#6540,#6550,.T.);
#6550 = LINE('',#6551,#6552);
#6551 = CARTESIAN_POINT('',(66.446387205682,53.,78.088542243719));
#6552 = VECTOR('',#6553,1.);
#6553 = DIRECTION('',(0.,1.,0.));
#6554 = B_SPLINE_SURFACE_WITH_KNOTS('',3,1,(
    (#6555,#6556)
    ,(#6557,#6558)
    ,(#6559,#6560)
    ,(#6561,#6562)
    ,(#6563,#6564
    )),.UNSPECIFIED.,.F.,.F.,.F.,(4,1,4),(2,2),(-0.117277651053,
    -6.325978987011E-02,0.),(0.,1.E-01),.UNSPECIFIED.);
#6555 = CARTESIAN_POINT('',(66.446387205682,53.,78.088542243719));
#6556 = CARTESIAN_POINT('',(66.446387205682,54.,78.088542243719));
#6557 = CARTESIAN_POINT('',(66.587197057585,53.,77.973950644024));
#6558 = CARTESIAN_POINT('',(66.587197057585,54.,77.973950644024));
#6559 = CARTESIAN_POINT('',(66.892907952366,53.,77.725161940653));
#6560 = CARTESIAN_POINT('',(66.892907952366,54.,77.725161940653));
#6561 = CARTESIAN_POINT('',(67.091229962343,53.,77.383765453568));
#6562 = CARTESIAN_POINT('',(67.091229962343,54.,77.383765453568));
#6563 = CARTESIAN_POINT('',(67.198205234827,53.,77.199615533771));
#6564 = CARTESIAN_POINT('',(67.198205234827,54.,77.199615533771));
#6565 = ADVANCED_FACE('',(#6566),#6595,.T.);
#6566 = FACE_BOUND('',#6567,.T.);
#6567 = EDGE_LOOP('',(#6568,#6578,#6579,#6589));
#6568 = ORIENTED_EDGE('',*,*,#6569,.F.);
#6569 = EDGE_CURVE('',#6529,#6570,#6572,.T.);
#6570 = VERTEX_POINT('',#6571);
#6571 = CARTESIAN_POINT('',(65.436367090118,53.,78.369943359713));
#6572 = B_SPLINE_CURVE_WITH_KNOTS('',3,(#6573,#6574,#6575,#6576,#6577),
  .UNSPECIFIED.,.F.,.F.,(4,1,4),(0.,5.101287580673E-02,0.106040067547),
  .UNSPECIFIED.);
#6573 = CARTESIAN_POINT('',(66.446387205682,53.,78.088542243719));
#6574 = CARTESIAN_POINT('',(66.295004971214,53.,78.170823333772));
#6575 = CARTESIAN_POINT('',(65.980327899698,53.,78.34186039469));
#6576 = CARTESIAN_POINT('',(65.6222064463,53.,78.360349065331));
#6577 = CARTESIAN_POINT('',(65.436367090118,53.,78.369943359713));
#6578 = ORIENTED_EDGE('',*,*,#6549,.T.);
#6579 = ORIENTED_EDGE('',*,*,#6580,.F.);
#6580 = EDGE_CURVE('',#6581,#6540,#6583,.T.);
#6581 = VERTEX_POINT('',#6582);
#6582 = CARTESIAN_POINT('',(65.436367090118,54.,78.369943359713));
#6583 = B_SPLINE_CURVE_WITH_KNOTS('',3,(#6584,#6585,#6586,#6587,#6588),
  .UNSPECIFIED.,.F.,.F.,(4,1,4),(-0.106040067547,-5.101287580673E-02,0.)
  ,.UNSPECIFIED.);
#6584 = CARTESIAN_POINT('',(65.436367090118,54.,78.369943359713));
#6585 = CARTESIAN_POINT('',(65.6222064463,54.,78.360349065331));
#6586 = CARTESIAN_POINT('',(65.980327899698,54.,78.34186039469));
#6587 = CARTESIAN_POINT('',(66.295004971214,54.,78.170823333772));
#6588 = CARTESIAN_POINT('',(66.446387205682,54.,78.088542243719));
#6589 = ORIENTED_EDGE('',*,*,#6590,.F.);
#6590 = EDGE_CURVE('',#6570,#6581,#6591,.T.);
#6591 = LINE('',#6592,#6593);
#6592 = CARTESIAN_POINT('',(65.436367090118,53.,78.369943359713));
#6593 = VECTOR('',#6594,1.);
#6594 = DIRECTION('',(0.,1.,0.));
#6595 = B_SPLINE_SURFACE_WITH_KNOTS('',3,1,(
    (#6596,#6597)
    ,(#6598,#6599)
    ,(#6600,#6601)
    ,(#6602,#6603)
    ,(#6604,#6605
    )),.UNSPECIFIED.,.F.,.F.,.F.,(4,1,4),(2,2),(-0.106040067547,
    -5.101287580673E-02,0.),(0.,1.E-01),.UNSPECIFIED.);
#6596 = CARTESIAN_POINT('',(65.436367090118,53.,78.369943359713));
#6597 = CARTESIAN_POINT('',(65.436367090118,54.,78.369943359713));
#6598 = CARTESIAN_POINT('',(65.6222064463,53.,78.360349065331));
#6599 = CARTESIAN_POINT('',(65.6222064463,54.,78.360349065331));
#6600 = CARTESIAN_POINT('',(65.980327899698,53.,78.34186039469));
#6601 = CARTESIAN_POINT('',(65.980327899698,54.,78.34186039469));
#6602 = CARTESIAN_POINT('',(66.295004971214,53.,78.170823333772));
#6603 = CARTESIAN_POINT('',(66.295004971214,54.,78.170823333772));
#6604 = CARTESIAN_POINT('',(66.446387205682,53.,78.088542243719));
#6605 = CARTESIAN_POINT('',(66.446387205682,54.,78.088542243719));
#6606 = ADVANCED_FACE('',(#6607),#6627,.T.);
#6607 = FACE_BOUND('',#6608,.T.);
#6608 = EDGE_LOOP('',(#6609,#6617,#6618,#6626));
#6609 = ORIENTED_EDGE('',*,*,#6610,.F.);
#6610 = EDGE_CURVE('',#6570,#5975,#6611,.T.);
#6611 = B_SPLINE_CURVE_WITH_KNOTS('',3,(#6612,#6613,#6614,#6615,#6616),
  .UNSPECIFIED.,.F.,.F.,(4,1,4),(0.,3.7704182374E-02,8.080929528416E-02)
  ,.UNSPECIFIED.);
#6612 = CARTESIAN_POINT('',(65.436367090118,53.,78.369943359713));
#6613 = CARTESIAN_POINT('',(65.310451662948,53.,78.361966566096));
#6614 = CARTESIAN_POINT('',(65.040584070168,53.,78.344870344131));
#6615 = CARTESIAN_POINT('',(64.782836746883,53.,78.262497298576));
#6616 = CARTESIAN_POINT('',(64.645349748223,53.,78.218558053505));
#6617 = ORIENTED_EDGE('',*,*,#6590,.T.);
#6618 = ORIENTED_EDGE('',*,*,#6619,.F.);
#6619 = EDGE_CURVE('',#5985,#6581,#6620,.T.);
#6620 = B_SPLINE_CURVE_WITH_KNOTS('',3,(#6621,#6622,#6623,#6624,#6625),
  .UNSPECIFIED.,.F.,.F.,(4,1,4),(-8.080929528416E-02,-3.7704182374E-02,
    0.),.UNSPECIFIED.);
#6621 = CARTESIAN_POINT('',(64.645349748223,54.,78.218558053505));
#6622 = CARTESIAN_POINT('',(64.782836746883,54.,78.262497298576));
#6623 = CARTESIAN_POINT('',(65.040584070168,54.,78.344870344131));
#6624 = CARTESIAN_POINT('',(65.310451662948,54.,78.361966566096));
#6625 = CARTESIAN_POINT('',(65.436367090118,54.,78.369943359713));
#6626 = ORIENTED_EDGE('',*,*,#5984,.F.);
#6627 = B_SPLINE_SURFACE_WITH_KNOTS('',3,1,(
    (#6628,#6629)
    ,(#6630,#6631)
    ,(#6632,#6633)
    ,(#6634,#6635)
    ,(#6636,#6637
    )),.UNSPECIFIED.,.F.,.F.,.F.,(4,1,4),(2,2),(-8.080929528416E-02,
    -3.7704182374E-02,0.),(0.,1.E-01),.UNSPECIFIED.);
#6628 = CARTESIAN_POINT('',(64.645349748223,53.,78.218558053505));
#6629 = CARTESIAN_POINT('',(64.645349748223,54.,78.218558053505));
#6630 = CARTESIAN_POINT('',(64.782836746883,53.,78.262497298576));
#6631 = CARTESIAN_POINT('',(64.782836746883,54.,78.262497298576));
#6632 = CARTESIAN_POINT('',(65.040584070168,53.,78.344870344131));
#6633 = CARTESIAN_POINT('',(65.040584070168,54.,78.344870344131));
#6634 = CARTESIAN_POINT('',(65.310451662948,53.,78.361966566096));
#6635 = CARTESIAN_POINT('',(65.310451662948,54.,78.361966566096));
#6636 = CARTESIAN_POINT('',(65.436367090118,53.,78.369943359713));
#6637 = CARTESIAN_POINT('',(65.436367090118,54.,78.369943359713));
#6638 = ADVANCED_FACE('',(#6639),#6659,.T.);
#6639 = FACE_BOUND('',#6640,.T.);
#6640 = EDGE_LOOP('',(#6641,#6642,#6643,#6644,#6645,#6646,#6647,#6648,
    #6649,#6650,#6651,#6652,#6653,#6654,#6655,#6656,#6657,#6658));
#6641 = ORIENTED_EDGE('',*,*,#6619,.T.);
#6642 = ORIENTED_EDGE('',*,*,#6580,.T.);
#6643 = ORIENTED_EDGE('',*,*,#6539,.T.);
#6644 = ORIENTED_EDGE('',*,*,#6498,.T.);
#6645 = ORIENTED_EDGE('',*,*,#6465,.T.);
#6646 = ORIENTED_EDGE('',*,*,#6434,.T.);
#6647 = ORIENTED_EDGE('',*,*,#6403,.T.);
#6648 = ORIENTED_EDGE('',*,*,#6364,.T.);
#6649 = ORIENTED_EDGE('',*,*,#6323,.T.);
#6650 = ORIENTED_EDGE('',*,*,#6290,.T.);
#6651 = ORIENTED_EDGE('',*,*,#6259,.T.);
#6652 = ORIENTED_EDGE('',*,*,#6228,.T.);
#6653 = ORIENTED_EDGE('',*,*,#6189,.T.);
#6654 = ORIENTED_EDGE('',*,*,#6148,.T.);
#6655 = ORIENTED_EDGE('',*,*,#6107,.T.);
#6656 = ORIENTED_EDGE('',*,*,#6066,.T.);
#6657 = ORIENTED_EDGE('',*,*,#6025,.T.);
#6658 = ORIENTED_EDGE('',*,*,#5992,.T.);
#6659 = PLANE('',#6660);
#6660 = AXIS2_PLACEMENT_3D('',#6661,#6662,#6663);
#6661 = CARTESIAN_POINT('',(70.398423006811,54.,71.860650462761));
#6662 = DIRECTION('',(0.,1.,0.));
#6663 = DIRECTION('',(-1.,0.,0.));
#6664 = ADVANCED_FACE('',(#6665),#6699,.T.);
#6665 = FACE_BOUND('',#6666,.T.);
#6666 = EDGE_LOOP('',(#6667,#6677,#6685,#6693));
#6667 = ORIENTED_EDGE('',*,*,#6668,.F.);
#6668 = EDGE_CURVE('',#6669,#6671,#6673,.T.);
#6669 = VERTEX_POINT('',#6670);
#6670 = CARTESIAN_POINT('',(46.219285206309,53.,71.080086023726));
#6671 = VERTEX_POINT('',#6672);
#6672 = CARTESIAN_POINT('',(50.26430113132,53.,71.086822243439));
#6673 = LINE('',#6674,#6675);
#6674 = CARTESIAN_POINT('',(59.139155053321,53.,71.101601657674));
#6675 = VECTOR('',#6676,1.);
#6676 = DIRECTION('',(0.999998613368,0.,1.665311211987E-03));
#6677 = ORIENTED_EDGE('',*,*,#6678,.T.);
#6678 = EDGE_CURVE('',#6669,#6679,#6681,.T.);
#6679 = VERTEX_POINT('',#6680);
#6680 = CARTESIAN_POINT('',(46.219285206309,54.,71.080086023726));
#6681 = LINE('',#6682,#6683);
#6682 = CARTESIAN_POINT('',(46.219285206309,53.,71.080086023726));
#6683 = VECTOR('',#6684,1.);
#6684 = DIRECTION('',(0.,1.,0.));
#6685 = ORIENTED_EDGE('',*,*,#6686,.F.);
#6686 = EDGE_CURVE('',#6687,#6679,#6689,.T.);
#6687 = VERTEX_POINT('',#6688);
#6688 = CARTESIAN_POINT('',(50.26430113132,54.,71.086822243439));
#6689 = LINE('',#6690,#6691);
#6690 = CARTESIAN_POINT('',(46.219285206309,54.,71.080086023726));
#6691 = VECTOR('',#6692,1.);
#6692 = DIRECTION('',(-0.999998613368,0.,-1.665311211987E-03));
#6693 = ORIENTED_EDGE('',*,*,#6694,.F.);
#6694 = EDGE_CURVE('',#6671,#6687,#6695,.T.);
#6695 = LINE('',#6696,#6697);
#6696 = CARTESIAN_POINT('',(50.26430113132,53.,71.086822243439));
#6697 = VECTOR('',#6698,1.);
#6698 = DIRECTION('',(0.,1.,0.));
#6699 = PLANE('',#6700);
#6700 = AXIS2_PLACEMENT_3D('',#6701,#6702,#6703);
#6701 = CARTESIAN_POINT('',(50.26430113132,53.,71.086822243439));
#6702 = DIRECTION('',(1.665311211987E-03,0.,-0.999998613368));
#6703 = DIRECTION('',(-0.999998613368,0.,-1.665311211987E-03));
#6704 = ADVANCED_FACE('',(#6705),#6734,.T.);
#6705 = FACE_BOUND('',#6706,.T.);
#6706 = EDGE_LOOP('',(#6707,#6717,#6718,#6728));
#6707 = ORIENTED_EDGE('',*,*,#6708,.F.);
#6708 = EDGE_CURVE('',#6671,#6709,#6711,.T.);
#6709 = VERTEX_POINT('',#6710);
#6710 = CARTESIAN_POINT('',(49.802736931884,53.,69.71497379799));
#6711 = B_SPLINE_CURVE_WITH_KNOTS('',3,(#6712,#6713,#6714,#6715,#6716),
  .UNSPECIFIED.,.F.,.F.,(4,1,4),(0.,8.150379199021E-02,0.14635651921),
  .UNSPECIFIED.);
#6712 = CARTESIAN_POINT('',(50.26430113132,53.,71.086822243439));
#6713 = CARTESIAN_POINT('',(50.233705026398,53.,70.81257699865));
#6714 = CARTESIAN_POINT('',(50.178763540751,53.,70.320114274436));
#6715 = CARTESIAN_POINT('',(49.918197554487,53.,69.900784840413));
#6716 = CARTESIAN_POINT('',(49.802736931884,53.,69.71497379799));
#6717 = ORIENTED_EDGE('',*,*,#6694,.T.);
#6718 = ORIENTED_EDGE('',*,*,#6719,.F.);
#6719 = EDGE_CURVE('',#6720,#6687,#6722,.T.);
#6720 = VERTEX_POINT('',#6721);
#6721 = CARTESIAN_POINT('',(49.802736931884,54.,69.71497379799));
#6722 = B_SPLINE_CURVE_WITH_KNOTS('',3,(#6723,#6724,#6725,#6726,#6727),
  .UNSPECIFIED.,.F.,.F.,(4,1,4),(-0.14635651921,-8.150379199021E-02,0.),
  .UNSPECIFIED.);
#6723 = CARTESIAN_POINT('',(49.802736931884,54.,69.71497379799));
#6724 = CARTESIAN_POINT('',(49.918197554487,54.,69.900784840413));
#6725 = CARTESIAN_POINT('',(50.178763540751,54.,70.320114274436));
#6726 = CARTESIAN_POINT('',(50.233705026398,54.,70.81257699865));
#6727 = CARTESIAN_POINT('',(50.26430113132,54.,71.086822243439));
#6728 = ORIENTED_EDGE('',*,*,#6729,.F.);
#6729 = EDGE_CURVE('',#6709,#6720,#6730,.T.);
#6730 = LINE('',#6731,#6732);
#6731 = CARTESIAN_POINT('',(49.802736931884,53.,69.71497379799));
#6732 = VECTOR('',#6733,1.);
#6733 = DIRECTION('',(0.,1.,0.));
#6734 = B_SPLINE_SURFACE_WITH_KNOTS('',3,1,(
    (#6735,#6736)
    ,(#6737,#6738)
    ,(#6739,#6740)
    ,(#6741,#6742)
    ,(#6743,#6744
    )),.UNSPECIFIED.,.F.,.F.,.F.,(4,1,4),(2,2),(-0.14635651921,
    -8.150379199021E-02,0.),(0.,1.E-01),.UNSPECIFIED.);
#6735 = CARTESIAN_POINT('',(49.802736931884,53.,69.71497379799));
#6736 = CARTESIAN_POINT('',(49.802736931884,54.,69.71497379799));
#6737 = CARTESIAN_POINT('',(49.918197554487,53.,69.900784840413));
#6738 = CARTESIAN_POINT('',(49.918197554487,54.,69.900784840413));
#6739 = CARTESIAN_POINT('',(50.178763540751,53.,70.320114274436));
#6740 = CARTESIAN_POINT('',(50.178763540751,54.,70.320114274436));
#6741 = CARTESIAN_POINT('',(50.233705026398,53.,70.81257699865));
#6742 = CARTESIAN_POINT('',(50.233705026398,54.,70.81257699865));
#6743 = CARTESIAN_POINT('',(50.26430113132,53.,71.086822243439));
#6744 = CARTESIAN_POINT('',(50.26430113132,54.,71.086822243439));
#6745 = ADVANCED_FACE('',(#6746),#6775,.T.);
#6746 = FACE_BOUND('',#6747,.T.);
#6747 = EDGE_LOOP('',(#6748,#6758,#6759,#6769));
#6748 = ORIENTED_EDGE('',*,*,#6749,.F.);
#6749 = EDGE_CURVE('',#6709,#6750,#6752,.T.);
#6750 = VERTEX_POINT('',#6751);
#6751 = CARTESIAN_POINT('',(48.282776521787,53.,69.003028313647));
#6752 = B_SPLINE_CURVE_WITH_KNOTS('',3,(#6753,#6754,#6755,#6756,#6757),
  .UNSPECIFIED.,.F.,.F.,(4,1,4),(0.,8.583860694764E-02,0.172428573638),
  .UNSPECIFIED.);
#6753 = CARTESIAN_POINT('',(49.802736931884,53.,69.71497379799));
#6754 = CARTESIAN_POINT('',(49.592369623553,53.,69.507712240201));
#6755 = CARTESIAN_POINT('',(49.169793626512,53.,69.0913749294));
#6756 = CARTESIAN_POINT('',(48.57930657502,53.,69.032562610712));
#6757 = CARTESIAN_POINT('',(48.282776521787,53.,69.003028313647));
#6758 = ORIENTED_EDGE('',*,*,#6729,.T.);
#6759 = ORIENTED_EDGE('',*,*,#6760,.F.);
#6760 = EDGE_CURVE('',#6761,#6720,#6763,.T.);
#6761 = VERTEX_POINT('',#6762);
#6762 = CARTESIAN_POINT('',(48.282776521787,54.,69.003028313647));
#6763 = B_SPLINE_CURVE_WITH_KNOTS('',3,(#6764,#6765,#6766,#6767,#6768),
  .UNSPECIFIED.,.F.,.F.,(4,1,4),(-0.172428573638,-8.583860694764E-02,0.)
  ,.UNSPECIFIED.);
#6764 = CARTESIAN_POINT('',(48.282776521787,54.,69.003028313647));
#6765 = CARTESIAN_POINT('',(48.57930657502,54.,69.032562610712));
#6766 = CARTESIAN_POINT('',(49.169793626512,54.,69.0913749294));
#6767 = CARTESIAN_POINT('',(49.592369623553,54.,69.507712240201));
#6768 = CARTESIAN_POINT('',(49.802736931884,54.,69.71497379799));
#6769 = ORIENTED_EDGE('',*,*,#6770,.F.);
#6770 = EDGE_CURVE('',#6750,#6761,#6771,.T.);
#6771 = LINE('',#6772,#6773);
#6772 = CARTESIAN_POINT('',(48.282776521787,53.,69.003028313647));
#6773 = VECTOR('',#6774,1.);
#6774 = DIRECTION('',(0.,1.,0.));
#6775 = B_SPLINE_SURFACE_WITH_KNOTS('',3,1,(
    (#6776,#6777)
    ,(#6778,#6779)
    ,(#6780,#6781)
    ,(#6782,#6783)
    ,(#6784,#6785
    )),.UNSPECIFIED.,.F.,.F.,.F.,(4,1,4),(2,2),(-0.172428573638,
    -8.583860694764E-02,0.),(0.,1.E-01),.UNSPECIFIED.);
#6776 = CARTESIAN_POINT('',(48.282776521787,53.,69.003028313647));
#6777 = CARTESIAN_POINT('',(48.282776521787,54.,69.003028313647));
#6778 = CARTESIAN_POINT('',(48.57930657502,53.,69.032562610712));
#6779 = CARTESIAN_POINT('',(48.57930657502,54.,69.032562610712));
#6780 = CARTESIAN_POINT('',(49.169793626512,53.,69.0913749294));
#6781 = CARTESIAN_POINT('',(49.169793626512,54.,69.0913749294));
#6782 = CARTESIAN_POINT('',(49.592369623553,53.,69.507712240201));
#6783 = CARTESIAN_POINT('',(49.592369623553,54.,69.507712240201));
#6784 = CARTESIAN_POINT('',(49.802736931884,53.,69.71497379799));
#6785 = CARTESIAN_POINT('',(49.802736931884,54.,69.71497379799));
#6786 = ADVANCED_FACE('',(#6787),#6816,.T.);
#6787 = FACE_BOUND('',#6788,.T.);
#6788 = EDGE_LOOP('',(#6789,#6799,#6800,#6810));
#6789 = ORIENTED_EDGE('',*,*,#6790,.F.);
#6790 = EDGE_CURVE('',#6750,#6791,#6793,.T.);
#6791 = VERTEX_POINT('',#6792);
#6792 = CARTESIAN_POINT('',(46.859597300341,53.,69.56682569844));
#6793 = B_SPLINE_CURVE_WITH_KNOTS('',3,(#6794,#6795,#6796,#6797,#6798),
  .UNSPECIFIED.,.F.,.F.,(4,1,4),(0.,7.912424257174E-02,0.156243078077),
  .UNSPECIFIED.);
#6794 = CARTESIAN_POINT('',(48.282776521787,53.,69.003028313647));
#6795 = CARTESIAN_POINT('',(48.013288580541,53.,69.024935227479));
#6796 = CARTESIAN_POINT('',(47.481142880611,53.,69.068193823543));
#6797 = CARTESIAN_POINT('',(47.06499873294,53.,69.402043412644));
#6798 = CARTESIAN_POINT('',(46.859597300341,53.,69.56682569844));
#6799 = ORIENTED_EDGE('',*,*,#6770,.T.);
#6800 = ORIENTED_EDGE('',*,*,#6801,.F.);
#6801 = EDGE_CURVE('',#6802,#6761,#6804,.T.);
#6802 = VERTEX_POINT('',#6803);
#6803 = CARTESIAN_POINT('',(46.859597300341,54.,69.56682569844));
#6804 = B_SPLINE_CURVE_WITH_KNOTS('',3,(#6805,#6806,#6807,#6808,#6809),
  .UNSPECIFIED.,.F.,.F.,(4,1,4),(-0.156243078077,-7.912424257174E-02,0.)
  ,.UNSPECIFIED.);
#6805 = CARTESIAN_POINT('',(46.859597300341,54.,69.56682569844));
#6806 = CARTESIAN_POINT('',(47.06499873294,54.,69.402043412644));
#6807 = CARTESIAN_POINT('',(47.481142880611,54.,69.068193823543));
#6808 = CARTESIAN_POINT('',(48.013288580541,54.,69.024935227479));
#6809 = CARTESIAN_POINT('',(48.282776521787,54.,69.003028313647));
#6810 = ORIENTED_EDGE('',*,*,#6811,.F.);
#6811 = EDGE_CURVE('',#6791,#6802,#6812,.T.);
#6812 = LINE('',#6813,#6814);
#6813 = CARTESIAN_POINT('',(46.859597300341,53.,69.56682569844));
#6814 = VECTOR('',#6815,1.);
#6815 = DIRECTION('',(0.,1.,0.));
#6816 = B_SPLINE_SURFACE_WITH_KNOTS('',3,1,(
    (#6817,#6818)
    ,(#6819,#6820)
    ,(#6821,#6822)
    ,(#6823,#6824)
    ,(#6825,#6826
    )),.UNSPECIFIED.,.F.,.F.,.F.,(4,1,4),(2,2),(-0.156243078077,
    -7.912424257174E-02,0.),(0.,1.E-01),.UNSPECIFIED.);
#6817 = CARTESIAN_POINT('',(46.859597300341,53.,69.56682569844));
#6818 = CARTESIAN_POINT('',(46.859597300341,54.,69.56682569844));
#6819 = CARTESIAN_POINT('',(47.06499873294,53.,69.402043412644));
#6820 = CARTESIAN_POINT('',(47.06499873294,54.,69.402043412644));
#6821 = CARTESIAN_POINT('',(47.481142880611,53.,69.068193823543));
#6822 = CARTESIAN_POINT('',(47.481142880611,54.,69.068193823543));
#6823 = CARTESIAN_POINT('',(48.013288580541,53.,69.024935227479));
#6824 = CARTESIAN_POINT('',(48.013288580541,54.,69.024935227479));
#6825 = CARTESIAN_POINT('',(48.282776521787,53.,69.003028313647));
#6826 = CARTESIAN_POINT('',(48.282776521787,54.,69.003028313647));
#6827 = ADVANCED_FACE('',(#6828),#6848,.T.);
#6828 = FACE_BOUND('',#6829,.T.);
#6829 = EDGE_LOOP('',(#6830,#6838,#6839,#6847));
#6830 = ORIENTED_EDGE('',*,*,#6831,.F.);
#6831 = EDGE_CURVE('',#6791,#6669,#6832,.T.);
#6832 = B_SPLINE_CURVE_WITH_KNOTS('',3,(#6833,#6834,#6835,#6836,#6837),
  .UNSPECIFIED.,.F.,.F.,(4,1,4),(0.,7.988669463827E-02,0.167247072242),
  .UNSPECIFIED.);
#6833 = CARTESIAN_POINT('',(46.859597300341,53.,69.56682569844));
#6834 = CARTESIAN_POINT('',(46.688235294615,53.,69.777697571365));
#6835 = CARTESIAN_POINT('',(46.329479761156,53.,70.219169127104));
#6836 = CARTESIAN_POINT('',(46.257094932329,53.,70.784690012259));
#6837 = CARTESIAN_POINT('',(46.219285206309,53.,71.080086023726));
#6838 = ORIENTED_EDGE('',*,*,#6811,.T.);
#6839 = ORIENTED_EDGE('',*,*,#6840,.F.);
#6840 = EDGE_CURVE('',#6679,#6802,#6841,.T.);
#6841 = B_SPLINE_CURVE_WITH_KNOTS('',3,(#6842,#6843,#6844,#6845,#6846),
  .UNSPECIFIED.,.F.,.F.,(4,1,4),(-0.167247072242,-7.988669463827E-02,0.)
  ,.UNSPECIFIED.);
#6842 = CARTESIAN_POINT('',(46.219285206309,54.,71.080086023726));
#6843 = CARTESIAN_POINT('',(46.257094932329,54.,70.784690012259));
#6844 = CARTESIAN_POINT('',(46.329479761156,54.,70.219169127104));
#6845 = CARTESIAN_POINT('',(46.688235294615,54.,69.777697571365));
#6846 = CARTESIAN_POINT('',(46.859597300341,54.,69.56682569844));
#6847 = ORIENTED_EDGE('',*,*,#6678,.F.);
#6848 = B_SPLINE_SURFACE_WITH_KNOTS('',3,1,(
    (#6849,#6850)
    ,(#6851,#6852)
    ,(#6853,#6854)
    ,(#6855,#6856)
    ,(#6857,#6858
    )),.UNSPECIFIED.,.F.,.F.,.F.,(4,1,4),(2,2),(-0.167247072242,
    -7.988669463827E-02,0.),(0.,1.E-01),.UNSPECIFIED.);
#6849 = CARTESIAN_POINT('',(46.219285206309,53.,71.080086023726));
#6850 = CARTESIAN_POINT('',(46.219285206309,54.,71.080086023726));
#6851 = CARTESIAN_POINT('',(46.257094932329,53.,70.784690012259));
#6852 = CARTESIAN_POINT('',(46.257094932329,54.,70.784690012259));
#6853 = CARTESIAN_POINT('',(46.329479761156,53.,70.219169127104));
#6854 = CARTESIAN_POINT('',(46.329479761156,54.,70.219169127104));
#6855 = CARTESIAN_POINT('',(46.688235294615,53.,69.777697571365));
#6856 = CARTESIAN_POINT('',(46.688235294615,54.,69.777697571365));
#6857 = CARTESIAN_POINT('',(46.859597300341,53.,69.56682569844));
#6858 = CARTESIAN_POINT('',(46.859597300341,54.,69.56682569844));
#6859 = ADVANCED_FACE('',(#6860),#6894,.T.);
#6860 = FACE_BOUND('',#6861,.T.);
#6861 = EDGE_LOOP('',(#6862,#6872,#6880,#6888));
#6862 = ORIENTED_EDGE('',*,*,#6863,.F.);
#6863 = EDGE_CURVE('',#6864,#6866,#6868,.T.);
#6864 = VERTEX_POINT('',#6865);
#6865 = CARTESIAN_POINT('',(50.247353208669,53.,73.071789395621));
#6866 = VERTEX_POINT('',#6867);
#6867 = CARTESIAN_POINT('',(51.51584895224,53.,73.230792210169));
#6868 = LINE('',#6869,#6870);
#6869 = CARTESIAN_POINT('',(59.614791505551,53.,74.245974694904));
#6870 = VECTOR('',#6871,1.);
#6871 = DIRECTION('',(0.992235377213,0.,0.124374258621));
#6872 = ORIENTED_EDGE('',*,*,#6873,.T.);
#6873 = EDGE_CURVE('',#6864,#6874,#6876,.T.);
#6874 = VERTEX_POINT('',#6875);
#6875 = CARTESIAN_POINT('',(50.247353208669,54.,73.071789395621));
#6876 = LINE('',#6877,#6878);
#6877 = CARTESIAN_POINT('',(50.247353208669,53.,73.071789395621));
#6878 = VECTOR('',#6879,1.);
#6879 = DIRECTION('',(0.,1.,0.));
#6880 = ORIENTED_EDGE('',*,*,#6881,.F.);
#6881 = EDGE_CURVE('',#6882,#6874,#6884,.T.);
#6882 = VERTEX_POINT('',#6883);
#6883 = CARTESIAN_POINT('',(51.51584895224,54.,73.230792210169));
#6884 = LINE('',#6885,#6886);
#6885 = CARTESIAN_POINT('',(50.247353208669,54.,73.071789395621));
#6886 = VECTOR('',#6887,1.);
#6887 = DIRECTION('',(-0.992235377213,0.,-0.124374258621));
#6888 = ORIENTED_EDGE('',*,*,#6889,.F.);
#6889 = EDGE_CURVE('',#6866,#6882,#6890,.T.);
#6890 = LINE('',#6891,#6892);
#6891 = CARTESIAN_POINT('',(51.51584895224,53.,73.230792210169));
#6892 = VECTOR('',#6893,1.);
#6893 = DIRECTION('',(0.,1.,0.));
#6894 = PLANE('',#6895);
#6895 = AXIS2_PLACEMENT_3D('',#6896,#6897,#6898);
#6896 = CARTESIAN_POINT('',(51.51584895224,53.,73.230792210169));
#6897 = DIRECTION('',(0.124374258621,0.,-0.992235377213));
#6898 = DIRECTION('',(-0.992235377213,0.,-0.124374258621));
#6899 = ADVANCED_FACE('',(#6900),#6929,.T.);
#6900 = FACE_BOUND('',#6901,.T.);
#6901 = EDGE_LOOP('',(#6902,#6912,#6913,#6923));
#6902 = ORIENTED_EDGE('',*,*,#6903,.F.);
#6903 = EDGE_CURVE('',#6866,#6904,#6906,.T.);
#6904 = VERTEX_POINT('',#6905);
#6905 = CARTESIAN_POINT('',(50.401106713637,53.,74.954722748053));
#6906 = B_SPLINE_CURVE_WITH_KNOTS('',3,(#6907,#6908,#6909,#6910,#6911),
  .UNSPECIFIED.,.F.,.F.,(4,1,4),(0.,0.107616676907,0.208258112867),
  .UNSPECIFIED.);
#6907 = CARTESIAN_POINT('',(51.51584895224,53.,73.230792210169));
#6908 = CARTESIAN_POINT('',(51.398706672609,53.,73.576759919868));
#6909 = CARTESIAN_POINT('',(51.172014762081,53.,74.246271229874));
#6910 = CARTESIAN_POINT('',(50.65227345468,53.,74.723904741461));
#6911 = CARTESIAN_POINT('',(50.401106713637,53.,74.954722748053));
#6912 = ORIENTED_EDGE('',*,*,#6889,.T.);
#6913 = ORIENTED_EDGE('',*,*,#6914,.F.);
#6914 = EDGE_CURVE('',#6915,#6882,#6917,.T.);
#6915 = VERTEX_POINT('',#6916);
#6916 = CARTESIAN_POINT('',(50.401106713637,54.,74.954722748053));
#6917 = B_SPLINE_CURVE_WITH_KNOTS('',3,(#6918,#6919,#6920,#6921,#6922),
  .UNSPECIFIED.,.F.,.F.,(4,1,4),(-0.208258112867,-0.107616676907,0.),
  .UNSPECIFIED.);
#6918 = CARTESIAN_POINT('',(50.401106713637,54.,74.954722748053));
#6919 = CARTESIAN_POINT('',(50.65227345468,54.,74.723904741461));
#6920 = CARTESIAN_POINT('',(51.172014762081,54.,74.246271229874));
#6921 = CARTESIAN_POINT('',(51.398706672609,54.,73.576759919868));
#6922 = CARTESIAN_POINT('',(51.51584895224,54.,73.230792210169));
#6923 = ORIENTED_EDGE('',*,*,#6924,.F.);
#6924 = EDGE_CURVE('',#6904,#6915,#6925,.T.);
#6925 = LINE('',#6926,#6927);
#6926 = CARTESIAN_POINT('',(50.401106713637,53.,74.954722748053));
#6927 = VECTOR('',#6928,1.);
#6928 = DIRECTION('',(0.,1.,0.));
#6929 = B_SPLINE_SURFACE_WITH_KNOTS('',3,1,(
    (#6930,#6931)
    ,(#6932,#6933)
    ,(#6934,#6935)
    ,(#6936,#6937)
    ,(#6938,#6939
    )),.UNSPECIFIED.,.F.,.F.,.F.,(4,1,4),(2,2),(-0.208258112867,
    -0.107616676907,0.),(0.,1.E-01),.UNSPECIFIED.);
#6930 = CARTESIAN_POINT('',(50.401106713637,53.,74.954722748053));
#6931 = CARTESIAN_POINT('',(50.401106713637,54.,74.954722748053));
#6932 = CARTESIAN_POINT('',(50.65227345468,53.,74.723904741461));
#6933 = CARTESIAN_POINT('',(50.65227345468,54.,74.723904741461));
#6934 = CARTESIAN_POINT('',(51.172014762081,53.,74.246271229874));
#6935 = CARTESIAN_POINT('',(51.172014762081,54.,74.246271229874));
#6936 = CARTESIAN_POINT('',(51.398706672609,53.,73.576759919868));
#6937 = CARTESIAN_POINT('',(51.398706672609,54.,73.576759919868));
#6938 = CARTESIAN_POINT('',(51.51584895224,53.,73.230792210169));
#6939 = CARTESIAN_POINT('',(51.51584895224,54.,73.230792210169));
#6940 = ADVANCED_FACE('',(#6941),#6970,.T.);
#6941 = FACE_BOUND('',#6942,.T.);
#6942 = EDGE_LOOP('',(#6943,#6953,#6954,#6964));
#6943 = ORIENTED_EDGE('',*,*,#6944,.F.);
#6944 = EDGE_CURVE('',#6904,#6945,#6947,.T.);
#6945 = VERTEX_POINT('',#6946);
#6946 = CARTESIAN_POINT('',(48.326417794394,53.,75.565184512078));
#6947 = B_SPLINE_CURVE_WITH_KNOTS('',3,(#6948,#6949,#6950,#6951,#6952),
  .UNSPECIFIED.,.F.,.F.,(4,1,4),(0.,0.103261967181,0.219220658189),
  .UNSPECIFIED.);
#6948 = CARTESIAN_POINT('',(50.401106713637,53.,74.954722748053));
#6949 = CARTESIAN_POINT('',(50.100506225036,53.,75.133118708043));
#6950 = CARTESIAN_POINT('',(49.462344482021,53.,75.511845560095));
#6951 = CARTESIAN_POINT('',(48.719403138193,53.,75.54673136135));
#6952 = CARTESIAN_POINT('',(48.326417794394,53.,75.565184512078));
#6953 = ORIENTED_EDGE('',*,*,#6924,.T.);
#6954 = ORIENTED_EDGE('',*,*,#6955,.F.);
#6955 = EDGE_CURVE('',#6956,#6915,#6958,.T.);
#6956 = VERTEX_POINT('',#6957);
#6957 = CARTESIAN_POINT('',(48.326417794394,54.,75.565184512078));
#6958 = B_SPLINE_CURVE_WITH_KNOTS('',3,(#6959,#6960,#6961,#6962,#6963),
  .UNSPECIFIED.,.F.,.F.,(4,1,4),(-0.219220658189,-0.103261967181,0.),
  .UNSPECIFIED.);
#6959 = CARTESIAN_POINT('',(48.326417794394,54.,75.565184512078));
#6960 = CARTESIAN_POINT('',(48.719403138193,54.,75.54673136135));
#6961 = CARTESIAN_POINT('',(49.462344482021,54.,75.511845560095));
#6962 = CARTESIAN_POINT('',(50.100506225036,54.,75.133118708043));
#6963 = CARTESIAN_POINT('',(50.401106713637,54.,74.954722748053));
#6964 = ORIENTED_EDGE('',*,*,#6965,.F.);
#6965 = EDGE_CURVE('',#6945,#6956,#6966,.T.);
#6966 = LINE('',#6967,#6968);
#6967 = CARTESIAN_POINT('',(48.326417794394,53.,75.565184512078));
#6968 = VECTOR('',#6969,1.);
#6969 = DIRECTION('',(0.,1.,0.));
#6970 = B_SPLINE_SURFACE_WITH_KNOTS('',3,1,(
    (#6971,#6972)
    ,(#6973,#6974)
    ,(#6975,#6976)
    ,(#6977,#6978)
    ,(#6979,#6980
    )),.UNSPECIFIED.,.F.,.F.,.F.,(4,1,4),(2,2),(-0.219220658189,
    -0.103261967181,0.),(0.,1.E-01),.UNSPECIFIED.);
#6971 = CARTESIAN_POINT('',(48.326417794394,53.,75.565184512078));
#6972 = CARTESIAN_POINT('',(48.326417794394,54.,75.565184512078));
#6973 = CARTESIAN_POINT('',(48.719403138193,53.,75.54673136135));
#6974 = CARTESIAN_POINT('',(48.719403138193,54.,75.54673136135));
#6975 = CARTESIAN_POINT('',(49.462344482021,53.,75.511845560095));
#6976 = CARTESIAN_POINT('',(49.462344482021,54.,75.511845560095));
#6977 = CARTESIAN_POINT('',(50.100506225036,53.,75.133118708043));
#6978 = CARTESIAN_POINT('',(50.100506225036,54.,75.133118708043));
#6979 = CARTESIAN_POINT('',(50.401106713637,53.,74.954722748053));
#6980 = CARTESIAN_POINT('',(50.401106713637,54.,74.954722748053));
#6981 = ADVANCED_FACE('',(#6982),#7011,.T.);
#6982 = FACE_BOUND('',#6983,.T.);
#6983 = EDGE_LOOP('',(#6984,#6994,#6995,#7005));
#6984 = ORIENTED_EDGE('',*,*,#6985,.F.);
#6985 = EDGE_CURVE('',#6945,#6986,#6988,.T.);
#6986 = VERTEX_POINT('',#6987);
#6987 = CARTESIAN_POINT('',(45.807587920735,53.,74.582133618681));
#6988 = B_SPLINE_CURVE_WITH_KNOTS('',3,(#6989,#6990,#6991,#6992,#6993),
  .UNSPECIFIED.,.F.,.F.,(4,1,4),(0.,0.144565910588,0.27645407325),
  .UNSPECIFIED.);
#6989 = CARTESIAN_POINT('',(48.326417794394,53.,75.565184512078));
#6990 = CARTESIAN_POINT('',(47.83203482956,53.,75.531596212856));
#6991 = CARTESIAN_POINT('',(46.886623952137,53.,75.4673651497));
#6992 = CARTESIAN_POINT('',(46.156099701081,53.,74.868049573213));
#6993 = CARTESIAN_POINT('',(45.807587920735,53.,74.582133618681));
#6994 = ORIENTED_EDGE('',*,*,#6965,.T.);
#6995 = ORIENTED_EDGE('',*,*,#6996,.F.);
#6996 = EDGE_CURVE('',#6997,#6956,#6999,.T.);
#6997 = VERTEX_POINT('',#6998);
#6998 = CARTESIAN_POINT('',(45.807587920735,54.,74.582133618681));
#6999 = B_SPLINE_CURVE_WITH_KNOTS('',3,(#7000,#7001,#7002,#7003,#7004),
  .UNSPECIFIED.,.F.,.F.,(4,1,4),(-0.27645407325,-0.144565910588,0.),
  .UNSPECIFIED.);
#7000 = CARTESIAN_POINT('',(45.807587920735,54.,74.582133618681));
#7001 = CARTESIAN_POINT('',(46.156099701081,54.,74.868049573213));
#7002 = CARTESIAN_POINT('',(46.886623952137,54.,75.4673651497));
#7003 = CARTESIAN_POINT('',(47.83203482956,54.,75.531596212856));
#7004 = CARTESIAN_POINT('',(48.326417794394,54.,75.565184512078));
#7005 = ORIENTED_EDGE('',*,*,#7006,.F.);
#7006 = EDGE_CURVE('',#6986,#6997,#7007,.T.);
#7007 = LINE('',#7008,#7009);
#7008 = CARTESIAN_POINT('',(45.807587920735,53.,74.582133618681));
#7009 = VECTOR('',#7010,1.);
#7010 = DIRECTION('',(0.,1.,0.));
#7011 = B_SPLINE_SURFACE_WITH_KNOTS('',3,1,(
    (#7012,#7013)
    ,(#7014,#7015)
    ,(#7016,#7017)
    ,(#7018,#7019)
    ,(#7020,#7021
    )),.UNSPECIFIED.,.F.,.F.,.F.,(4,1,4),(2,2),(-0.27645407325,
    -0.144565910588,0.),(0.,1.E-01),.UNSPECIFIED.);
#7012 = CARTESIAN_POINT('',(45.807587920735,53.,74.582133618681));
#7013 = CARTESIAN_POINT('',(45.807587920735,54.,74.582133618681));
#7014 = CARTESIAN_POINT('',(46.156099701081,53.,74.868049573213));
#7015 = CARTESIAN_POINT('',(46.156099701081,54.,74.868049573213));
#7016 = CARTESIAN_POINT('',(46.886623952137,53.,75.4673651497));
#7017 = CARTESIAN_POINT('',(46.886623952137,54.,75.4673651497));
#7018 = CARTESIAN_POINT('',(47.83203482956,53.,75.531596212856));
#7019 = CARTESIAN_POINT('',(47.83203482956,54.,75.531596212856));
#7020 = CARTESIAN_POINT('',(48.326417794394,53.,75.565184512078));
#7021 = CARTESIAN_POINT('',(48.326417794394,54.,75.565184512078));
#7022 = ADVANCED_FACE('',(#7023),#7052,.T.);
#7023 = FACE_BOUND('',#7024,.T.);
#7024 = EDGE_LOOP('',(#7025,#7035,#7036,#7046));
#7025 = ORIENTED_EDGE('',*,*,#7026,.F.);
#7026 = EDGE_CURVE('',#6986,#7027,#7029,.T.);
#7027 = VERTEX_POINT('',#7028);
#7028 = CARTESIAN_POINT('',(44.881055819591,53.,71.835021073094));
#7029 = B_SPLINE_CURVE_WITH_KNOTS('',3,(#7030,#7031,#7032,#7033,#7034),
  .UNSPECIFIED.,.F.,.F.,(4,1,4),(0.,0.13675565921,0.295446934493),
  .UNSPECIFIED.);
#7030 = CARTESIAN_POINT('',(45.807587920735,53.,74.582133618681));
#7031 = CARTESIAN_POINT('',(45.537044520709,53.,74.203393745096));
#7032 = CARTESIAN_POINT('',(44.9525625428,53.,73.385164099114));
#7033 = CARTESIAN_POINT('',(44.906042691105,53.,72.376693560402));
#7034 = CARTESIAN_POINT('',(44.881055819591,53.,71.835021073094));
#7035 = ORIENTED_EDGE('',*,*,#7006,.T.);
#7036 = ORIENTED_EDGE('',*,*,#7037,.F.);
#7037 = EDGE_CURVE('',#7038,#6997,#7040,.T.);
#7038 = VERTEX_POINT('',#7039);
#7039 = CARTESIAN_POINT('',(44.881055819591,54.,71.835021073094));
#7040 = B_SPLINE_CURVE_WITH_KNOTS('',3,(#7041,#7042,#7043,#7044,#7045),
  .UNSPECIFIED.,.F.,.F.,(4,1,4),(-0.295446934493,-0.13675565921,0.),
  .UNSPECIFIED.);
#7041 = CARTESIAN_POINT('',(44.881055819591,54.,71.835021073094));
#7042 = CARTESIAN_POINT('',(44.906042691105,54.,72.376693560402));
#7043 = CARTESIAN_POINT('',(44.9525625428,54.,73.385164099114));
#7044 = CARTESIAN_POINT('',(45.537044520709,54.,74.203393745096));
#7045 = CARTESIAN_POINT('',(45.807587920735,54.,74.582133618681));
#7046 = ORIENTED_EDGE('',*,*,#7047,.F.);
#7047 = EDGE_CURVE('',#7027,#7038,#7048,.T.);
#7048 = LINE('',#7049,#7050);
#7049 = CARTESIAN_POINT('',(44.881055819591,53.,71.835021073094));
#7050 = VECTOR('',#7051,1.);
#7051 = DIRECTION('',(0.,1.,0.));
#7052 = B_SPLINE_SURFACE_WITH_KNOTS('',3,1,(
    (#7053,#7054)
    ,(#7055,#7056)
    ,(#7057,#7058)
    ,(#7059,#7060)
    ,(#7061,#7062
    )),.UNSPECIFIED.,.F.,.F.,.F.,(4,1,4),(2,2),(-0.295446934493,
    -0.13675565921,0.),(0.,1.E-01),.UNSPECIFIED.);
#7053 = CARTESIAN_POINT('',(44.881055819591,53.,71.835021073094));
#7054 = CARTESIAN_POINT('',(44.881055819591,54.,71.835021073094));
#7055 = CARTESIAN_POINT('',(44.906042691105,53.,72.376693560402));
#7056 = CARTESIAN_POINT('',(44.906042691105,54.,72.376693560402));
#7057 = CARTESIAN_POINT('',(44.9525625428,53.,73.385164099114));
#7058 = CARTESIAN_POINT('',(44.9525625428,54.,73.385164099114));
#7059 = CARTESIAN_POINT('',(45.537044520709,53.,74.203393745096));
#7060 = CARTESIAN_POINT('',(45.537044520709,54.,74.203393745096));
#7061 = CARTESIAN_POINT('',(45.807587920735,53.,74.582133618681));
#7062 = CARTESIAN_POINT('',(45.807587920735,54.,74.582133618681));
#7063 = ADVANCED_FACE('',(#7064),#7093,.T.);
#7064 = FACE_BOUND('',#7065,.T.);
#7065 = EDGE_LOOP('',(#7066,#7076,#7077,#7087));
#7066 = ORIENTED_EDGE('',*,*,#7067,.F.);
#7067 = EDGE_CURVE('',#7027,#7068,#7070,.T.);
#7068 = VERTEX_POINT('',#7069);
#7069 = CARTESIAN_POINT('',(45.827116245858,53.,68.998938869386));
#7070 = B_SPLINE_CURVE_WITH_KNOTS('',3,(#7071,#7072,#7073,#7074,#7075),
  .UNSPECIFIED.,.F.,.F.,(4,1,4),(0.,0.164043341692,0.304495936833),
  .UNSPECIFIED.);
#7071 = CARTESIAN_POINT('',(44.881055819591,53.,71.835021073094));
#7072 = CARTESIAN_POINT('',(44.907523558857,53.,71.275471920651));
#7073 = CARTESIAN_POINT('',(44.956652764473,53.,70.236841265969));
#7074 = CARTESIAN_POINT('',(45.552345466429,53.,69.389695533669));
#7075 = CARTESIAN_POINT('',(45.827116245858,53.,68.998938869386));
#7076 = ORIENTED_EDGE('',*,*,#7047,.T.);
#7077 = ORIENTED_EDGE('',*,*,#7078,.F.);
#7078 = EDGE_CURVE('',#7079,#7038,#7081,.T.);
#7079 = VERTEX_POINT('',#7080);
#7080 = CARTESIAN_POINT('',(45.827116245858,54.,68.998938869386));
#7081 = B_SPLINE_CURVE_WITH_KNOTS('',3,(#7082,#7083,#7084,#7085,#7086),
  .UNSPECIFIED.,.F.,.F.,(4,1,4),(-0.304495936833,-0.164043341692,0.),
  .UNSPECIFIED.);
#7082 = CARTESIAN_POINT('',(45.827116245858,54.,68.998938869386));
#7083 = CARTESIAN_POINT('',(45.552345466429,54.,69.389695533669));
#7084 = CARTESIAN_POINT('',(44.956652764473,54.,70.236841265969));
#7085 = CARTESIAN_POINT('',(44.907523558857,54.,71.275471920651));
#7086 = CARTESIAN_POINT('',(44.881055819591,54.,71.835021073094));
#7087 = ORIENTED_EDGE('',*,*,#7088,.F.);
#7088 = EDGE_CURVE('',#7068,#7079,#7089,.T.);
#7089 = LINE('',#7090,#7091);
#7090 = CARTESIAN_POINT('',(45.827116245858,53.,68.998938869386));
#7091 = VECTOR('',#7092,1.);
#7092 = DIRECTION('',(0.,1.,0.));
#7093 = B_SPLINE_SURFACE_WITH_KNOTS('',3,1,(
    (#7094,#7095)
    ,(#7096,#7097)
    ,(#7098,#7099)
    ,(#7100,#7101)
    ,(#7102,#7103
    )),.UNSPECIFIED.,.F.,.F.,.F.,(4,1,4),(2,2),(-0.304495936833,
    -0.164043341692,0.),(0.,1.E-01),.UNSPECIFIED.);
#7094 = CARTESIAN_POINT('',(45.827116245858,53.,68.998938869386));
#7095 = CARTESIAN_POINT('',(45.827116245858,54.,68.998938869386));
#7096 = CARTESIAN_POINT('',(45.552345466429,53.,69.389695533669));
#7097 = CARTESIAN_POINT('',(45.552345466429,54.,69.389695533669));
#7098 = CARTESIAN_POINT('',(44.956652764473,53.,70.236841265969));
#7099 = CARTESIAN_POINT('',(44.956652764473,54.,70.236841265969));
#7100 = CARTESIAN_POINT('',(44.907523558857,53.,71.275471920651));
#7101 = CARTESIAN_POINT('',(44.907523558857,54.,71.275471920651));
#7102 = CARTESIAN_POINT('',(44.881055819591,53.,71.835021073094));
#7103 = CARTESIAN_POINT('',(44.881055819591,54.,71.835021073094));
#7104 = ADVANCED_FACE('',(#7105),#7134,.T.);
#7105 = FACE_BOUND('',#7106,.T.);
#7106 = EDGE_LOOP('',(#7107,#7117,#7118,#7128));
#7107 = ORIENTED_EDGE('',*,*,#7108,.F.);
#7108 = EDGE_CURVE('',#7068,#7109,#7111,.T.);
#7109 = VERTEX_POINT('',#7110);
#7110 = CARTESIAN_POINT('',(48.270813059524,53.,67.993457492298));
#7111 = B_SPLINE_CURVE_WITH_KNOTS('',3,(#7112,#7113,#7114,#7115,#7116),
  .UNSPECIFIED.,.F.,.F.,(4,1,4),(0.,0.131993568792,0.270398775199),
  .UNSPECIFIED.);
#7112 = CARTESIAN_POINT('',(45.827116245858,53.,68.998938869386));
#7113 = CARTESIAN_POINT('',(46.170372678409,53.,68.705104432879));
#7114 = CARTESIAN_POINT('',(46.873559354775,53.,68.103162440783));
#7115 = CARTESIAN_POINT('',(47.797757032407,53.,68.030599341992));
#7116 = CARTESIAN_POINT('',(48.270813059524,53.,67.993457492298));
#7117 = ORIENTED_EDGE('',*,*,#7088,.T.);
#7118 = ORIENTED_EDGE('',*,*,#7119,.F.);
#7119 = EDGE_CURVE('',#7120,#7079,#7122,.T.);
#7120 = VERTEX_POINT('',#7121);
#7121 = CARTESIAN_POINT('',(48.270813059524,54.,67.993457492298));
#7122 = B_SPLINE_CURVE_WITH_KNOTS('',3,(#7123,#7124,#7125,#7126,#7127),
  .UNSPECIFIED.,.F.,.F.,(4,1,4),(-0.270398775199,-0.131993568792,0.),
  .UNSPECIFIED.);
#7123 = CARTESIAN_POINT('',(48.270813059524,54.,67.993457492298));
#7124 = CARTESIAN_POINT('',(47.797757032407,54.,68.030599341992));
#7125 = CARTESIAN_POINT('',(46.873559354775,54.,68.103162440783));
#7126 = CARTESIAN_POINT('',(46.170372678409,54.,68.705104432879));
#7127 = CARTESIAN_POINT('',(45.827116245858,54.,68.998938869386));
#7128 = ORIENTED_EDGE('',*,*,#7129,.F.);
#7129 = EDGE_CURVE('',#7109,#7120,#7130,.T.);
#7130 = LINE('',#7131,#7132);
#7131 = CARTESIAN_POINT('',(48.270813059524,53.,67.993457492298));
#7132 = VECTOR('',#7133,1.);
#7133 = DIRECTION('',(0.,1.,0.));
#7134 = B_SPLINE_SURFACE_WITH_KNOTS('',3,1,(
    (#7135,#7136)
    ,(#7137,#7138)
    ,(#7139,#7140)
    ,(#7141,#7142)
    ,(#7143,#7144
    )),.UNSPECIFIED.,.F.,.F.,.F.,(4,1,4),(2,2),(-0.270398775199,
    -0.131993568792,0.),(0.,1.E-01),.UNSPECIFIED.);
#7135 = CARTESIAN_POINT('',(48.270813059524,53.,67.993457492298));
#7136 = CARTESIAN_POINT('',(48.270813059524,54.,67.993457492298));
#7137 = CARTESIAN_POINT('',(47.797757032407,53.,68.030599341992));
#7138 = CARTESIAN_POINT('',(47.797757032407,54.,68.030599341992));
#7139 = CARTESIAN_POINT('',(46.873559354775,53.,68.103162440783));
#7140 = CARTESIAN_POINT('',(46.873559354775,54.,68.103162440783));
#7141 = CARTESIAN_POINT('',(46.170372678409,53.,68.705104432879));
#7142 = CARTESIAN_POINT('',(46.170372678409,54.,68.705104432879));
#7143 = CARTESIAN_POINT('',(45.827116245858,53.,68.998938869386));
#7144 = CARTESIAN_POINT('',(45.827116245858,54.,68.998938869386));
#7145 = ADVANCED_FACE('',(#7146),#7175,.T.);
#7146 = FACE_BOUND('',#7147,.T.);
#7147 = EDGE_LOOP('',(#7148,#7158,#7159,#7169));
#7148 = ORIENTED_EDGE('',*,*,#7149,.F.);
#7149 = EDGE_CURVE('',#7109,#7150,#7152,.T.);
#7150 = VERTEX_POINT('',#7151);
#7151 = CARTESIAN_POINT('',(50.642970062136,53.,68.986495280843));
#7152 = B_SPLINE_CURVE_WITH_KNOTS('',3,(#7153,#7154,#7155,#7156,#7157),
  .UNSPECIFIED.,.F.,.F.,(4,1,4),(0.,0.134288066067,0.263166697534),
  .UNSPECIFIED.);
#7153 = CARTESIAN_POINT('',(48.270813059524,53.,67.993457492298));
#7154 = CARTESIAN_POINT('',(48.72958531495,53.,68.031938398417));
#7155 = CARTESIAN_POINT('',(49.628649415856,53.,68.107350110553));
#7156 = CARTESIAN_POINT('',(50.309528372894,53.,68.697490367312));
#7157 = CARTESIAN_POINT('',(50.642970062136,53.,68.986495280843));
#7158 = ORIENTED_EDGE('',*,*,#7129,.T.);
#7159 = ORIENTED_EDGE('',*,*,#7160,.F.);
#7160 = EDGE_CURVE('',#7161,#7120,#7163,.T.);
#7161 = VERTEX_POINT('',#7162);
#7162 = CARTESIAN_POINT('',(50.642970062136,54.,68.986495280843));
#7163 = B_SPLINE_CURVE_WITH_KNOTS('',3,(#7164,#7165,#7166,#7167,#7168),
  .UNSPECIFIED.,.F.,.F.,(4,1,4),(-0.263166697534,-0.134288066067,0.),
  .UNSPECIFIED.);
#7164 = CARTESIAN_POINT('',(50.642970062136,54.,68.986495280843));
#7165 = CARTESIAN_POINT('',(50.309528372894,54.,68.697490367312));
#7166 = CARTESIAN_POINT('',(49.628649415856,54.,68.107350110553));
#7167 = CARTESIAN_POINT('',(48.72958531495,54.,68.031938398417));
#7168 = CARTESIAN_POINT('',(48.270813059524,54.,67.993457492298));
#7169 = ORIENTED_EDGE('',*,*,#7170,.F.);
#7170 = EDGE_CURVE('',#7150,#7161,#7171,.T.);
#7171 = LINE('',#7172,#7173);
#7172 = CARTESIAN_POINT('',(50.642970062136,53.,68.986495280843));
#7173 = VECTOR('',#7174,1.);
#7174 = DIRECTION('',(0.,1.,0.));
#7175 = B_SPLINE_SURFACE_WITH_KNOTS('',3,1,(
    (#7176,#7177)
    ,(#7178,#7179)
    ,(#7180,#7181)
    ,(#7182,#7183)
    ,(#7184,#7185
    )),.UNSPECIFIED.,.F.,.F.,.F.,(4,1,4),(2,2),(-0.263166697534,
    -0.134288066067,0.),(0.,1.E-01),.UNSPECIFIED.);
#7176 = CARTESIAN_POINT('',(50.642970062136,53.,68.986495280843));
#7177 = CARTESIAN_POINT('',(50.642970062136,54.,68.986495280843));
#7178 = CARTESIAN_POINT('',(50.309528372894,53.,68.697490367312));
#7179 = CARTESIAN_POINT('',(50.309528372894,54.,68.697490367312));
#7180 = CARTESIAN_POINT('',(49.628649415856,53.,68.107350110553));
#7181 = CARTESIAN_POINT('',(49.628649415856,54.,68.107350110553));
#7182 = CARTESIAN_POINT('',(48.72958531495,53.,68.031938398417));
#7183 = CARTESIAN_POINT('',(48.72958531495,54.,68.031938398417));
#7184 = CARTESIAN_POINT('',(48.270813059524,53.,67.993457492298));
#7185 = CARTESIAN_POINT('',(48.270813059524,54.,67.993457492298));
#7186 = ADVANCED_FACE('',(#7187),#7216,.T.);
#7187 = FACE_BOUND('',#7188,.T.);
#7188 = EDGE_LOOP('',(#7189,#7199,#7200,#7210));
#7189 = ORIENTED_EDGE('',*,*,#7190,.F.);
#7190 = EDGE_CURVE('',#7150,#7191,#7193,.T.);
#7191 = VERTEX_POINT('',#7192);
#7192 = CARTESIAN_POINT('',(51.559206774655,53.,71.771107684962));
#7193 = B_SPLINE_CURVE_WITH_KNOTS('',3,(#7194,#7195,#7196,#7197,#7198),
  .UNSPECIFIED.,.F.,.F.,(4,1,4),(0.,0.137617295583,0.298549362943),
  .UNSPECIFIED.);
#7194 = CARTESIAN_POINT('',(50.642970062136,53.,68.986495280843));
#7195 = CARTESIAN_POINT('',(50.910485242976,53.,69.370521173569));
#7196 = CARTESIAN_POINT('',(51.490837345368,53.,70.203633647847));
#7197 = CARTESIAN_POINT('',(51.53526057602,53.,71.222104350574));
#7198 = CARTESIAN_POINT('',(51.559206774655,53.,71.771107684962));
#7199 = ORIENTED_EDGE('',*,*,#7170,.T.);
#7200 = ORIENTED_EDGE('',*,*,#7201,.F.);
#7201 = EDGE_CURVE('',#7202,#7161,#7204,.T.);
#7202 = VERTEX_POINT('',#7203);
#7203 = CARTESIAN_POINT('',(51.559206774655,54.,71.771107684962));
#7204 = B_SPLINE_CURVE_WITH_KNOTS('',3,(#7205,#7206,#7207,#7208,#7209),
  .UNSPECIFIED.,.F.,.F.,(4,1,4),(-0.298549362943,-0.137617295583,0.),
  .UNSPECIFIED.);
#7205 = CARTESIAN_POINT('',(51.559206774655,54.,71.771107684962));
#7206 = CARTESIAN_POINT('',(51.53526057602,54.,71.222104350574));
#7207 = CARTESIAN_POINT('',(51.490837345368,54.,70.203633647847));
#7208 = CARTESIAN_POINT('',(50.910485242976,54.,69.370521173569));
#7209 = CARTESIAN_POINT('',(50.642970062136,54.,68.986495280843));
#7210 = ORIENTED_EDGE('',*,*,#7211,.F.);
#7211 = EDGE_CURVE('',#7191,#7202,#7212,.T.);
#7212 = LINE('',#7213,#7214);
#7213 = CARTESIAN_POINT('',(51.559206774655,53.,71.771107684962));
#7214 = VECTOR('',#7215,1.);
#7215 = DIRECTION('',(0.,1.,0.));
#7216 = B_SPLINE_SURFACE_WITH_KNOTS('',3,1,(
    (#7217,#7218)
    ,(#7219,#7220)
    ,(#7221,#7222)
    ,(#7223,#7224)
    ,(#7225,#7226
    )),.UNSPECIFIED.,.F.,.F.,.F.,(4,1,4),(2,2),(-0.298549362943,
    -0.137617295583,0.),(0.,1.E-01),.UNSPECIFIED.);
#7217 = CARTESIAN_POINT('',(51.559206774655,53.,71.771107684962));
#7218 = CARTESIAN_POINT('',(51.559206774655,54.,71.771107684962));
#7219 = CARTESIAN_POINT('',(51.53526057602,53.,71.222104350574));
#7220 = CARTESIAN_POINT('',(51.53526057602,54.,71.222104350574));
#7221 = CARTESIAN_POINT('',(51.490837345368,53.,70.203633647847));
#7222 = CARTESIAN_POINT('',(51.490837345368,54.,70.203633647847));
#7223 = CARTESIAN_POINT('',(50.910485242976,53.,69.370521173569));
#7224 = CARTESIAN_POINT('',(50.910485242976,54.,69.370521173569));
#7225 = CARTESIAN_POINT('',(50.642970062136,53.,68.986495280843));
#7226 = CARTESIAN_POINT('',(50.642970062136,54.,68.986495280843));
#7227 = ADVANCED_FACE('',(#7228),#7257,.T.);
#7228 = FACE_BOUND('',#7229,.T.);
#7229 = EDGE_LOOP('',(#7230,#7240,#7241,#7251));
#7230 = ORIENTED_EDGE('',*,*,#7231,.F.);
#7231 = EDGE_CURVE('',#7191,#7232,#7234,.T.);
#7232 = VERTEX_POINT('',#7233);
#7233 = CARTESIAN_POINT('',(51.551840369992,53.,72.098517298376));
#7234 = B_SPLINE_CURVE_WITH_KNOTS('',3,(#7235,#7236,#7237,#7238,#7239),
  .UNSPECIFIED.,.F.,.F.,(4,1,4),(0.,1.364361451521E-02,
    3.275005952418E-02),.UNSPECIFIED.);
#7235 = CARTESIAN_POINT('',(51.559206774655,53.,71.771107684962));
#7236 = CARTESIAN_POINT('',(51.558698127149,53.,71.81658472377));
#7237 = CARTESIAN_POINT('',(51.557477172386,53.,71.925747565205));
#7238 = CARTESIAN_POINT('',(51.553917240694,53.,72.034860570338));
#7239 = CARTESIAN_POINT('',(51.551840369992,53.,72.098517298376));
#7240 = ORIENTED_EDGE('',*,*,#7211,.T.);
#7241 = ORIENTED_EDGE('',*,*,#7242,.F.);
#7242 = EDGE_CURVE('',#7243,#7202,#7245,.T.);
#7243 = VERTEX_POINT('',#7244);
#7244 = CARTESIAN_POINT('',(51.551840369992,54.,72.098517298376));
#7245 = B_SPLINE_CURVE_WITH_KNOTS('',3,(#7246,#7247,#7248,#7249,#7250),
  .UNSPECIFIED.,.F.,.F.,(4,1,4),(-3.275005952418E-02,-1.364361451521E-02
    ,0.),.UNSPECIFIED.);
#7246 = CARTESIAN_POINT('',(51.551840369992,54.,72.098517298376));
#7247 = CARTESIAN_POINT('',(51.553917240694,54.,72.034860570338));
#7248 = CARTESIAN_POINT('',(51.557477172386,54.,71.925747565205));
#7249 = CARTESIAN_POINT('',(51.558698127149,54.,71.81658472377));
#7250 = CARTESIAN_POINT('',(51.559206774655,54.,71.771107684962));
#7251 = ORIENTED_EDGE('',*,*,#7252,.F.);
#7252 = EDGE_CURVE('',#7232,#7243,#7253,.T.);
#7253 = LINE('',#7254,#7255);
#7254 = CARTESIAN_POINT('',(51.551840369992,53.,72.098517298376));
#7255 = VECTOR('',#7256,1.);
#7256 = DIRECTION('',(0.,1.,0.));
#7257 = B_SPLINE_SURFACE_WITH_KNOTS('',3,1,(
    (#7258,#7259)
    ,(#7260,#7261)
    ,(#7262,#7263)
    ,(#7264,#7265)
    ,(#7266,#7267
    )),.UNSPECIFIED.,.F.,.F.,.F.,(4,1,4),(2,2),(-3.275005952418E-02,
    -1.364361451521E-02,0.),(0.,1.E-01),.UNSPECIFIED.);
#7258 = CARTESIAN_POINT('',(51.551840369992,53.,72.098517298376));
#7259 = CARTESIAN_POINT('',(51.551840369992,54.,72.098517298376));
#7260 = CARTESIAN_POINT('',(51.553917240694,53.,72.034860570338));
#7261 = CARTESIAN_POINT('',(51.553917240694,54.,72.034860570338));
#7262 = CARTESIAN_POINT('',(51.557477172386,53.,71.925747565205));
#7263 = CARTESIAN_POINT('',(51.557477172386,54.,71.925747565205));
#7264 = CARTESIAN_POINT('',(51.558698127149,53.,71.81658472377));
#7265 = CARTESIAN_POINT('',(51.558698127149,54.,71.81658472377));
#7266 = CARTESIAN_POINT('',(51.559206774655,53.,71.771107684962));
#7267 = CARTESIAN_POINT('',(51.559206774655,54.,71.771107684962));
#7268 = ADVANCED_FACE('',(#7269),#7294,.T.);
#7269 = FACE_BOUND('',#7270,.T.);
#7270 = EDGE_LOOP('',(#7271,#7279,#7280,#7288));
#7271 = ORIENTED_EDGE('',*,*,#7272,.F.);
#7272 = EDGE_CURVE('',#7232,#7273,#7275,.T.);
#7273 = VERTEX_POINT('',#7274);
#7274 = CARTESIAN_POINT('',(46.149392531313,53.,72.089520528943));
#7275 = LINE('',#7276,#7277);
#7276 = CARTESIAN_POINT('',(57.080860146268,53.,72.107724849768));
#7277 = VECTOR('',#7278,1.);
#7278 = DIRECTION('',(-0.999998613368,0.,-1.665311211987E-03));
#7279 = ORIENTED_EDGE('',*,*,#7252,.T.);
#7280 = ORIENTED_EDGE('',*,*,#7281,.F.);
#7281 = EDGE_CURVE('',#7282,#7243,#7284,.T.);
#7282 = VERTEX_POINT('',#7283);
#7283 = CARTESIAN_POINT('',(46.149392531313,54.,72.089520528943));
#7284 = LINE('',#7285,#7286);
#7285 = CARTESIAN_POINT('',(51.551840369992,54.,72.098517298376));
#7286 = VECTOR('',#7287,1.);
#7287 = DIRECTION('',(0.999998613368,0.,1.665311211987E-03));
#7288 = ORIENTED_EDGE('',*,*,#7289,.F.);
#7289 = EDGE_CURVE('',#7273,#7282,#7290,.T.);
#7290 = LINE('',#7291,#7292);
#7291 = CARTESIAN_POINT('',(46.149392531313,53.,72.089520528943));
#7292 = VECTOR('',#7293,1.);
#7293 = DIRECTION('',(0.,1.,0.));
#7294 = PLANE('',#7295);
#7295 = AXIS2_PLACEMENT_3D('',#7296,#7297,#7298);
#7296 = CARTESIAN_POINT('',(46.149392531313,53.,72.089520528943));
#7297 = DIRECTION('',(-1.665311211987E-03,0.,0.999998613368));
#7298 = DIRECTION('',(0.999998613368,0.,1.665311211987E-03));
#7299 = ADVANCED_FACE('',(#7300),#7329,.T.);
#7300 = FACE_BOUND('',#7301,.T.);
#7301 = EDGE_LOOP('',(#7302,#7312,#7313,#7323));
#7302 = ORIENTED_EDGE('',*,*,#7303,.F.);
#7303 = EDGE_CURVE('',#7273,#7304,#7306,.T.);
#7304 = VERTEX_POINT('',#7305);
#7305 = CARTESIAN_POINT('',(46.821653552586,53.,73.918746846806));
#7306 = B_SPLINE_CURVE_WITH_KNOTS('',3,(#7307,#7308,#7309,#7310,#7311),
  .UNSPECIFIED.,.F.,.F.,(4,1,4),(0.,0.107324887136,0.198019249617),
  .UNSPECIFIED.);
#7307 = CARTESIAN_POINT('',(46.149392531313,53.,72.089520528943));
#7308 = CARTESIAN_POINT('',(46.184267218597,53.,72.453314667118));
#7309 = CARTESIAN_POINT('',(46.248612587046,53.,73.124531233739));
#7310 = CARTESIAN_POINT('',(46.641642694533,53.,73.669257817951));
#7311 = CARTESIAN_POINT('',(46.821653552586,53.,73.918746846806));
#7312 = ORIENTED_EDGE('',*,*,#7289,.T.);
#7313 = ORIENTED_EDGE('',*,*,#7314,.F.);
#7314 = EDGE_CURVE('',#7315,#7282,#7317,.T.);
#7315 = VERTEX_POINT('',#7316);
#7316 = CARTESIAN_POINT('',(46.821653552586,54.,73.918746846806));
#7317 = B_SPLINE_CURVE_WITH_KNOTS('',3,(#7318,#7319,#7320,#7321,#7322),
  .UNSPECIFIED.,.F.,.F.,(4,1,4),(-0.198019249617,-0.107324887136,0.),
  .UNSPECIFIED.);
#7318 = CARTESIAN_POINT('',(46.821653552586,54.,73.918746846806));
#7319 = CARTESIAN_POINT('',(46.641642694533,54.,73.669257817951));
#7320 = CARTESIAN_POINT('',(46.248612587046,54.,73.124531233739));
#7321 = CARTESIAN_POINT('',(46.184267218597,54.,72.453314667118));
#7322 = CARTESIAN_POINT('',(46.149392531313,54.,72.089520528943));
#7323 = ORIENTED_EDGE('',*,*,#7324,.F.);
#7324 = EDGE_CURVE('',#7304,#7315,#7325,.T.);
#7325 = LINE('',#7326,#7327);
#7326 = CARTESIAN_POINT('',(46.821653552586,53.,73.918746846806));
#7327 = VECTOR('',#7328,1.);
#7328 = DIRECTION('',(0.,1.,0.));
#7329 = B_SPLINE_SURFACE_WITH_KNOTS('',3,1,(
    (#7330,#7331)
    ,(#7332,#7333)
    ,(#7334,#7335)
    ,(#7336,#7337)
    ,(#7338,#7339
    )),.UNSPECIFIED.,.F.,.F.,.F.,(4,1,4),(2,2),(-0.198019249617,
    -0.107324887136,0.),(0.,1.E-01),.UNSPECIFIED.);
#7330 = CARTESIAN_POINT('',(46.821653552586,53.,73.918746846806));
#7331 = CARTESIAN_POINT('',(46.821653552586,54.,73.918746846806));
#7332 = CARTESIAN_POINT('',(46.641642694533,53.,73.669257817951));
#7333 = CARTESIAN_POINT('',(46.641642694533,54.,73.669257817951));
#7334 = CARTESIAN_POINT('',(46.248612587046,53.,73.124531233739));
#7335 = CARTESIAN_POINT('',(46.248612587046,54.,73.124531233739));
#7336 = CARTESIAN_POINT('',(46.184267218597,53.,72.453314667118));
#7337 = CARTESIAN_POINT('',(46.184267218597,54.,72.453314667118));
#7338 = CARTESIAN_POINT('',(46.149392531313,53.,72.089520528943));
#7339 = CARTESIAN_POINT('',(46.149392531313,54.,72.089520528943));
#7340 = ADVANCED_FACE('',(#7341),#7370,.T.);
#7341 = FACE_BOUND('',#7342,.T.);
#7342 = EDGE_LOOP('',(#7343,#7353,#7354,#7364));
#7343 = ORIENTED_EDGE('',*,*,#7344,.F.);
#7344 = EDGE_CURVE('',#7304,#7345,#7347,.T.);
#7345 = VERTEX_POINT('',#7346);
#7346 = CARTESIAN_POINT('',(48.334920155575,53.,74.555647176694));
#7347 = B_SPLINE_CURVE_WITH_KNOTS('',3,(#7348,#7349,#7350,#7351,#7352),
  .UNSPECIFIED.,.F.,.F.,(4,1,4),(0.,8.316662923482E-02,0.167884117452),
  .UNSPECIFIED.);
#7348 = CARTESIAN_POINT('',(46.821653552586,53.,73.918746846806));
#7349 = CARTESIAN_POINT('',(47.037588440018,53.,74.104129553912));
#7350 = CARTESIAN_POINT('',(47.473484884747,53.,74.478351912804));
#7351 = CARTESIAN_POINT('',(48.046012125031,53.,74.529723902808));
#7352 = CARTESIAN_POINT('',(48.334920155575,53.,74.555647176694));
#7353 = ORIENTED_EDGE('',*,*,#7324,.T.);
#7354 = ORIENTED_EDGE('',*,*,#7355,.F.);
#7355 = EDGE_CURVE('',#7356,#7315,#7358,.T.);
#7356 = VERTEX_POINT('',#7357);
#7357 = CARTESIAN_POINT('',(48.334920155575,54.,74.555647176694));
#7358 = B_SPLINE_CURVE_WITH_KNOTS('',3,(#7359,#7360,#7361,#7362,#7363),
  .UNSPECIFIED.,.F.,.F.,(4,1,4),(-0.167884117452,-8.316662923482E-02,0.)
  ,.UNSPECIFIED.);
#7359 = CARTESIAN_POINT('',(48.334920155575,54.,74.555647176694));
#7360 = CARTESIAN_POINT('',(48.046012125031,54.,74.529723902808));
#7361 = CARTESIAN_POINT('',(47.473484884747,54.,74.478351912804));
#7362 = CARTESIAN_POINT('',(47.037588440018,54.,74.104129553912));
#7363 = CARTESIAN_POINT('',(46.821653552586,54.,73.918746846806));
#7364 = ORIENTED_EDGE('',*,*,#7365,.F.);
#7365 = EDGE_CURVE('',#7345,#7356,#7366,.T.);
#7366 = LINE('',#7367,#7368);
#7367 = CARTESIAN_POINT('',(48.334920155575,53.,74.555647176694));
#7368 = VECTOR('',#7369,1.);
#7369 = DIRECTION('',(0.,1.,0.));
#7370 = B_SPLINE_SURFACE_WITH_KNOTS('',3,1,(
    (#7371,#7372)
    ,(#7373,#7374)
    ,(#7375,#7376)
    ,(#7377,#7378)
    ,(#7379,#7380
    )),.UNSPECIFIED.,.F.,.F.,.F.,(4,1,4),(2,2),(-0.167884117452,
    -8.316662923482E-02,0.),(0.,1.E-01),.UNSPECIFIED.);
#7371 = CARTESIAN_POINT('',(48.334920155575,53.,74.555647176694));
#7372 = CARTESIAN_POINT('',(48.334920155575,54.,74.555647176694));
#7373 = CARTESIAN_POINT('',(48.046012125031,53.,74.529723902808));
#7374 = CARTESIAN_POINT('',(48.046012125031,54.,74.529723902808));
#7375 = CARTESIAN_POINT('',(47.473484884747,53.,74.478351912804));
#7376 = CARTESIAN_POINT('',(47.473484884747,54.,74.478351912804));
#7377 = CARTESIAN_POINT('',(47.037588440018,53.,74.104129553912));
#7378 = CARTESIAN_POINT('',(47.037588440018,54.,74.104129553912));
#7379 = CARTESIAN_POINT('',(46.821653552586,53.,73.918746846806));
#7380 = CARTESIAN_POINT('',(46.821653552586,54.,73.918746846806));
#7381 = ADVANCED_FACE('',(#7382),#7411,.T.);
#7382 = FACE_BOUND('',#7383,.T.);
#7383 = EDGE_LOOP('',(#7384,#7394,#7395,#7405));
#7384 = ORIENTED_EDGE('',*,*,#7385,.F.);
#7385 = EDGE_CURVE('',#7345,#7386,#7388,.T.);
#7386 = VERTEX_POINT('',#7387);
#7387 = CARTESIAN_POINT('',(49.488306000317,53.,74.202860192829));
#7388 = B_SPLINE_CURVE_WITH_KNOTS('',3,(#7389,#7390,#7391,#7392,#7393),
  .UNSPECIFIED.,.F.,.F.,(4,1,4),(0.,6.321046859971E-02,0.122239361199),
  .UNSPECIFIED.);
#7389 = CARTESIAN_POINT('',(48.334920155575,53.,74.555647176694));
#7390 = CARTESIAN_POINT('',(48.548866150564,53.,74.543353427401));
#7391 = CARTESIAN_POINT('',(48.962604924186,53.,74.519579199909));
#7392 = CARTESIAN_POINT('',(49.317114676342,53.,74.305997790623));
#7393 = CARTESIAN_POINT('',(49.488306000317,53.,74.202860192829));
#7394 = ORIENTED_EDGE('',*,*,#7365,.T.);
#7395 = ORIENTED_EDGE('',*,*,#7396,.F.);
#7396 = EDGE_CURVE('',#7397,#7356,#7399,.T.);
#7397 = VERTEX_POINT('',#7398);
#7398 = CARTESIAN_POINT('',(49.488306000317,54.,74.202860192829));
#7399 = B_SPLINE_CURVE_WITH_KNOTS('',3,(#7400,#7401,#7402,#7403,#7404),
  .UNSPECIFIED.,.F.,.F.,(4,1,4),(-0.122239361199,-6.321046859971E-02,0.)
  ,.UNSPECIFIED.);
#7400 = CARTESIAN_POINT('',(49.488306000317,54.,74.202860192829));
#7401 = CARTESIAN_POINT('',(49.317114676342,54.,74.305997790623));
#7402 = CARTESIAN_POINT('',(48.962604924186,54.,74.519579199909));
#7403 = CARTESIAN_POINT('',(48.548866150564,54.,74.543353427401));
#7404 = CARTESIAN_POINT('',(48.334920155575,54.,74.555647176694));
#7405 = ORIENTED_EDGE('',*,*,#7406,.F.);
#7406 = EDGE_CURVE('',#7386,#7397,#7407,.T.);
#7407 = LINE('',#7408,#7409);
#7408 = CARTESIAN_POINT('',(49.488306000317,53.,74.202860192829));
#7409 = VECTOR('',#7410,1.);
#7410 = DIRECTION('',(0.,1.,0.));
#7411 = B_SPLINE_SURFACE_WITH_KNOTS('',3,1,(
    (#7412,#7413)
    ,(#7414,#7415)
    ,(#7416,#7417)
    ,(#7418,#7419)
    ,(#7420,#7421
    )),.UNSPECIFIED.,.F.,.F.,.F.,(4,1,4),(2,2),(-0.122239361199,
    -6.321046859971E-02,0.),(0.,1.E-01),.UNSPECIFIED.);
#7412 = CARTESIAN_POINT('',(49.488306000317,53.,74.202860192829));
#7413 = CARTESIAN_POINT('',(49.488306000317,54.,74.202860192829));
#7414 = CARTESIAN_POINT('',(49.317114676342,53.,74.305997790623));
#7415 = CARTESIAN_POINT('',(49.317114676342,54.,74.305997790623));
#7416 = CARTESIAN_POINT('',(48.962604924186,53.,74.519579199909));
#7417 = CARTESIAN_POINT('',(48.962604924186,54.,74.519579199909));
#7418 = CARTESIAN_POINT('',(48.548866150564,53.,74.543353427401));
#7419 = CARTESIAN_POINT('',(48.548866150564,54.,74.543353427401));
#7420 = CARTESIAN_POINT('',(48.334920155575,53.,74.555647176694));
#7421 = CARTESIAN_POINT('',(48.334920155575,54.,74.555647176694));
#7422 = ADVANCED_FACE('',(#7423),#7443,.T.);
#7423 = FACE_BOUND('',#7424,.T.);
#7424 = EDGE_LOOP('',(#7425,#7433,#7434,#7442));
#7425 = ORIENTED_EDGE('',*,*,#7426,.F.);
#7426 = EDGE_CURVE('',#7386,#6864,#7427,.T.);
#7427 = B_SPLINE_CURVE_WITH_KNOTS('',3,(#7428,#7429,#7430,#7431,#7432),
  .UNSPECIFIED.,.F.,.F.,(4,1,4),(0.,6.286619204069E-02,0.137683989249),
  .UNSPECIFIED.);
#7428 = CARTESIAN_POINT('',(49.488306000317,53.,74.202860192829));
#7429 = CARTESIAN_POINT('',(49.642754448854,53.,74.057562659014));
#7430 = CARTESIAN_POINT('',(49.981013819076,53.,73.739344815141));
#7431 = CARTESIAN_POINT('',(50.153580225527,53.,73.306822836213));
#7432 = CARTESIAN_POINT('',(50.247353208669,53.,73.071789395621));
#7433 = ORIENTED_EDGE('',*,*,#7406,.T.);
#7434 = ORIENTED_EDGE('',*,*,#7435,.F.);
#7435 = EDGE_CURVE('',#6874,#7397,#7436,.T.);
#7436 = B_SPLINE_CURVE_WITH_KNOTS('',3,(#7437,#7438,#7439,#7440,#7441),
  .UNSPECIFIED.,.F.,.F.,(4,1,4),(-0.137683989249,-6.286619204069E-02,0.)
  ,.UNSPECIFIED.);
#7437 = CARTESIAN_POINT('',(50.247353208669,54.,73.071789395621));
#7438 = CARTESIAN_POINT('',(50.153580225527,54.,73.306822836213));
#7439 = CARTESIAN_POINT('',(49.981013819076,54.,73.739344815141));
#7440 = CARTESIAN_POINT('',(49.642754448854,54.,74.057562659014));
#7441 = CARTESIAN_POINT('',(49.488306000317,54.,74.202860192829));
#7442 = ORIENTED_EDGE('',*,*,#6873,.F.);
#7443 = B_SPLINE_SURFACE_WITH_KNOTS('',3,1,(
    (#7444,#7445)
    ,(#7446,#7447)
    ,(#7448,#7449)
    ,(#7450,#7451)
    ,(#7452,#7453
    )),.UNSPECIFIED.,.F.,.F.,.F.,(4,1,4),(2,2),(-0.137683989249,
    -6.286619204069E-02,0.),(0.,1.E-01),.UNSPECIFIED.);
#7444 = CARTESIAN_POINT('',(50.247353208669,53.,73.071789395621));
#7445 = CARTESIAN_POINT('',(50.247353208669,54.,73.071789395621));
#7446 = CARTESIAN_POINT('',(50.153580225527,53.,73.306822836213));
#7447 = CARTESIAN_POINT('',(50.153580225527,54.,73.306822836213));
#7448 = CARTESIAN_POINT('',(49.981013819076,53.,73.739344815141));
#7449 = CARTESIAN_POINT('',(49.981013819076,54.,73.739344815141));
#7450 = CARTESIAN_POINT('',(49.642754448854,53.,74.057562659014));
#7451 = CARTESIAN_POINT('',(49.642754448854,54.,74.057562659014));
#7452 = CARTESIAN_POINT('',(49.488306000317,53.,74.202860192829));
#7453 = CARTESIAN_POINT('',(49.488306000317,54.,74.202860192829));
#7454 = ADVANCED_FACE('',(#7455,#7472),#7479,.T.);
#7455 = FACE_BOUND('',#7456,.T.);
#7456 = EDGE_LOOP('',(#7457,#7458,#7459,#7460,#7461,#7462,#7463,#7464,
    #7465,#7466,#7467,#7468,#7469,#7470,#7471));
#7457 = ORIENTED_EDGE('',*,*,#7435,.T.);
#7458 = ORIENTED_EDGE('',*,*,#7396,.T.);
#7459 = ORIENTED_EDGE('',*,*,#7355,.T.);
#7460 = ORIENTED_EDGE('',*,*,#7314,.T.);
#7461 = ORIENTED_EDGE('',*,*,#7281,.T.);
#7462 = ORIENTED_EDGE('',*,*,#7242,.T.);
#7463 = ORIENTED_EDGE('',*,*,#7201,.T.);
#7464 = ORIENTED_EDGE('',*,*,#7160,.T.);
#7465 = ORIENTED_EDGE('',*,*,#7119,.T.);
#7466 = ORIENTED_EDGE('',*,*,#7078,.T.);
#7467 = ORIENTED_EDGE('',*,*,#7037,.T.);
#7468 = ORIENTED_EDGE('',*,*,#6996,.T.);
#7469 = ORIENTED_EDGE('',*,*,#6955,.T.);
#7470 = ORIENTED_EDGE('',*,*,#6914,.T.);
#7471 = ORIENTED_EDGE('',*,*,#6881,.T.);
#7472 = FACE_BOUND('',#7473,.T.);
#7473 = EDGE_LOOP('',(#7474,#7475,#7476,#7477,#7478));
#7474 = ORIENTED_EDGE('',*,*,#6840,.T.);
#7475 = ORIENTED_EDGE('',*,*,#6801,.T.);
#7476 = ORIENTED_EDGE('',*,*,#6760,.T.);
#7477 = ORIENTED_EDGE('',*,*,#6719,.T.);
#7478 = ORIENTED_EDGE('',*,*,#6686,.T.);
#7479 = PLANE('',#7480);
#7480 = AXIS2_PLACEMENT_3D('',#7481,#7482,#7483);
#7481 = CARTESIAN_POINT('',(70.398423006811,54.,71.860650462761));
#7482 = DIRECTION('',(0.,1.,0.));
#7483 = DIRECTION('',(-1.,0.,0.));
#7484 = ADVANCED_FACE('',(#7485,#7555,#7571,#7587,#7604,#7870,#7890,
    #7904,#7921,#7942,#7954,#7971,#7986),#8003,.T.);
#7485 = FACE_BOUND('',#7486,.T.);
#7486 = EDGE_LOOP('',(#7487,#7497,#7506,#7514,#7523,#7531,#7540,#7548));
#7487 = ORIENTED_EDGE('',*,*,#7488,.T.);
#7488 = EDGE_CURVE('',#7489,#7491,#7493,.T.);
#7489 = VERTEX_POINT('',#7490);
#7490 = CARTESIAN_POINT('',(155.21211269884,53.,123.53834055047));
#7491 = VERTEX_POINT('',#7492);
#7492 = CARTESIAN_POINT('',(155.21211269884,53.,22.240000723861));
#7493 = LINE('',#7494,#7495);
#7494 = CARTESIAN_POINT('',(155.21211269884,53.,123.53834055047));
#7495 = VECTOR('',#7496,1.);
#7496 = DIRECTION('',(0.,0.,-1.));
#7497 = ORIENTED_EDGE('',*,*,#7498,.T.);
#7498 = EDGE_CURVE('',#7491,#7499,#7501,.T.);
#7499 = VERTEX_POINT('',#7500);
#7500 = CARTESIAN_POINT('',(143.21211269884,53.,10.240000723861));
#7501 = CIRCLE('',#7502,12.);
#7502 = AXIS2_PLACEMENT_3D('',#7503,#7504,#7505);
#7503 = CARTESIAN_POINT('',(143.21211269884,53.,22.240000723861));
#7504 = DIRECTION('',(-0.,1.,0.));
#7505 = DIRECTION('',(1.,0.,0.));
#7506 = ORIENTED_EDGE('',*,*,#7507,.T.);
#7507 = EDGE_CURVE('',#7499,#7508,#7510,.T.);
#7508 = VERTEX_POINT('',#7509);
#7509 = CARTESIAN_POINT('',(-7.189999249065,53.,10.240000723861));
#7510 = LINE('',#7511,#7512);
#7511 = CARTESIAN_POINT('',(143.21211269884,53.,10.240000723861));
#7512 = VECTOR('',#7513,1.);
#7513 = DIRECTION('',(-1.,0.,-1.47633967402E-17));
#7514 = ORIENTED_EDGE('',*,*,#7515,.T.);
#7515 = EDGE_CURVE('',#7508,#7516,#7518,.T.);
#7516 = VERTEX_POINT('',#7517);
#7517 = CARTESIAN_POINT('',(-19.18999924906,53.,22.240000723861));
#7518 = CIRCLE('',#7519,12.);
#7519 = AXIS2_PLACEMENT_3D('',#7520,#7521,#7522);
#7520 = CARTESIAN_POINT('',(-7.189999249065,53.,22.240000723861));
#7521 = DIRECTION('',(0.,1.,0.));
#7522 = DIRECTION('',(2.775557561563E-16,0.,-1.));
#7523 = ORIENTED_EDGE('',*,*,#7524,.T.);
#7524 = EDGE_CURVE('',#7516,#7525,#7527,.T.);
#7525 = VERTEX_POINT('',#7526);
#7526 = CARTESIAN_POINT('',(-19.18999924906,53.,123.53834055047));
#7527 = LINE('',#7528,#7529);
#7528 = CARTESIAN_POINT('',(-19.18999924906,53.,22.240000723861));
#7529 = VECTOR('',#7530,1.);
#7530 = DIRECTION('',(-2.191986614046E-17,0.,1.));
#7531 = ORIENTED_EDGE('',*,*,#7532,.T.);
#7532 = EDGE_CURVE('',#7525,#7533,#7535,.T.);
#7533 = VERTEX_POINT('',#7534);
#7534 = CARTESIAN_POINT('',(-7.189999249065,53.,135.53834055047));
#7535 = CIRCLE('',#7536,12.);
#7536 = AXIS2_PLACEMENT_3D('',#7537,#7538,#7539);
#7537 = CARTESIAN_POINT('',(-7.189999249065,53.,123.53834055047));
#7538 = DIRECTION('',(0.,1.,0.));
#7539 = DIRECTION('',(-1.,0.,0.));
#7540 = ORIENTED_EDGE('',*,*,#7541,.T.);
#7541 = EDGE_CURVE('',#7533,#7542,#7544,.T.);
#7542 = VERTEX_POINT('',#7543);
#7543 = CARTESIAN_POINT('',(143.21211269884,53.,135.53834055047));
#7544 = LINE('',#7545,#7546);
#7545 = CARTESIAN_POINT('',(-7.189999249065,53.,135.53834055047));
#7546 = VECTOR('',#7547,1.);
#7547 = DIRECTION('',(1.,0.,0.));
#7548 = ORIENTED_EDGE('',*,*,#7549,.T.);
#7549 = EDGE_CURVE('',#7542,#7489,#7550,.T.);
#7550 = CIRCLE('',#7551,12.);
#7551 = AXIS2_PLACEMENT_3D('',#7552,#7553,#7554);
#7552 = CARTESIAN_POINT('',(143.21211269884,53.,123.53834055047));
#7553 = DIRECTION('',(0.,1.,0.));
#7554 = DIRECTION('',(0.,-0.,1.));
#7555 = FACE_BOUND('',#7556,.T.);
#7556 = EDGE_LOOP('',(#7557,#7558,#7559,#7560,#7561,#7562,#7563,#7564,
    #7565,#7566,#7567,#7568,#7569,#7570));
#7557 = ORIENTED_EDGE('',*,*,#857,.T.);
#7558 = ORIENTED_EDGE('',*,*,#897,.T.);
#7559 = ORIENTED_EDGE('',*,*,#938,.T.);
#7560 = ORIENTED_EDGE('',*,*,#979,.T.);
#7561 = ORIENTED_EDGE('',*,*,#1020,.T.);
#7562 = ORIENTED_EDGE('',*,*,#1061,.T.);
#7563 = ORIENTED_EDGE('',*,*,#1102,.T.);
#7564 = ORIENTED_EDGE('',*,*,#1143,.T.);
#7565 = ORIENTED_EDGE('',*,*,#1184,.T.);
#7566 = ORIENTED_EDGE('',*,*,#1225,.T.);
#7567 = ORIENTED_EDGE('',*,*,#1266,.T.);
#7568 = ORIENTED_EDGE('',*,*,#1297,.T.);
#7569 = ORIENTED_EDGE('',*,*,#1328,.T.);
#7570 = ORIENTED_EDGE('',*,*,#1359,.T.);
#7571 = FACE_BOUND('',#7572,.T.);
#7572 = EDGE_LOOP('',(#7573,#7574,#7575,#7576,#7577,#7578,#7579,#7580,
    #7581,#7582,#7583,#7584,#7585,#7586));
#7573 = ORIENTED_EDGE('',*,*,#2615,.T.);
#7574 = ORIENTED_EDGE('',*,*,#2655,.T.);
#7575 = ORIENTED_EDGE('',*,*,#2696,.T.);
#7576 = ORIENTED_EDGE('',*,*,#2737,.T.);
#7577 = ORIENTED_EDGE('',*,*,#2778,.T.);
#7578 = ORIENTED_EDGE('',*,*,#2819,.T.);
#7579 = ORIENTED_EDGE('',*,*,#2860,.T.);
#7580 = ORIENTED_EDGE('',*,*,#2901,.T.);
#7581 = ORIENTED_EDGE('',*,*,#2942,.T.);
#7582 = ORIENTED_EDGE('',*,*,#2983,.T.);
#7583 = ORIENTED_EDGE('',*,*,#3024,.T.);
#7584 = ORIENTED_EDGE('',*,*,#3055,.T.);
#7585 = ORIENTED_EDGE('',*,*,#3086,.T.);
#7586 = ORIENTED_EDGE('',*,*,#3117,.T.);
#7587 = FACE_BOUND('',#7588,.T.);
#7588 = EDGE_LOOP('',(#7589,#7590,#7591,#7592,#7593,#7594,#7595,#7596,
    #7597,#7598,#7599,#7600,#7601,#7602,#7603));
#7589 = ORIENTED_EDGE('',*,*,#6863,.T.);
#7590 = ORIENTED_EDGE('',*,*,#6903,.T.);
#7591 = ORIENTED_EDGE('',*,*,#6944,.T.);
#7592 = ORIENTED_EDGE('',*,*,#6985,.T.);
#7593 = ORIENTED_EDGE('',*,*,#7026,.T.);
#7594 = ORIENTED_EDGE('',*,*,#7067,.T.);
#7595 = ORIENTED_EDGE('',*,*,#7108,.T.);
#7596 = ORIENTED_EDGE('',*,*,#7149,.T.);
#7597 = ORIENTED_EDGE('',*,*,#7190,.T.);
#7598 = ORIENTED_EDGE('',*,*,#7231,.T.);
#7599 = ORIENTED_EDGE('',*,*,#7272,.T.);
#7600 = ORIENTED_EDGE('',*,*,#7303,.T.);
#7601 = ORIENTED_EDGE('',*,*,#7344,.T.);
#7602 = ORIENTED_EDGE('',*,*,#7385,.T.);
#7603 = ORIENTED_EDGE('',*,*,#7426,.T.);
#7604 = FACE_BOUND('',#7605,.T.);
#7605 = EDGE_LOOP('',(#7606,#7618,#7628,#7638,#7648,#7658,#7668,#7678,
    #7688,#7698,#7708,#7718,#7728,#7738,#7748,#7756,#7766,#7776,#7786,
    #7796,#7806,#7816,#7826,#7834,#7844,#7854,#7862));
#7606 = ORIENTED_EDGE('',*,*,#7607,.T.);
#7607 = EDGE_CURVE('',#7608,#7610,#7612,.T.);
#7608 = VERTEX_POINT('',#7609);
#7609 = CARTESIAN_POINT('',(34.47417332708,53.,74.484815340447));
#7610 = VERTEX_POINT('',#7611);
#7611 = CARTESIAN_POINT('',(33.159715715569,53.,75.301181654427));
#7612 = B_SPLINE_CURVE_WITH_KNOTS('',3,(#7613,#7614,#7615,#7616,#7617),
  .UNSPECIFIED.,.F.,.F.,(4,1,4),(0.,8.322183541261E-02,0.155291721931),
  .UNSPECIFIED.);
#7613 = CARTESIAN_POINT('',(34.47417332708,53.,74.484815340447));
#7614 = CARTESIAN_POINT('',(34.257380722702,53.,74.660055797825));
#7615 = CARTESIAN_POINT('',(33.852846303713,53.,74.98705402183));
#7616 = CARTESIAN_POINT('',(33.37942670007,53.,75.2016083668));
#7617 = CARTESIAN_POINT('',(33.159715715569,53.,75.301181654427));
#7618 = ORIENTED_EDGE('',*,*,#7619,.T.);
#7619 = EDGE_CURVE('',#7610,#7620,#7622,.T.);
#7620 = VERTEX_POINT('',#7621);
#7621 = CARTESIAN_POINT('',(31.805295597775,53.,75.537671663899));
#7622 = B_SPLINE_CURVE_WITH_KNOTS('',3,(#7623,#7624,#7625,#7626,#7627),
  .UNSPECIFIED.,.F.,.F.,(4,1,4),(0.,6.780603880977E-02,0.138063412028),
  .UNSPECIFIED.);
#7623 = CARTESIAN_POINT('',(33.159715715569,53.,75.301181654427));
#7624 = CARTESIAN_POINT('',(32.943372795992,53.,75.370449624557));
#7625 = CARTESIAN_POINT('',(32.50286569413,53.,75.511489751191));
#7626 = CARTESIAN_POINT('',(32.040555092153,53.,75.52884166448));
#7627 = CARTESIAN_POINT('',(31.805295597775,53.,75.537671663899));
#7628 = ORIENTED_EDGE('',*,*,#7629,.T.);
#7629 = EDGE_CURVE('',#7620,#7630,#7632,.T.);
#7630 = VERTEX_POINT('',#7631);
#7631 = CARTESIAN_POINT('',(29.971343973014,53.,74.951396030456));
#7632 = B_SPLINE_CURVE_WITH_KNOTS('',3,(#7633,#7634,#7635,#7636,#7637),
  .UNSPECIFIED.,.F.,.F.,(4,1,4),(0.,0.106561563475,0.195931069517),
  .UNSPECIFIED.);
#7633 = CARTESIAN_POINT('',(31.805295597775,53.,75.537671663899));
#7634 = CARTESIAN_POINT('',(31.442003574696,53.,75.52252567247));
#7635 = CARTESIAN_POINT('',(30.774031068402,53.,75.49467726069));
#7636 = CARTESIAN_POINT('',(30.222783175618,53.,75.121577163434));
#7637 = CARTESIAN_POINT('',(29.971343973014,53.,74.951396030456));
#7638 = ORIENTED_EDGE('',*,*,#7639,.T.);
#7639 = EDGE_CURVE('',#7630,#7640,#7642,.T.);
#7640 = VERTEX_POINT('',#7641);
#7641 = CARTESIAN_POINT('',(29.332626382611,53.,73.459880393313));
#7642 = B_SPLINE_CURVE_WITH_KNOTS('',3,(#7643,#7644,#7645,#7646,#7647),
  .UNSPECIFIED.,.F.,.F.,(4,1,4),(0.,8.20034031443E-02,0.166166844073),
  .UNSPECIFIED.);
#7643 = CARTESIAN_POINT('',(29.971343973014,53.,74.951396030456));
#7644 = CARTESIAN_POINT('',(29.78468604273,53.,74.741258328951));
#7645 = CARTESIAN_POINT('',(29.406453457163,53.,74.315447724257));
#7646 = CARTESIAN_POINT('',(29.357447752618,53.,73.747530329548));
#7647 = CARTESIAN_POINT('',(29.332626382611,53.,73.459880393313));
#7648 = ORIENTED_EDGE('',*,*,#7649,.T.);
#7649 = EDGE_CURVE('',#7640,#7650,#7652,.T.);
#7650 = VERTEX_POINT('',#7651);
#7651 = CARTESIAN_POINT('',(29.576400573858,53.,72.48825245892));
#7652 = B_SPLINE_CURVE_WITH_KNOTS('',3,(#7653,#7654,#7655,#7656,#7657),
  .UNSPECIFIED.,.F.,.F.,(4,1,4),(0.,5.126252595062E-02,0.100996673803),
  .UNSPECIFIED.);
#7653 = CARTESIAN_POINT('',(29.332626382611,53.,73.459880393313));
#7654 = CARTESIAN_POINT('',(29.342378563228,53.,73.287525688804));
#7655 = CARTESIAN_POINT('',(29.36159216588,53.,72.947954987849));
#7656 = CARTESIAN_POINT('',(29.505523808211,53.,72.639932873654));
#7657 = CARTESIAN_POINT('',(29.576400573858,53.,72.48825245892));
#7658 = ORIENTED_EDGE('',*,*,#7659,.T.);
#7659 = EDGE_CURVE('',#7650,#7660,#7662,.T.);
#7660 = VERTEX_POINT('',#7661);
#7661 = CARTESIAN_POINT('',(30.211954795342,53.,71.783307164742));
#7662 = B_SPLINE_CURVE_WITH_KNOTS('',3,(#7663,#7664,#7665,#7666,#7667),
  .UNSPECIFIED.,.F.,.F.,(4,1,4),(0.,4.851999748658E-02,
    9.559618697834E-02),.UNSPECIFIED.);
#7663 = CARTESIAN_POINT('',(29.576400573858,53.,72.48825245892));
#7664 = CARTESIAN_POINT('',(29.662587893308,53.,72.34967904057));
#7665 = CARTESIAN_POINT('',(29.832397858933,53.,72.076655728595));
#7666 = CARTESIAN_POINT('',(30.086716156277,53.,71.880100481856));
#7667 = CARTESIAN_POINT('',(30.211954795342,53.,71.783307164742));
#7668 = ORIENTED_EDGE('',*,*,#7669,.T.);
#7669 = EDGE_CURVE('',#7660,#7670,#7672,.T.);
#7670 = VERTEX_POINT('',#7671);
#7671 = CARTESIAN_POINT('',(31.095980116604,53.,71.382323456109));
#7672 = B_SPLINE_CURVE_WITH_KNOTS('',3,(#7673,#7674,#7675,#7676,#7677),
  .UNSPECIFIED.,.F.,.F.,(4,1,4),(0.,4.779431815161E-02,9.739646459E-02),
  .UNSPECIFIED.);
#7673 = CARTESIAN_POINT('',(30.211954795342,53.,71.783307164742));
#7674 = CARTESIAN_POINT('',(30.348422705703,53.,71.699854870596));
#7675 = CARTESIAN_POINT('',(30.626520448555,53.,71.529793684956));
#7676 = CARTESIAN_POINT('',(30.937569047013,53.,71.432084741848));
#7677 = CARTESIAN_POINT('',(31.095980116604,53.,71.382323456109));
#7678 = ORIENTED_EDGE('',*,*,#7679,.T.);
#7679 = EDGE_CURVE('',#7670,#7680,#7682,.T.);
#7680 = VERTEX_POINT('',#7681);
#7681 = CARTESIAN_POINT('',(32.18768927273,53.,71.199966462668));
#7682 = B_SPLINE_CURVE_WITH_KNOTS('',3,(#7683,#7684,#7685,#7686,#7687),
  .UNSPECIFIED.,.F.,.F.,(4,1,4),(0.,4.632103254163E-02,0.110737136295),
  .UNSPECIFIED.);
#7683 = CARTESIAN_POINT('',(31.095980116604,53.,71.382323456109));
#7684 = CARTESIAN_POINT('',(31.246890898306,53.,71.349302690148));
#7685 = CARTESIAN_POINT('',(31.607664976189,53.,71.270361767197));
#7686 = CARTESIAN_POINT('',(31.974373748249,53.,71.225855742473));
#7687 = CARTESIAN_POINT('',(32.18768927273,53.,71.199966462668));
#7688 = ORIENTED_EDGE('',*,*,#7689,.T.);
#7689 = EDGE_CURVE('',#7680,#7690,#7692,.T.);
#7690 = VERTEX_POINT('',#7691);
#7691 = CARTESIAN_POINT('',(34.378021992014,53.,70.780693478294));
#7692 = B_SPLINE_CURVE_WITH_KNOTS('',3,(#7693,#7694,#7695,#7696,#7697),
  .UNSPECIFIED.,.F.,.F.,(4,1,4),(0.,0.130548314351,0.22327847343),
  .UNSPECIFIED.);
#7693 = CARTESIAN_POINT('',(32.18768927273,53.,71.199966462668));
#7694 = CARTESIAN_POINT('',(32.620589672811,53.,71.148290433729));
#7695 = CARTESIAN_POINT('',(33.360984835767,53.,71.059908251914));
#7696 = CARTESIAN_POINT('',(34.079580723054,53.,70.862626779196));
#7697 = CARTESIAN_POINT('',(34.378021992014,53.,70.780693478294));
#7698 = ORIENTED_EDGE('',*,*,#7699,.T.);
#7699 = EDGE_CURVE('',#7690,#7700,#7702,.T.);
#7700 = VERTEX_POINT('',#7701);
#7701 = CARTESIAN_POINT('',(34.385378229421,53.,70.460105012955));
#7702 = B_SPLINE_CURVE_WITH_KNOTS('',3,(#7703,#7704,#7705,#7706,#7707),
  .UNSPECIFIED.,.F.,.F.,(4,1,4),(0.,2.064069553754E-02,
    3.206764289507E-02),.UNSPECIFIED.);
#7703 = CARTESIAN_POINT('',(34.378021992014,53.,70.780693478294));
#7704 = CARTESIAN_POINT('',(34.380060330119,53.,70.711919936561));
#7705 = CARTESIAN_POINT('',(34.383227117709,53.,70.605072501457));
#7706 = CARTESIAN_POINT('',(34.384813086948,53.,70.49819103354));
#7707 = CARTESIAN_POINT('',(34.385378229421,53.,70.460105012955));
#7708 = ORIENTED_EDGE('',*,*,#7709,.T.);
#7709 = EDGE_CURVE('',#7700,#7710,#7712,.T.);
#7710 = VERTEX_POINT('',#7711);
#7711 = CARTESIAN_POINT('',(34.039253357812,53.,69.402228360953));
#7712 = B_SPLINE_CURVE_WITH_KNOTS('',3,(#7713,#7714,#7715,#7716,#7717),
  .UNSPECIFIED.,.F.,.F.,(4,1,4),(0.,6.453816409868E-02,0.113796330337),
  .UNSPECIFIED.);
#7713 = CARTESIAN_POINT('',(34.385378229421,53.,70.460105012955));
#7714 = CARTESIAN_POINT('',(34.380849148897,53.,70.238227971676));
#7715 = CARTESIAN_POINT('',(34.372863288892,53.,69.847005298453));
#7716 = CARTESIAN_POINT('',(34.140035696165,53.,69.536593844803));
#7717 = CARTESIAN_POINT('',(34.039253357812,53.,69.402228360953));
#7718 = ORIENTED_EDGE('',*,*,#7719,.T.);
#7719 = EDGE_CURVE('',#7710,#7720,#7722,.T.);
#7720 = VERTEX_POINT('',#7721);
#7721 = CARTESIAN_POINT('',(32.641586308575,53.,68.983801993105));
#7722 = B_SPLINE_CURVE_WITH_KNOTS('',3,(#7723,#7724,#7725,#7726,#7727),
  .UNSPECIFIED.,.F.,.F.,(4,1,4),(0.,6.629689376544E-02,0.148302992976),
  .UNSPECIFIED.);
#7723 = CARTESIAN_POINT('',(34.039253357812,53.,69.402228360953));
#7724 = CARTESIAN_POINT('',(33.849895707067,53.,69.280902598695));
#7725 = CARTESIAN_POINT('',(33.426311663331,53.,69.009502648472));
#7726 = CARTESIAN_POINT('',(32.921003263781,53.,68.99295321885));
#7727 = CARTESIAN_POINT('',(32.641586308575,53.,68.983801993105));
#7728 = ORIENTED_EDGE('',*,*,#7729,.T.);
#7729 = EDGE_CURVE('',#7720,#7730,#7732,.T.);
#7730 = VERTEX_POINT('',#7731);
#7731 = CARTESIAN_POINT('',(31.362090881987,53.,69.285219035334));
#7732 = B_SPLINE_CURVE_WITH_KNOTS('',3,(#7733,#7734,#7735,#7736,#7737),
  .UNSPECIFIED.,.F.,.F.,(4,1,4),(0.,7.567144054551E-02,0.132995272209),
  .UNSPECIFIED.);
#7733 = CARTESIAN_POINT('',(32.641586308575,53.,68.983801993105));
#7734 = CARTESIAN_POINT('',(32.385073362148,53.,68.987367803635));
#7735 = CARTESIAN_POINT('',(31.9342426539,53.,68.993634843599));
#7736 = CARTESIAN_POINT('',(31.534422146646,53.,69.197394309478));
#7737 = CARTESIAN_POINT('',(31.362090881987,53.,69.285219035334));
#7738 = ORIENTED_EDGE('',*,*,#7739,.T.);
#7739 = EDGE_CURVE('',#7730,#7740,#7742,.T.);
#7740 = VERTEX_POINT('',#7741);
#7741 = CARTESIAN_POINT('',(30.749798448262,53.,70.358552534555));
#7742 = B_SPLINE_CURVE_WITH_KNOTS('',3,(#7743,#7744,#7745,#7746,#7747),
  .UNSPECIFIED.,.F.,.F.,(4,1,4),(0.,5.527776093637E-02,0.125347221409),
  .UNSPECIFIED.);
#7743 = CARTESIAN_POINT('',(31.362090881987,53.,69.285219035334));
#7744 = CARTESIAN_POINT('',(31.23041344159,53.,69.418095855641));
#7745 = CARTESIAN_POINT('',(30.931823176781,53.,69.71940582068));
#7746 = CARTESIAN_POINT('',(30.815066031342,53.,70.129377292335));
#7747 = CARTESIAN_POINT('',(30.749798448262,53.,70.358552534555));
#7748 = ORIENTED_EDGE('',*,*,#7749,.T.);
#7749 = EDGE_CURVE('',#7740,#7750,#7752,.T.);
#7750 = VERTEX_POINT('',#7751);
#7751 = CARTESIAN_POINT('',(29.549526716034,53.,70.192842765417));
#7752 = LINE('',#7753,#7754);
#7753 = CARTESIAN_POINT('',(48.603243819424,53.,72.823402977448));
#7754 = VECTOR('',#7755,1.);
#7755 = DIRECTION('',(-0.990603800713,0.,-0.136762970181));
#7756 = ORIENTED_EDGE('',*,*,#7757,.T.);
#7757 = EDGE_CURVE('',#7750,#7758,#7760,.T.);
#7758 = VERTEX_POINT('',#7759);
#7759 = CARTESIAN_POINT('',(30.090481105443,53.,68.948857764539));
#7760 = B_SPLINE_CURVE_WITH_KNOTS('',3,(#7761,#7762,#7763,#7764,#7765),
  .UNSPECIFIED.,.F.,.F.,(4,1,4),(0.,7.295129614865E-02,0.136549344222),
  .UNSPECIFIED.);
#7761 = CARTESIAN_POINT('',(29.549526716034,53.,70.192842765417));
#7762 = CARTESIAN_POINT('',(29.608480302203,53.,69.954701987943));
#7763 = CARTESIAN_POINT('',(29.718828904023,53.,69.508952992198));
#7764 = CARTESIAN_POINT('',(29.972386363856,53.,69.126831420882));
#7765 = CARTESIAN_POINT('',(30.090481105443,53.,68.948857764539));
#7766 = ORIENTED_EDGE('',*,*,#7767,.T.);
#7767 = EDGE_CURVE('',#7758,#7768,#7770,.T.);
#7768 = VERTEX_POINT('',#7769);
#7769 = CARTESIAN_POINT('',(31.176279071197,53.,68.220788189833));
#7770 = B_SPLINE_CURVE_WITH_KNOTS('',3,(#7771,#7772,#7773,#7774,#7775),
  .UNSPECIFIED.,.F.,.F.,(4,1,4),(0.,6.216288069377E-02,0.132021267367),
  .UNSPECIFIED.);
#7771 = CARTESIAN_POINT('',(30.090481105443,53.,68.948857764539));
#7772 = CARTESIAN_POINT('',(30.235938483737,53.,68.79801552698));
#7773 = CARTESIAN_POINT('',(30.544860258529,53.,68.477657410486));
#7774 = CARTESIAN_POINT('',(30.957783057928,53.,68.309675152841));
#7775 = CARTESIAN_POINT('',(31.176279071197,53.,68.220788189833));
#7776 = ORIENTED_EDGE('',*,*,#7777,.T.);
#7777 = EDGE_CURVE('',#7768,#7778,#7780,.T.);
#7778 = VERTEX_POINT('',#7779);
#7779 = CARTESIAN_POINT('',(32.820631064534,53.,67.967728095318));
#7780 = B_SPLINE_CURVE_WITH_KNOTS('',3,(#7781,#7782,#7783,#7784,#7785),
  .UNSPECIFIED.,.F.,.F.,(4,1,4),(0.,7.893570277787E-02,0.166992210163),
  .UNSPECIFIED.);
#7781 = CARTESIAN_POINT('',(31.176279071197,53.,68.220788189833));
#7782 = CARTESIAN_POINT('',(31.429931890995,53.,68.14666315908));
#7783 = CARTESIAN_POINT('',(31.966546420307,53.,67.989848152964));
#7784 = CARTESIAN_POINT('',(32.525755201189,53.,67.975365126542));
#7785 = CARTESIAN_POINT('',(32.820631064534,53.,67.967728095318));
#7786 = ORIENTED_EDGE('',*,*,#7787,.T.);
#7787 = EDGE_CURVE('',#7778,#7788,#7790,.T.);
#7788 = VERTEX_POINT('',#7789);
#7789 = CARTESIAN_POINT('',(34.327769454494,53.,68.188519405797));
#7790 = B_SPLINE_CURVE_WITH_KNOTS('',3,(#7791,#7792,#7793,#7794,#7795),
  .UNSPECIFIED.,.F.,.F.,(4,1,4),(0.,8.424926678693E-02,0.152907666886),
  .UNSPECIFIED.);
#7791 = CARTESIAN_POINT('',(32.820631064534,53.,67.967728095318));
#7792 = CARTESIAN_POINT('',(33.10293298594,53.,67.97295186293));
#7793 = CARTESIAN_POINT('',(33.615295049205,53.,67.982432706484));
#7794 = CARTESIAN_POINT('',(34.106989470247,53.,68.124657717728));
#7795 = CARTESIAN_POINT('',(34.327769454494,53.,68.188519405797));
#7796 = ORIENTED_EDGE('',*,*,#7797,.T.);
#7797 = EDGE_CURVE('',#7788,#7798,#7800,.T.);
#7798 = VERTEX_POINT('',#7799);
#7799 = CARTESIAN_POINT('',(35.179513768595,53.,68.73905174295));
#7800 = B_SPLINE_CURVE_WITH_KNOTS('',3,(#7801,#7802,#7803,#7804,#7805),
  .UNSPECIFIED.,.F.,.F.,(4,1,4),(0.,5.601792257784E-02,0.10226050428),
  .UNSPECIFIED.);
#7801 = CARTESIAN_POINT('',(34.327769454494,53.,68.188519405797));
#7802 = CARTESIAN_POINT('',(34.50260580333,53.,68.259970287227));
#7803 = CARTESIAN_POINT('',(34.821768892136,53.,68.390403599105));
#7804 = CARTESIAN_POINT('',(35.068115095842,53.,68.630485714369));
#7805 = CARTESIAN_POINT('',(35.179513768595,53.,68.73905174295));
#7806 = ORIENTED_EDGE('',*,*,#7807,.T.);
#7807 = EDGE_CURVE('',#7798,#7808,#7810,.T.);
#7808 = VERTEX_POINT('',#7809);
#7809 = CARTESIAN_POINT('',(35.560113556372,53.,69.575293771453));
#7810 = B_SPLINE_CURVE_WITH_KNOTS('',3,(#7811,#7812,#7813,#7814,#7815),
  .UNSPECIFIED.,.F.,.F.,(4,1,4),(0.,4.403436812192E-02,
    9.254293977841E-02),.UNSPECIFIED.);
#7811 = CARTESIAN_POINT('',(35.179513768595,53.,68.73905174295));
#7812 = CARTESIAN_POINT('',(35.264209007479,53.,68.860442497075));
#7813 = CARTESIAN_POINT('',(35.442205121101,53.,69.115558165309));
#7814 = CARTESIAN_POINT('',(35.519564045608,53.,69.417187577717));
#7815 = CARTESIAN_POINT('',(35.560113556372,53.,69.575293771453));
#7816 = ORIENTED_EDGE('',*,*,#7817,.T.);
#7817 = EDGE_CURVE('',#7808,#7818,#7820,.T.);
#7818 = VERTEX_POINT('',#7819);
#7819 = CARTESIAN_POINT('',(35.619619376958,53.,70.707727120041));
#7820 = B_SPLINE_CURVE_WITH_KNOTS('',3,(#7821,#7822,#7823,#7824,#7825),
  .UNSPECIFIED.,.F.,.F.,(4,1,4),(0.,4.423756740939E-02,0.113490555089),
  .UNSPECIFIED.);
#7821 = CARTESIAN_POINT('',(35.560113556372,53.,69.575293771453));
#7822 = CARTESIAN_POINT('',(35.577572159296,53.,69.721831634241));
#7823 = CARTESIAN_POINT('',(35.622361840397,53.,70.097771460125));
#7824 = CARTESIAN_POINT('',(35.620658668327,53.,70.476576671925));
#7825 = CARTESIAN_POINT('',(35.619619376958,53.,70.707727120041));
#7826 = ORIENTED_EDGE('',*,*,#7827,.T.);
#7827 = EDGE_CURVE('',#7818,#7828,#7830,.T.);
#7828 = VERTEX_POINT('',#7829);
#7829 = CARTESIAN_POINT('',(35.6168930831,53.,72.344832579887));
#7830 = LINE('',#7831,#7832);
#7831 = CARTESIAN_POINT('',(35.616484756336,53.,72.590027709176));
#7832 = VECTOR('',#7833,1.);
#7833 = DIRECTION('',(-1.665311211989E-03,0.,0.999998613368));
#7834 = ORIENTED_EDGE('',*,*,#7835,.T.);
#7835 = EDGE_CURVE('',#7828,#7836,#7838,.T.);
#7836 = VERTEX_POINT('',#7837);
#7837 = CARTESIAN_POINT('',(35.691730796105,53.,74.510717032886));
#7838 = B_SPLINE_CURVE_WITH_KNOTS('',3,(#7839,#7840,#7841,#7842,#7843),
  .UNSPECIFIED.,.F.,.F.,(4,1,4),(0.,0.139764778133,0.21681438166),
  .UNSPECIFIED.);
#7839 = CARTESIAN_POINT('',(35.6168930831,53.,72.344832579887));
#7840 = CARTESIAN_POINT('',(35.613295465455,53.,72.811087553003));
#7841 = CARTESIAN_POINT('',(35.607714551182,53.,73.53437982336));
#7842 = CARTESIAN_POINT('',(35.669702175085,53.,74.254726511099));
#7843 = CARTESIAN_POINT('',(35.691730796105,53.,74.510717032886));
#7844 = ORIENTED_EDGE('',*,*,#7845,.T.);
#7845 = EDGE_CURVE('',#7836,#7846,#7848,.T.);
#7846 = VERTEX_POINT('',#7847);
#7847 = CARTESIAN_POINT('',(36.000650559129,53.,75.380946708802));
#7848 = B_SPLINE_CURVE_WITH_KNOTS('',3,(#7849,#7850,#7851,#7852,#7853),
  .UNSPECIFIED.,.F.,.F.,(4,1,4),(0.,4.593373130851E-02,
    9.267722188843E-02),.UNSPECIFIED.);
#7849 = CARTESIAN_POINT('',(35.691730796105,53.,74.510717032886));
#7850 = CARTESIAN_POINT('',(35.724355962584,53.,74.661008509996));
#7851 = CARTESIAN_POINT('',(35.790181440001,53.,74.964240931471));
#7852 = CARTESIAN_POINT('',(35.930086715973,53.,75.241238036881));
#7853 = CARTESIAN_POINT('',(36.000650559129,53.,75.380946708802));
#7854 = ORIENTED_EDGE('',*,*,#7855,.T.);
#7855 = EDGE_CURVE('',#7846,#7856,#7858,.T.);
#7856 = VERTEX_POINT('',#7857);
#7857 = CARTESIAN_POINT('',(34.718251252448,53.,75.378811111897));
#7858 = LINE('',#7859,#7860);
#7859 = CARTESIAN_POINT('',(51.362534813618,53.,75.406529062361));
#7860 = VECTOR('',#7861,1.);
#7861 = DIRECTION('',(-0.999998613368,0.,-1.665311211984E-03));
#7862 = ORIENTED_EDGE('',*,*,#7863,.T.);
#7863 = EDGE_CURVE('',#7856,#7608,#7864,.T.);
#7864 = B_SPLINE_CURVE_WITH_KNOTS('',3,(#7865,#7866,#7867,#7868,#7869),
  .UNSPECIFIED.,.F.,.F.,(4,1,4),(0.,4.430978016298E-02,
    9.304289451632E-02),.UNSPECIFIED.);
#7865 = CARTESIAN_POINT('',(34.718251252448,53.,75.378811111897));
#7866 = CARTESIAN_POINT('',(34.660129310141,53.,75.242274343726));
#7867 = CARTESIAN_POINT('',(34.538083257843,53.,74.955570684358));
#7868 = CARTESIAN_POINT('',(34.496141289001,53.,74.646629558453));
#7869 = CARTESIAN_POINT('',(34.47417332708,53.,74.484815340447));
#7870 = FACE_BOUND('',#7871,.T.);
#7871 = EDGE_LOOP('',(#7872,#7873,#7874,#7875,#7876,#7877,#7878,#7879,
    #7880,#7881,#7882,#7883,#7884,#7885,#7886,#7887,#7888,#7889));
#7872 = ORIENTED_EDGE('',*,*,#5974,.T.);
#7873 = ORIENTED_EDGE('',*,*,#6014,.T.);
#7874 = ORIENTED_EDGE('',*,*,#6055,.T.);
#7875 = ORIENTED_EDGE('',*,*,#6096,.T.);
#7876 = ORIENTED_EDGE('',*,*,#6137,.T.);
#7877 = ORIENTED_EDGE('',*,*,#6178,.T.);
#7878 = ORIENTED_EDGE('',*,*,#6219,.T.);
#7879 = ORIENTED_EDGE('',*,*,#6250,.T.);
#7880 = ORIENTED_EDGE('',*,*,#6281,.T.);
#7881 = ORIENTED_EDGE('',*,*,#6312,.T.);
#7882 = ORIENTED_EDGE('',*,*,#6353,.T.);
#7883 = ORIENTED_EDGE('',*,*,#6394,.T.);
#7884 = ORIENTED_EDGE('',*,*,#6425,.T.);
#7885 = ORIENTED_EDGE('',*,*,#6456,.T.);
#7886 = ORIENTED_EDGE('',*,*,#6487,.T.);
#7887 = ORIENTED_EDGE('',*,*,#6528,.T.);
#7888 = ORIENTED_EDGE('',*,*,#6569,.T.);
#7889 = ORIENTED_EDGE('',*,*,#6610,.T.);
#7890 = FACE_BOUND('',#7891,.T.);
#7891 = EDGE_LOOP('',(#7892,#7893,#7894,#7895,#7896,#7897,#7898,#7899,
    #7900,#7901,#7902,#7903));
#7892 = ORIENTED_EDGE('',*,*,#5582,.T.);
#7893 = ORIENTED_EDGE('',*,*,#5622,.T.);
#7894 = ORIENTED_EDGE('',*,*,#5653,.T.);
#7895 = ORIENTED_EDGE('',*,*,#5684,.T.);
#7896 = ORIENTED_EDGE('',*,*,#5715,.T.);
#7897 = ORIENTED_EDGE('',*,*,#5746,.T.);
#7898 = ORIENTED_EDGE('',*,*,#5777,.T.);
#7899 = ORIENTED_EDGE('',*,*,#5808,.T.);
#7900 = ORIENTED_EDGE('',*,*,#5839,.T.);
#7901 = ORIENTED_EDGE('',*,*,#5870,.T.);
#7902 = ORIENTED_EDGE('',*,*,#5901,.T.);
#7903 = ORIENTED_EDGE('',*,*,#5932,.T.);
#7904 = FACE_BOUND('',#7905,.T.);
#7905 = EDGE_LOOP('',(#7906,#7907,#7908,#7909,#7910,#7911,#7912,#7913,
    #7914,#7915,#7916,#7917,#7918,#7919,#7920));
#7906 = ORIENTED_EDGE('',*,*,#5074,.T.);
#7907 = ORIENTED_EDGE('',*,*,#5114,.T.);
#7908 = ORIENTED_EDGE('',*,*,#5145,.T.);
#7909 = ORIENTED_EDGE('',*,*,#5176,.T.);
#7910 = ORIENTED_EDGE('',*,*,#5207,.T.);
#7911 = ORIENTED_EDGE('',*,*,#5248,.T.);
#7912 = ORIENTED_EDGE('',*,*,#5289,.T.);
#7913 = ORIENTED_EDGE('',*,*,#5320,.T.);
#7914 = ORIENTED_EDGE('',*,*,#5351,.T.);
#7915 = ORIENTED_EDGE('',*,*,#5382,.T.);
#7916 = ORIENTED_EDGE('',*,*,#5413,.T.);
#7917 = ORIENTED_EDGE('',*,*,#5444,.T.);
#7918 = ORIENTED_EDGE('',*,*,#5475,.T.);
#7919 = ORIENTED_EDGE('',*,*,#5506,.T.);
#7920 = ORIENTED_EDGE('',*,*,#5537,.T.);
#7921 = FACE_BOUND('',#7922,.T.);
#7922 = EDGE_LOOP('',(#7923,#7924,#7925,#7926,#7927,#7928,#7929,#7930,
    #7931,#7932,#7933,#7934,#7935,#7936,#7937,#7938,#7939,#7940,#7941));
#7923 = ORIENTED_EDGE('',*,*,#4348,.T.);
#7924 = ORIENTED_EDGE('',*,*,#4388,.T.);
#7925 = ORIENTED_EDGE('',*,*,#4429,.T.);
#7926 = ORIENTED_EDGE('',*,*,#4470,.T.);
#7927 = ORIENTED_EDGE('',*,*,#4511,.T.);
#7928 = ORIENTED_EDGE('',*,*,#4552,.T.);
#7929 = ORIENTED_EDGE('',*,*,#4593,.T.);
#7930 = ORIENTED_EDGE('',*,*,#4624,.T.);
#7931 = ORIENTED_EDGE('',*,*,#4655,.T.);
#7932 = ORIENTED_EDGE('',*,*,#4686,.T.);
#7933 = ORIENTED_EDGE('',*,*,#4727,.T.);
#7934 = ORIENTED_EDGE('',*,*,#4768,.T.);
#7935 = ORIENTED_EDGE('',*,*,#4809,.T.);
#7936 = ORIENTED_EDGE('',*,*,#4850,.T.);
#7937 = ORIENTED_EDGE('',*,*,#4891,.T.);
#7938 = ORIENTED_EDGE('',*,*,#4932,.T.);
#7939 = ORIENTED_EDGE('',*,*,#4963,.T.);
#7940 = ORIENTED_EDGE('',*,*,#4994,.T.);
#7941 = ORIENTED_EDGE('',*,*,#5025,.T.);
#7942 = FACE_BOUND('',#7943,.T.);
#7943 = EDGE_LOOP('',(#7944,#7945,#7946,#7947,#7948,#7949,#7950,#7951,
    #7952,#7953));
#7944 = ORIENTED_EDGE('',*,*,#4020,.T.);
#7945 = ORIENTED_EDGE('',*,*,#4060,.T.);
#7946 = ORIENTED_EDGE('',*,*,#4091,.T.);
#7947 = ORIENTED_EDGE('',*,*,#4122,.T.);
#7948 = ORIENTED_EDGE('',*,*,#4153,.T.);
#7949 = ORIENTED_EDGE('',*,*,#4184,.T.);
#7950 = ORIENTED_EDGE('',*,*,#4215,.T.);
#7951 = ORIENTED_EDGE('',*,*,#4246,.T.);
#7952 = ORIENTED_EDGE('',*,*,#4277,.T.);
#7953 = ORIENTED_EDGE('',*,*,#4308,.T.);
#7954 = FACE_BOUND('',#7955,.T.);
#7955 = EDGE_LOOP('',(#7956,#7957,#7958,#7959,#7960,#7961,#7962,#7963,
    #7964,#7965,#7966,#7967,#7968,#7969,#7970));
#7956 = ORIENTED_EDGE('',*,*,#3382,.T.);
#7957 = ORIENTED_EDGE('',*,*,#3422,.T.);
#7958 = ORIENTED_EDGE('',*,*,#3463,.T.);
#7959 = ORIENTED_EDGE('',*,*,#3504,.T.);
#7960 = ORIENTED_EDGE('',*,*,#3545,.T.);
#7961 = ORIENTED_EDGE('',*,*,#3586,.T.);
#7962 = ORIENTED_EDGE('',*,*,#3627,.T.);
#7963 = ORIENTED_EDGE('',*,*,#3668,.T.);
#7964 = ORIENTED_EDGE('',*,*,#3709,.T.);
#7965 = ORIENTED_EDGE('',*,*,#3750,.T.);
#7966 = ORIENTED_EDGE('',*,*,#3791,.T.);
#7967 = ORIENTED_EDGE('',*,*,#3822,.T.);
#7968 = ORIENTED_EDGE('',*,*,#3863,.T.);
#7969 = ORIENTED_EDGE('',*,*,#3904,.T.);
#7970 = ORIENTED_EDGE('',*,*,#3945,.T.);
#7971 = FACE_BOUND('',#7972,.T.);
#7972 = EDGE_LOOP('',(#7973,#7974,#7975,#7976,#7977,#7978,#7979,#7980,
    #7981,#7982,#7983,#7984,#7985));
#7973 = ORIENTED_EDGE('',*,*,#1757,.T.);
#7974 = ORIENTED_EDGE('',*,*,#1797,.T.);
#7975 = ORIENTED_EDGE('',*,*,#1828,.T.);
#7976 = ORIENTED_EDGE('',*,*,#1859,.T.);
#7977 = ORIENTED_EDGE('',*,*,#1890,.T.);
#7978 = ORIENTED_EDGE('',*,*,#1931,.T.);
#7979 = ORIENTED_EDGE('',*,*,#1972,.T.);
#7980 = ORIENTED_EDGE('',*,*,#2013,.T.);
#7981 = ORIENTED_EDGE('',*,*,#2054,.T.);
#7982 = ORIENTED_EDGE('',*,*,#2095,.T.);
#7983 = ORIENTED_EDGE('',*,*,#2136,.T.);
#7984 = ORIENTED_EDGE('',*,*,#2177,.T.);
#7985 = ORIENTED_EDGE('',*,*,#2218,.T.);
#7986 = FACE_BOUND('',#7987,.T.);
#7987 = EDGE_LOOP('',(#7988,#7989,#7990,#7991,#7992,#7993,#7994,#7995,
    #7996,#7997,#7998,#7999,#8000,#8001,#8002));
#7988 = ORIENTED_EDGE('',*,*,#21,.T.);
#7989 = ORIENTED_EDGE('',*,*,#61,.T.);
#7990 = ORIENTED_EDGE('',*,*,#92,.T.);
#7991 = ORIENTED_EDGE('',*,*,#123,.T.);
#7992 = ORIENTED_EDGE('',*,*,#164,.T.);
#7993 = ORIENTED_EDGE('',*,*,#205,.T.);
#7994 = ORIENTED_EDGE('',*,*,#236,.T.);
#7995 = ORIENTED_EDGE('',*,*,#267,.T.);
#7996 = ORIENTED_EDGE('',*,*,#298,.T.);
#7997 = ORIENTED_EDGE('',*,*,#329,.T.);
#7998 = ORIENTED_EDGE('',*,*,#360,.T.);
#7999 = ORIENTED_EDGE('',*,*,#391,.T.);
#8000 = ORIENTED_EDGE('',*,*,#422,.T.);
#8001 = ORIENTED_EDGE('',*,*,#453,.T.);
#8002 = ORIENTED_EDGE('',*,*,#484,.T.);
#8003 = PLANE('',#8004);
#8004 = AXIS2_PLACEMENT_3D('',#8005,#8006,#8007);
#8005 = CARTESIAN_POINT('',(68.011056724889,53.,72.889170637168));
#8006 = DIRECTION('',(0.,1.,0.));
#8007 = DIRECTION('',(-1.,0.,0.));
#8008 = ADVANCED_FACE('',(#8009),#8047,.T.);
#8009 = FACE_BOUND('',#8010,.T.);
#8010 = EDGE_LOOP('',(#8011,#8023,#8031,#8041));
#8011 = ORIENTED_EDGE('',*,*,#8012,.F.);
#8012 = EDGE_CURVE('',#8013,#8015,#8017,.T.);
#8013 = VERTEX_POINT('',#8014);
#8014 = CARTESIAN_POINT('',(34.376420294335,53.,71.742492958306));
#8015 = VERTEX_POINT('',#8016);
#8016 = CARTESIAN_POINT('',(32.370193938673,53.,72.203000123583));
#8017 = B_SPLINE_CURVE_WITH_KNOTS('',3,(#8018,#8019,#8020,#8021,#8022),
  .UNSPECIFIED.,.F.,.F.,(4,1,4),(0.,8.728911203952E-02,0.206169860846),
  .UNSPECIFIED.);
#8018 = CARTESIAN_POINT('',(34.376420294335,53.,71.742492958306));
#8019 = CARTESIAN_POINT('',(34.099382147072,53.,71.833014455693));
#8020 = CARTESIAN_POINT('',(33.445040328996,53.,72.046818950708));
#8021 = CARTESIAN_POINT('',(32.76329747375,53.,72.14587998835));
#8022 = CARTESIAN_POINT('',(32.370193938673,53.,72.203000123583));
#8023 = ORIENTED_EDGE('',*,*,#8024,.T.);
#8024 = EDGE_CURVE('',#8013,#8025,#8027,.T.);
#8025 = VERTEX_POINT('',#8026);
#8026 = CARTESIAN_POINT('',(34.376420294335,54.,71.742492958306));
#8027 = LINE('',#8028,#8029);
#8028 = CARTESIAN_POINT('',(34.376420294335,53.,71.742492958306));
#8029 = VECTOR('',#8030,1.);
#8030 = DIRECTION('',(0.,1.,0.));
#8031 = ORIENTED_EDGE('',*,*,#8032,.F.);
#8032 = EDGE_CURVE('',#8033,#8025,#8035,.T.);
#8033 = VERTEX_POINT('',#8034);
#8034 = CARTESIAN_POINT('',(32.370193938673,54.,72.203000123583));
#8035 = B_SPLINE_CURVE_WITH_KNOTS('',3,(#8036,#8037,#8038,#8039,#8040),
  .UNSPECIFIED.,.F.,.F.,(4,1,4),(-0.206169860846,-8.728911203952E-02,0.)
  ,.UNSPECIFIED.);
#8036 = CARTESIAN_POINT('',(32.370193938673,54.,72.203000123583));
#8037 = CARTESIAN_POINT('',(32.76329747375,54.,72.14587998835));
#8038 = CARTESIAN_POINT('',(33.445040328996,54.,72.046818950708));
#8039 = CARTESIAN_POINT('',(34.099382147072,54.,71.833014455693));
#8040 = CARTESIAN_POINT('',(34.376420294335,54.,71.742492958306));
#8041 = ORIENTED_EDGE('',*,*,#8042,.F.);
#8042 = EDGE_CURVE('',#8015,#8033,#8043,.T.);
#8043 = LINE('',#8044,#8045);
#8044 = CARTESIAN_POINT('',(32.370193938673,53.,72.203000123583));
#8045 = VECTOR('',#8046,1.);
#8046 = DIRECTION('',(0.,1.,0.));
#8047 = B_SPLINE_SURFACE_WITH_KNOTS('',3,1,(
    (#8048,#8049)
    ,(#8050,#8051)
    ,(#8052,#8053)
    ,(#8054,#8055)
    ,(#8056,#8057
    )),.UNSPECIFIED.,.F.,.F.,.F.,(4,1,4),(2,2),(-0.206169860846,
    -8.728911203952E-02,0.),(0.,1.E-01),.UNSPECIFIED.);
#8048 = CARTESIAN_POINT('',(32.370193938673,53.,72.203000123583));
#8049 = CARTESIAN_POINT('',(32.370193938673,54.,72.203000123583));
#8050 = CARTESIAN_POINT('',(32.76329747375,53.,72.14587998835));
#8051 = CARTESIAN_POINT('',(32.76329747375,54.,72.14587998835));
#8052 = CARTESIAN_POINT('',(33.445040328996,53.,72.046818950708));
#8053 = CARTESIAN_POINT('',(33.445040328996,54.,72.046818950708));
#8054 = CARTESIAN_POINT('',(34.099382147072,53.,71.833014455693));
#8055 = CARTESIAN_POINT('',(34.099382147072,54.,71.833014455693));
#8056 = CARTESIAN_POINT('',(34.376420294335,53.,71.742492958306));
#8057 = CARTESIAN_POINT('',(34.376420294335,54.,71.742492958306));
#8058 = ADVANCED_FACE('',(#8059),#8088,.T.);
#8059 = FACE_BOUND('',#8060,.T.);
#8060 = EDGE_LOOP('',(#8061,#8071,#8072,#8082));
#8061 = ORIENTED_EDGE('',*,*,#8062,.F.);
#8062 = EDGE_CURVE('',#8015,#8063,#8065,.T.);
#8063 = VERTEX_POINT('',#8064);
#8064 = CARTESIAN_POINT('',(31.298845985702,53.,72.446782105917));
#8065 = B_SPLINE_CURVE_WITH_KNOTS('',3,(#8066,#8067,#8068,#8069,#8070),
  .UNSPECIFIED.,.F.,.F.,(4,1,4),(0.,6.566362646358E-02,0.110059955699),
  .UNSPECIFIED.);
#8066 = CARTESIAN_POINT('',(32.370193938673,53.,72.203000123583));
#8067 = CARTESIAN_POINT('',(32.15288591444,53.,72.233762027466));
#8068 = CARTESIAN_POINT('',(31.78865212462,53.,72.285322593963));
#8069 = CARTESIAN_POINT('',(31.439634006171,53.,72.400372795645));
#8070 = CARTESIAN_POINT('',(31.298845985702,53.,72.446782105917));
#8071 = ORIENTED_EDGE('',*,*,#8042,.T.);
#8072 = ORIENTED_EDGE('',*,*,#8073,.F.);
#8073 = EDGE_CURVE('',#8074,#8033,#8076,.T.);
#8074 = VERTEX_POINT('',#8075);
#8075 = CARTESIAN_POINT('',(31.298845985702,54.,72.446782105917));
#8076 = B_SPLINE_CURVE_WITH_KNOTS('',3,(#8077,#8078,#8079,#8080,#8081),
  .UNSPECIFIED.,.F.,.F.,(4,1,4),(-0.110059955699,-6.566362646358E-02,0.)
  ,.UNSPECIFIED.);
#8077 = CARTESIAN_POINT('',(31.298845985702,54.,72.446782105917));
#8078 = CARTESIAN_POINT('',(31.439634006171,54.,72.400372795645));
#8079 = CARTESIAN_POINT('',(31.78865212462,54.,72.285322593963));
#8080 = CARTESIAN_POINT('',(32.15288591444,54.,72.233762027466));
#8081 = CARTESIAN_POINT('',(32.370193938673,54.,72.203000123583));
#8082 = ORIENTED_EDGE('',*,*,#8083,.F.);
#8083 = EDGE_CURVE('',#8063,#8074,#8084,.T.);
#8084 = LINE('',#8085,#8086);
#8085 = CARTESIAN_POINT('',(31.298845985702,53.,72.446782105917));
#8086 = VECTOR('',#8087,1.);
#8087 = DIRECTION('',(0.,1.,0.));
#8088 = B_SPLINE_SURFACE_WITH_KNOTS('',3,1,(
    (#8089,#8090)
    ,(#8091,#8092)
    ,(#8093,#8094)
    ,(#8095,#8096)
    ,(#8097,#8098
    )),.UNSPECIFIED.,.F.,.F.,.F.,(4,1,4),(2,2),(-0.110059955699,
    -6.566362646358E-02,0.),(0.,1.E-01),.UNSPECIFIED.);
#8089 = CARTESIAN_POINT('',(31.298845985702,53.,72.446782105917));
#8090 = CARTESIAN_POINT('',(31.298845985702,54.,72.446782105917));
#8091 = CARTESIAN_POINT('',(31.439634006171,53.,72.400372795645));
#8092 = CARTESIAN_POINT('',(31.439634006171,54.,72.400372795645));
#8093 = CARTESIAN_POINT('',(31.78865212462,53.,72.285322593963));
#8094 = CARTESIAN_POINT('',(31.78865212462,54.,72.285322593963));
#8095 = CARTESIAN_POINT('',(32.15288591444,53.,72.233762027466));
#8096 = CARTESIAN_POINT('',(32.15288591444,54.,72.233762027466));
#8097 = CARTESIAN_POINT('',(32.370193938673,53.,72.203000123583));
#8098 = CARTESIAN_POINT('',(32.370193938673,54.,72.203000123583));
#8099 = ADVANCED_FACE('',(#8100),#8129,.T.);
#8100 = FACE_BOUND('',#8101,.T.);
#8101 = EDGE_LOOP('',(#8102,#8112,#8113,#8123));
#8102 = ORIENTED_EDGE('',*,*,#8103,.F.);
#8103 = EDGE_CURVE('',#8063,#8104,#8106,.T.);
#8104 = VERTEX_POINT('',#8105);
#8105 = CARTESIAN_POINT('',(30.813870542906,53.,72.845019775205));
#8106 = B_SPLINE_CURVE_WITH_KNOTS('',3,(#8107,#8108,#8109,#8110,#8111),
  .UNSPECIFIED.,.F.,.F.,(4,1,4),(0.,3.2477876792E-02,6.345714139506E-02)
  ,.UNSPECIFIED.);
#8107 = CARTESIAN_POINT('',(31.298845985702,53.,72.446782105917));
#8108 = CARTESIAN_POINT('',(31.200849509362,53.,72.496274697874));
#8109 = CARTESIAN_POINT('',(31.009378364401,53.,72.592976167183));
#8110 = CARTESIAN_POINT('',(30.878005644936,53.,72.762338466636));
#8111 = CARTESIAN_POINT('',(30.813870542906,53.,72.845019775205));
#8112 = ORIENTED_EDGE('',*,*,#8083,.T.);
#8113 = ORIENTED_EDGE('',*,*,#8114,.F.);
#8114 = EDGE_CURVE('',#8115,#8074,#8117,.T.);
#8115 = VERTEX_POINT('',#8116);
#8116 = CARTESIAN_POINT('',(30.813870542906,54.,72.845019775205));
#8117 = B_SPLINE_CURVE_WITH_KNOTS('',3,(#8118,#8119,#8120,#8121,#8122),
  .UNSPECIFIED.,.F.,.F.,(4,1,4),(-6.345714139506E-02,-3.2477876792E-02,
    0.),.UNSPECIFIED.);
#8118 = CARTESIAN_POINT('',(30.813870542906,54.,72.845019775205));
#8119 = CARTESIAN_POINT('',(30.878005644936,54.,72.762338466636));
#8120 = CARTESIAN_POINT('',(31.009378364401,54.,72.592976167183));
#8121 = CARTESIAN_POINT('',(31.200849509362,54.,72.496274697874));
#8122 = CARTESIAN_POINT('',(31.298845985702,54.,72.446782105917));
#8123 = ORIENTED_EDGE('',*,*,#8124,.F.);
#8124 = EDGE_CURVE('',#8104,#8115,#8125,.T.);
#8125 = LINE('',#8126,#8127);
#8126 = CARTESIAN_POINT('',(30.813870542906,53.,72.845019775205));
#8127 = VECTOR('',#8128,1.);
#8128 = DIRECTION('',(0.,1.,0.));
#8129 = B_SPLINE_SURFACE_WITH_KNOTS('',3,1,(
    (#8130,#8131)
    ,(#8132,#8133)
    ,(#8134,#8135)
    ,(#8136,#8137)
    ,(#8138,#8139
    )),.UNSPECIFIED.,.F.,.F.,.F.,(4,1,4),(2,2),(-6.345714139506E-02,
    -3.2477876792E-02,0.),(0.,1.E-01),.UNSPECIFIED.);
#8130 = CARTESIAN_POINT('',(30.813870542906,53.,72.845019775205));
#8131 = CARTESIAN_POINT('',(30.813870542906,54.,72.845019775205));
#8132 = CARTESIAN_POINT('',(30.878005644936,53.,72.762338466636));
#8133 = CARTESIAN_POINT('',(30.878005644936,54.,72.762338466636));
#8134 = CARTESIAN_POINT('',(31.009378364401,53.,72.592976167183));
#8135 = CARTESIAN_POINT('',(31.009378364401,54.,72.592976167183));
#8136 = CARTESIAN_POINT('',(31.200849509362,53.,72.496274697874));
#8137 = CARTESIAN_POINT('',(31.200849509362,54.,72.496274697874));
#8138 = CARTESIAN_POINT('',(31.298845985702,53.,72.446782105917));
#8139 = CARTESIAN_POINT('',(31.298845985702,54.,72.446782105917));
#8140 = ADVANCED_FACE('',(#8141),#8170,.T.);
#8141 = FACE_BOUND('',#8142,.T.);
#8142 = EDGE_LOOP('',(#8143,#8153,#8154,#8164));
#8143 = ORIENTED_EDGE('',*,*,#8144,.F.);
#8144 = EDGE_CURVE('',#8104,#8145,#8147,.T.);
#8145 = VERTEX_POINT('',#8146);
#8146 = CARTESIAN_POINT('',(30.642367070386,53.,73.427955697157));
#8147 = B_SPLINE_CURVE_WITH_KNOTS('',3,(#8148,#8149,#8150,#8151,#8152),
  .UNSPECIFIED.,.F.,.F.,(4,1,4),(0.,3.05206154922E-02,6.14266514042E-02)
  ,.UNSPECIFIED.);
#8148 = CARTESIAN_POINT('',(30.813870542906,53.,72.845019775205));
#8149 = CARTESIAN_POINT('',(30.763982621295,53.,72.935223923377));
#8150 = CARTESIAN_POINT('',(30.663576783449,53.,73.116771335696));
#8151 = CARTESIAN_POINT('',(30.649466486342,53.,73.323794588777));
#8152 = CARTESIAN_POINT('',(30.642367070386,53.,73.427955697157));
#8153 = ORIENTED_EDGE('',*,*,#8124,.T.);
#8154 = ORIENTED_EDGE('',*,*,#8155,.F.);
#8155 = EDGE_CURVE('',#8156,#8115,#8158,.T.);
#8156 = VERTEX_POINT('',#8157);
#8157 = CARTESIAN_POINT('',(30.642367070386,54.,73.427955697157));
#8158 = B_SPLINE_CURVE_WITH_KNOTS('',3,(#8159,#8160,#8161,#8162,#8163),
  .UNSPECIFIED.,.F.,.F.,(4,1,4),(-6.14266514042E-02,-3.05206154922E-02,
    0.),.UNSPECIFIED.);
#8159 = CARTESIAN_POINT('',(30.642367070386,54.,73.427955697157));
#8160 = CARTESIAN_POINT('',(30.649466486342,54.,73.323794588777));
#8161 = CARTESIAN_POINT('',(30.663576783449,54.,73.116771335696));
#8162 = CARTESIAN_POINT('',(30.763982621295,54.,72.935223923377));
#8163 = CARTESIAN_POINT('',(30.813870542906,54.,72.845019775205));
#8164 = ORIENTED_EDGE('',*,*,#8165,.F.);
#8165 = EDGE_CURVE('',#8145,#8156,#8166,.T.);
#8166 = LINE('',#8167,#8168);
#8167 = CARTESIAN_POINT('',(30.642367070386,53.,73.427955697157));
#8168 = VECTOR('',#8169,1.);
#8169 = DIRECTION('',(0.,1.,0.));
#8170 = B_SPLINE_SURFACE_WITH_KNOTS('',3,1,(
    (#8171,#8172)
    ,(#8173,#8174)
    ,(#8175,#8176)
    ,(#8177,#8178)
    ,(#8179,#8180
    )),.UNSPECIFIED.,.F.,.F.,.F.,(4,1,4),(2,2),(-6.14266514042E-02,
    -3.05206154922E-02,0.),(0.,1.E-01),.UNSPECIFIED.);
#8171 = CARTESIAN_POINT('',(30.642367070386,53.,73.427955697157));
#8172 = CARTESIAN_POINT('',(30.642367070386,54.,73.427955697157));
#8173 = CARTESIAN_POINT('',(30.649466486342,53.,73.323794588777));
#8174 = CARTESIAN_POINT('',(30.649466486342,54.,73.323794588777));
#8175 = CARTESIAN_POINT('',(30.663576783449,53.,73.116771335696));
#8176 = CARTESIAN_POINT('',(30.663576783449,54.,73.116771335696));
#8177 = CARTESIAN_POINT('',(30.763982621295,53.,72.935223923377));
#8178 = CARTESIAN_POINT('',(30.763982621295,54.,72.935223923377));
#8179 = CARTESIAN_POINT('',(30.813870542906,53.,72.845019775205));
#8180 = CARTESIAN_POINT('',(30.813870542906,54.,72.845019775205));
#8181 = ADVANCED_FACE('',(#8182),#8211,.T.);
#8182 = FACE_BOUND('',#8183,.T.);
#8183 = EDGE_LOOP('',(#8184,#8194,#8195,#8205));
#8184 = ORIENTED_EDGE('',*,*,#8185,.F.);
#8185 = EDGE_CURVE('',#8145,#8186,#8188,.T.);
#8186 = VERTEX_POINT('',#8187);
#8187 = CARTESIAN_POINT('',(31.01276353938,53.,74.247126629325));
#8188 = B_SPLINE_CURVE_WITH_KNOTS('',3,(#8189,#8190,#8191,#8192,#8193),
  .UNSPECIFIED.,.F.,.F.,(4,1,4),(0.,4.596966644127E-02,
    9.216727169553E-02),.UNSPECIFIED.);
#8189 = CARTESIAN_POINT('',(30.642367070386,53.,73.427955697157));
#8190 = CARTESIAN_POINT('',(30.657748376674,53.,73.585004700371));
#8191 = CARTESIAN_POINT('',(30.688587256862,53.,73.899881428206));
#8192 = CARTESIAN_POINT('',(30.90452676526,53.,74.131187547953));
#8193 = CARTESIAN_POINT('',(31.01276353938,53.,74.247126629325));
#8194 = ORIENTED_EDGE('',*,*,#8165,.T.);
#8195 = ORIENTED_EDGE('',*,*,#8196,.F.);
#8196 = EDGE_CURVE('',#8197,#8156,#8199,.T.);
#8197 = VERTEX_POINT('',#8198);
#8198 = CARTESIAN_POINT('',(31.01276353938,54.,74.247126629325));
#8199 = B_SPLINE_CURVE_WITH_KNOTS('',3,(#8200,#8201,#8202,#8203,#8204),
  .UNSPECIFIED.,.F.,.F.,(4,1,4),(-9.216727169553E-02,-4.596966644127E-02
    ,0.),.UNSPECIFIED.);
#8200 = CARTESIAN_POINT('',(31.01276353938,54.,74.247126629325));
#8201 = CARTESIAN_POINT('',(30.90452676526,54.,74.131187547953));
#8202 = CARTESIAN_POINT('',(30.688587256862,54.,73.899881428206));
#8203 = CARTESIAN_POINT('',(30.657748376674,54.,73.585004700371));
#8204 = CARTESIAN_POINT('',(30.642367070386,54.,73.427955697157));
#8205 = ORIENTED_EDGE('',*,*,#8206,.F.);
#8206 = EDGE_CURVE('',#8186,#8197,#8207,.T.);
#8207 = LINE('',#8208,#8209);
#8208 = CARTESIAN_POINT('',(31.01276353938,53.,74.247126629325));
#8209 = VECTOR('',#8210,1.);
#8210 = DIRECTION('',(0.,1.,0.));
#8211 = B_SPLINE_SURFACE_WITH_KNOTS('',3,1,(
    (#8212,#8213)
    ,(#8214,#8215)
    ,(#8216,#8217)
    ,(#8218,#8219)
    ,(#8220,#8221
    )),.UNSPECIFIED.,.F.,.F.,.F.,(4,1,4),(2,2),(-9.216727169553E-02,
    -4.596966644127E-02,0.),(0.,1.E-01),.UNSPECIFIED.);
#8212 = CARTESIAN_POINT('',(31.01276353938,53.,74.247126629325));
#8213 = CARTESIAN_POINT('',(31.01276353938,54.,74.247126629325));
#8214 = CARTESIAN_POINT('',(30.90452676526,53.,74.131187547953));
#8215 = CARTESIAN_POINT('',(30.90452676526,54.,74.131187547953));
#8216 = CARTESIAN_POINT('',(30.688587256862,53.,73.899881428206));
#8217 = CARTESIAN_POINT('',(30.688587256862,54.,73.899881428206));
#8218 = CARTESIAN_POINT('',(30.657748376674,53.,73.585004700371));
#8219 = CARTESIAN_POINT('',(30.657748376674,54.,73.585004700371));
#8220 = CARTESIAN_POINT('',(30.642367070386,53.,73.427955697157));
#8221 = CARTESIAN_POINT('',(30.642367070386,54.,73.427955697157));
#8222 = ADVANCED_FACE('',(#8223),#8252,.T.);
#8223 = FACE_BOUND('',#8224,.T.);
#8224 = EDGE_LOOP('',(#8225,#8235,#8236,#8246));
#8225 = ORIENTED_EDGE('',*,*,#8226,.F.);
#8226 = EDGE_CURVE('',#8186,#8227,#8229,.T.);
#8227 = VERTEX_POINT('',#8228);
#8228 = CARTESIAN_POINT('',(32.100211345675,53.,74.576360643741));
#8229 = B_SPLINE_CURVE_WITH_KNOTS('',3,(#8230,#8231,#8232,#8233,#8234),
  .UNSPECIFIED.,.F.,.F.,(4,1,4),(0.,5.195727021269E-02,0.115498359848),
  .UNSPECIFIED.);
#8230 = CARTESIAN_POINT('',(31.01276353938,53.,74.247126629325));
#8231 = CARTESIAN_POINT('',(31.160929756912,53.,74.342622605815));
#8232 = CARTESIAN_POINT('',(31.490295696265,53.,74.554905287558));
#8233 = CARTESIAN_POINT('',(31.883752319125,53.,74.568746139148));
#8234 = CARTESIAN_POINT('',(32.100211345675,53.,74.576360643741));
#8235 = ORIENTED_EDGE('',*,*,#8206,.T.);
#8236 = ORIENTED_EDGE('',*,*,#8237,.F.);
#8237 = EDGE_CURVE('',#8238,#8197,#8240,.T.);
#8238 = VERTEX_POINT('',#8239);
#8239 = CARTESIAN_POINT('',(32.100211345675,54.,74.576360643741));
#8240 = B_SPLINE_CURVE_WITH_KNOTS('',3,(#8241,#8242,#8243,#8244,#8245),
  .UNSPECIFIED.,.F.,.F.,(4,1,4),(-0.115498359848,-5.195727021269E-02,0.)
  ,.UNSPECIFIED.);
#8241 = CARTESIAN_POINT('',(32.100211345675,54.,74.576360643741));
#8242 = CARTESIAN_POINT('',(31.883752319125,54.,74.568746139148));
#8243 = CARTESIAN_POINT('',(31.490295696265,54.,74.554905287558));
#8244 = CARTESIAN_POINT('',(31.160929756912,54.,74.342622605815));
#8245 = CARTESIAN_POINT('',(31.01276353938,54.,74.247126629325));
#8246 = ORIENTED_EDGE('',*,*,#8247,.F.);
#8247 = EDGE_CURVE('',#8227,#8238,#8248,.T.);
#8248 = LINE('',#8249,#8250);
#8249 = CARTESIAN_POINT('',(32.100211345675,53.,74.576360643741));
#8250 = VECTOR('',#8251,1.);
#8251 = DIRECTION('',(0.,1.,0.));
#8252 = B_SPLINE_SURFACE_WITH_KNOTS('',3,1,(
    (#8253,#8254)
    ,(#8255,#8256)
    ,(#8257,#8258)
    ,(#8259,#8260)
    ,(#8261,#8262
    )),.UNSPECIFIED.,.F.,.F.,.F.,(4,1,4),(2,2),(-0.115498359848,
    -5.195727021269E-02,0.),(0.,1.E-01),.UNSPECIFIED.);
#8253 = CARTESIAN_POINT('',(32.100211345675,53.,74.576360643741));
#8254 = CARTESIAN_POINT('',(32.100211345675,54.,74.576360643741));
#8255 = CARTESIAN_POINT('',(31.883752319125,53.,74.568746139148));
#8256 = CARTESIAN_POINT('',(31.883752319125,54.,74.568746139148));
#8257 = CARTESIAN_POINT('',(31.490295696265,53.,74.554905287558));
#8258 = CARTESIAN_POINT('',(31.490295696265,54.,74.554905287558));
#8259 = CARTESIAN_POINT('',(31.160929756912,53.,74.342622605815));
#8260 = CARTESIAN_POINT('',(31.160929756912,54.,74.342622605815));
#8261 = CARTESIAN_POINT('',(31.01276353938,53.,74.247126629325));
#8262 = CARTESIAN_POINT('',(31.01276353938,54.,74.247126629325));
#8263 = ADVANCED_FACE('',(#8264),#8293,.T.);
#8264 = FACE_BOUND('',#8265,.T.);
#8265 = EDGE_LOOP('',(#8266,#8276,#8277,#8287));
#8266 = ORIENTED_EDGE('',*,*,#8267,.F.);
#8267 = EDGE_CURVE('',#8227,#8268,#8270,.T.);
#8268 = VERTEX_POINT('',#8269);
#8269 = CARTESIAN_POINT('',(33.362664074294,53.,74.26809405507));
#8270 = B_SPLINE_CURVE_WITH_KNOTS('',3,(#8271,#8272,#8273,#8274,#8275),
  .UNSPECIFIED.,.F.,.F.,(4,1,4),(0.,6.746677569471E-02,0.131055206682),
  .UNSPECIFIED.);
#8271 = CARTESIAN_POINT('',(32.100211345675,53.,74.576360643741));
#8272 = CARTESIAN_POINT('',(32.327260785491,53.,74.565407538714));
#8273 = CARTESIAN_POINT('',(32.768307670504,53.,74.544130970678));
#8274 = CARTESIAN_POINT('',(33.168492861627,53.,74.358272981893));
#8275 = CARTESIAN_POINT('',(33.362664074294,53.,74.26809405507));
#8276 = ORIENTED_EDGE('',*,*,#8247,.T.);
#8277 = ORIENTED_EDGE('',*,*,#8278,.F.);
#8278 = EDGE_CURVE('',#8279,#8238,#8281,.T.);
#8279 = VERTEX_POINT('',#8280);
#8280 = CARTESIAN_POINT('',(33.362664074294,54.,74.26809405507));
#8281 = B_SPLINE_CURVE_WITH_KNOTS('',3,(#8282,#8283,#8284,#8285,#8286),
  .UNSPECIFIED.,.F.,.F.,(4,1,4),(-0.131055206682,-6.746677569471E-02,0.)
  ,.UNSPECIFIED.);
#8282 = CARTESIAN_POINT('',(33.362664074294,54.,74.26809405507));
#8283 = CARTESIAN_POINT('',(33.168492861627,54.,74.358272981893));
#8284 = CARTESIAN_POINT('',(32.768307670504,54.,74.544130970678));
#8285 = CARTESIAN_POINT('',(32.327260785491,54.,74.565407538714));
#8286 = CARTESIAN_POINT('',(32.100211345675,54.,74.576360643741));
#8287 = ORIENTED_EDGE('',*,*,#8288,.F.);
#8288 = EDGE_CURVE('',#8268,#8279,#8289,.T.);
#8289 = LINE('',#8290,#8291);
#8290 = CARTESIAN_POINT('',(33.362664074294,53.,74.26809405507));
#8291 = VECTOR('',#8292,1.);
#8292 = DIRECTION('',(0.,1.,0.));
#8293 = B_SPLINE_SURFACE_WITH_KNOTS('',3,1,(
    (#8294,#8295)
    ,(#8296,#8297)
    ,(#8298,#8299)
    ,(#8300,#8301)
    ,(#8302,#8303
    )),.UNSPECIFIED.,.F.,.F.,.F.,(4,1,4),(2,2),(-0.131055206682,
    -6.746677569471E-02,0.),(0.,1.E-01),.UNSPECIFIED.);
#8294 = CARTESIAN_POINT('',(33.362664074294,53.,74.26809405507));
#8295 = CARTESIAN_POINT('',(33.362664074294,54.,74.26809405507));
#8296 = CARTESIAN_POINT('',(33.168492861627,53.,74.358272981893));
#8297 = CARTESIAN_POINT('',(33.168492861627,54.,74.358272981893));
#8298 = CARTESIAN_POINT('',(32.768307670504,53.,74.544130970678));
#8299 = CARTESIAN_POINT('',(32.768307670504,54.,74.544130970678));
#8300 = CARTESIAN_POINT('',(32.327260785491,53.,74.565407538714));
#8301 = CARTESIAN_POINT('',(32.327260785491,54.,74.565407538714));
#8302 = CARTESIAN_POINT('',(32.100211345675,53.,74.576360643741));
#8303 = CARTESIAN_POINT('',(32.100211345675,54.,74.576360643741));
#8304 = ADVANCED_FACE('',(#8305),#8334,.T.);
#8305 = FACE_BOUND('',#8306,.T.);
#8306 = EDGE_LOOP('',(#8307,#8317,#8318,#8328));
#8307 = ORIENTED_EDGE('',*,*,#8308,.F.);
#8308 = EDGE_CURVE('',#8268,#8309,#8311,.T.);
#8309 = VERTEX_POINT('',#8310);
#8310 = CARTESIAN_POINT('',(34.175810222621,53.,73.420196465707));
#8311 = B_SPLINE_CURVE_WITH_KNOTS('',3,(#8312,#8313,#8314,#8315,#8316),
  .UNSPECIFIED.,.F.,.F.,(4,1,4),(0.,6.038901388346E-02,0.118926774746),
  .UNSPECIFIED.);
#8312 = CARTESIAN_POINT('',(33.362664074294,53.,74.26809405507));
#8313 = CARTESIAN_POINT('',(33.534103556647,53.,74.156839271568));
#8314 = CARTESIAN_POINT('',(33.871726965099,53.,73.937740271169));
#8315 = CARTESIAN_POINT('',(34.075506503064,53.,73.590911450626));
#8316 = CARTESIAN_POINT('',(34.175810222621,53.,73.420196465707));
#8317 = ORIENTED_EDGE('',*,*,#8288,.T.);
#8318 = ORIENTED_EDGE('',*,*,#8319,.F.);
#8319 = EDGE_CURVE('',#8320,#8279,#8322,.T.);
#8320 = VERTEX_POINT('',#8321);
#8321 = CARTESIAN_POINT('',(34.175810222621,54.,73.420196465707));
#8322 = B_SPLINE_CURVE_WITH_KNOTS('',3,(#8323,#8324,#8325,#8326,#8327),
  .UNSPECIFIED.,.F.,.F.,(4,1,4),(-0.118926774746,-6.038901388346E-02,0.)
  ,.UNSPECIFIED.);
#8323 = CARTESIAN_POINT('',(34.175810222621,54.,73.420196465707));
#8324 = CARTESIAN_POINT('',(34.075506503064,54.,73.590911450626));
#8325 = CARTESIAN_POINT('',(33.871726965099,54.,73.937740271169));
#8326 = CARTESIAN_POINT('',(33.534103556647,54.,74.156839271568));
#8327 = CARTESIAN_POINT('',(33.362664074294,54.,74.26809405507));
#8328 = ORIENTED_EDGE('',*,*,#8329,.F.);
#8329 = EDGE_CURVE('',#8309,#8320,#8330,.T.);
#8330 = LINE('',#8331,#8332);
#8331 = CARTESIAN_POINT('',(34.175810222621,53.,73.420196465707));
#8332 = VECTOR('',#8333,1.);
#8333 = DIRECTION('',(0.,1.,0.));
#8334 = B_SPLINE_SURFACE_WITH_KNOTS('',3,1,(
    (#8335,#8336)
    ,(#8337,#8338)
    ,(#8339,#8340)
    ,(#8341,#8342)
    ,(#8343,#8344
    )),.UNSPECIFIED.,.F.,.F.,.F.,(4,1,4),(2,2),(-0.118926774746,
    -6.038901388346E-02,0.),(0.,1.E-01),.UNSPECIFIED.);
#8335 = CARTESIAN_POINT('',(34.175810222621,53.,73.420196465707));
#8336 = CARTESIAN_POINT('',(34.175810222621,54.,73.420196465707));
#8337 = CARTESIAN_POINT('',(34.075506503064,53.,73.590911450626));
#8338 = CARTESIAN_POINT('',(34.075506503064,54.,73.590911450626));
#8339 = CARTESIAN_POINT('',(33.871726965099,53.,73.937740271169));
#8340 = CARTESIAN_POINT('',(33.871726965099,54.,73.937740271169));
#8341 = CARTESIAN_POINT('',(33.534103556647,53.,74.156839271568));
#8342 = CARTESIAN_POINT('',(33.534103556647,54.,74.156839271568));
#8343 = CARTESIAN_POINT('',(33.362664074294,53.,74.26809405507));
#8344 = CARTESIAN_POINT('',(33.362664074294,54.,74.26809405507));
#8345 = ADVANCED_FACE('',(#8346),#8375,.T.);
#8346 = FACE_BOUND('',#8347,.T.);
#8347 = EDGE_LOOP('',(#8348,#8358,#8359,#8369));
#8348 = ORIENTED_EDGE('',*,*,#8349,.F.);
#8349 = EDGE_CURVE('',#8309,#8350,#8352,.T.);
#8350 = VERTEX_POINT('',#8351);
#8351 = CARTESIAN_POINT('',(34.375670563549,53.,72.192696944862));
#8352 = B_SPLINE_CURVE_WITH_KNOTS('',3,(#8353,#8354,#8355,#8356,#8357),
  .UNSPECIFIED.,.F.,.F.,(4,1,4),(0.,5.359504548585E-02,0.125048784362),
  .UNSPECIFIED.);
#8353 = CARTESIAN_POINT('',(34.175810222621,53.,73.420196465707));
#8354 = CARTESIAN_POINT('',(34.233495241561,53.,73.250027610211));
#8355 = CARTESIAN_POINT('',(34.368086814885,53.,72.852987019553));
#8356 = CARTESIAN_POINT('',(34.372912903302,53.,72.432796633161));
#8357 = CARTESIAN_POINT('',(34.375670563549,53.,72.192696944862));
#8358 = ORIENTED_EDGE('',*,*,#8329,.T.);
#8359 = ORIENTED_EDGE('',*,*,#8360,.F.);
#8360 = EDGE_CURVE('',#8361,#8320,#8363,.T.);
#8361 = VERTEX_POINT('',#8362);
#8362 = CARTESIAN_POINT('',(34.375670563549,54.,72.192696944862));
#8363 = B_SPLINE_CURVE_WITH_KNOTS('',3,(#8364,#8365,#8366,#8367,#8368),
  .UNSPECIFIED.,.F.,.F.,(4,1,4),(-0.125048784362,-5.359504548585E-02,0.)
  ,.UNSPECIFIED.);
#8364 = CARTESIAN_POINT('',(34.375670563549,54.,72.192696944862));
#8365 = CARTESIAN_POINT('',(34.372912903302,54.,72.432796633161));
#8366 = CARTESIAN_POINT('',(34.368086814885,54.,72.852987019553));
#8367 = CARTESIAN_POINT('',(34.233495241561,54.,73.250027610211));
#8368 = CARTESIAN_POINT('',(34.175810222621,54.,73.420196465707));
#8369 = ORIENTED_EDGE('',*,*,#8370,.F.);
#8370 = EDGE_CURVE('',#8350,#8361,#8371,.T.);
#8371 = LINE('',#8372,#8373);
#8372 = CARTESIAN_POINT('',(34.375670563549,53.,72.192696944862));
#8373 = VECTOR('',#8374,1.);
#8374 = DIRECTION('',(0.,1.,0.));
#8375 = B_SPLINE_SURFACE_WITH_KNOTS('',3,1,(
    (#8376,#8377)
    ,(#8378,#8379)
    ,(#8380,#8381)
    ,(#8382,#8383)
    ,(#8384,#8385
    )),.UNSPECIFIED.,.F.,.F.,.F.,(4,1,4),(2,2),(-0.125048784362,
    -5.359504548585E-02,0.),(0.,1.E-01),.UNSPECIFIED.);
#8376 = CARTESIAN_POINT('',(34.375670563549,53.,72.192696944862));
#8377 = CARTESIAN_POINT('',(34.375670563549,54.,72.192696944862));
#8378 = CARTESIAN_POINT('',(34.372912903302,53.,72.432796633161));
#8379 = CARTESIAN_POINT('',(34.372912903302,54.,72.432796633161));
#8380 = CARTESIAN_POINT('',(34.368086814885,53.,72.852987019553));
#8381 = CARTESIAN_POINT('',(34.368086814885,54.,72.852987019553));
#8382 = CARTESIAN_POINT('',(34.233495241561,53.,73.250027610211));
#8383 = CARTESIAN_POINT('',(34.233495241561,54.,73.250027610211));
#8384 = CARTESIAN_POINT('',(34.175810222621,53.,73.420196465707));
#8385 = CARTESIAN_POINT('',(34.175810222621,54.,73.420196465707));
#8386 = ADVANCED_FACE('',(#8387),#8403,.T.);
#8387 = FACE_BOUND('',#8388,.T.);
#8388 = EDGE_LOOP('',(#8389,#8395,#8396,#8402));
#8389 = ORIENTED_EDGE('',*,*,#8390,.F.);
#8390 = EDGE_CURVE('',#8350,#8013,#8391,.T.);
#8391 = LINE('',#8392,#8393);
#8392 = CARTESIAN_POINT('',(34.375512146881,53.,72.287824177973));
#8393 = VECTOR('',#8394,1.);
#8394 = DIRECTION('',(1.665311211985E-03,0.,-0.999998613368));
#8395 = ORIENTED_EDGE('',*,*,#8370,.T.);
#8396 = ORIENTED_EDGE('',*,*,#8397,.F.);
#8397 = EDGE_CURVE('',#8025,#8361,#8398,.T.);
#8398 = LINE('',#8399,#8400);
#8399 = CARTESIAN_POINT('',(34.375670563549,54.,72.192696944862));
#8400 = VECTOR('',#8401,1.);
#8401 = DIRECTION('',(-1.665311211985E-03,0.,0.999998613368));
#8402 = ORIENTED_EDGE('',*,*,#8024,.F.);
#8403 = PLANE('',#8404);
#8404 = AXIS2_PLACEMENT_3D('',#8405,#8406,#8407);
#8405 = CARTESIAN_POINT('',(34.376420294335,53.,71.742492958306));
#8406 = DIRECTION('',(-0.999998613368,0.,-1.665311211985E-03));
#8407 = DIRECTION('',(-1.665311211985E-03,0.,0.999998613368));
#8408 = ADVANCED_FACE('',(#8409),#8436,.T.);
#8409 = FACE_BOUND('',#8410,.T.);
#8410 = EDGE_LOOP('',(#8411,#8412,#8420,#8430));
#8411 = ORIENTED_EDGE('',*,*,#7607,.F.);
#8412 = ORIENTED_EDGE('',*,*,#8413,.T.);
#8413 = EDGE_CURVE('',#7608,#8414,#8416,.T.);
#8414 = VERTEX_POINT('',#8415);
#8415 = CARTESIAN_POINT('',(34.47417332708,54.,74.484815340447));
#8416 = LINE('',#8417,#8418);
#8417 = CARTESIAN_POINT('',(34.47417332708,53.,74.484815340447));
#8418 = VECTOR('',#8419,1.);
#8419 = DIRECTION('',(0.,1.,0.));
#8420 = ORIENTED_EDGE('',*,*,#8421,.F.);
#8421 = EDGE_CURVE('',#8422,#8414,#8424,.T.);
#8422 = VERTEX_POINT('',#8423);
#8423 = CARTESIAN_POINT('',(33.159715715569,54.,75.301181654427));
#8424 = B_SPLINE_CURVE_WITH_KNOTS('',3,(#8425,#8426,#8427,#8428,#8429),
  .UNSPECIFIED.,.F.,.F.,(4,1,4),(-0.155291721931,-8.322183541261E-02,0.)
  ,.UNSPECIFIED.);
#8425 = CARTESIAN_POINT('',(33.159715715569,54.,75.301181654427));
#8426 = CARTESIAN_POINT('',(33.37942670007,54.,75.2016083668));
#8427 = CARTESIAN_POINT('',(33.852846303713,54.,74.98705402183));
#8428 = CARTESIAN_POINT('',(34.257380722702,54.,74.660055797825));
#8429 = CARTESIAN_POINT('',(34.47417332708,54.,74.484815340447));
#8430 = ORIENTED_EDGE('',*,*,#8431,.F.);
#8431 = EDGE_CURVE('',#7610,#8422,#8432,.T.);
#8432 = LINE('',#8433,#8434);
#8433 = CARTESIAN_POINT('',(33.159715715569,53.,75.301181654427));
#8434 = VECTOR('',#8435,1.);
#8435 = DIRECTION('',(0.,1.,0.));
#8436 = B_SPLINE_SURFACE_WITH_KNOTS('',3,1,(
    (#8437,#8438)
    ,(#8439,#8440)
    ,(#8441,#8442)
    ,(#8443,#8444)
    ,(#8445,#8446
    )),.UNSPECIFIED.,.F.,.F.,.F.,(4,1,4),(2,2),(-0.155291721931,
    -8.322183541261E-02,0.),(0.,1.E-01),.UNSPECIFIED.);
#8437 = CARTESIAN_POINT('',(33.159715715569,53.,75.301181654427));
#8438 = CARTESIAN_POINT('',(33.159715715569,54.,75.301181654427));
#8439 = CARTESIAN_POINT('',(33.37942670007,53.,75.2016083668));
#8440 = CARTESIAN_POINT('',(33.37942670007,54.,75.2016083668));
#8441 = CARTESIAN_POINT('',(33.852846303713,53.,74.98705402183));
#8442 = CARTESIAN_POINT('',(33.852846303713,54.,74.98705402183));
#8443 = CARTESIAN_POINT('',(34.257380722702,53.,74.660055797825));
#8444 = CARTESIAN_POINT('',(34.257380722702,54.,74.660055797825));
#8445 = CARTESIAN_POINT('',(34.47417332708,53.,74.484815340447));
#8446 = CARTESIAN_POINT('',(34.47417332708,54.,74.484815340447));
#8447 = ADVANCED_FACE('',(#8448),#8468,.T.);
#8448 = FACE_BOUND('',#8449,.T.);
#8449 = EDGE_LOOP('',(#8450,#8451,#8452,#8462));
#8450 = ORIENTED_EDGE('',*,*,#7619,.F.);
#8451 = ORIENTED_EDGE('',*,*,#8431,.T.);
#8452 = ORIENTED_EDGE('',*,*,#8453,.F.);
#8453 = EDGE_CURVE('',#8454,#8422,#8456,.T.);
#8454 = VERTEX_POINT('',#8455);
#8455 = CARTESIAN_POINT('',(31.805295597775,54.,75.537671663899));
#8456 = B_SPLINE_CURVE_WITH_KNOTS('',3,(#8457,#8458,#8459,#8460,#8461),
  .UNSPECIFIED.,.F.,.F.,(4,1,4),(-0.138063412028,-6.780603880977E-02,0.)
  ,.UNSPECIFIED.);
#8457 = CARTESIAN_POINT('',(31.805295597775,54.,75.537671663899));
#8458 = CARTESIAN_POINT('',(32.040555092153,54.,75.52884166448));
#8459 = CARTESIAN_POINT('',(32.50286569413,54.,75.511489751191));
#8460 = CARTESIAN_POINT('',(32.943372795992,54.,75.370449624557));
#8461 = CARTESIAN_POINT('',(33.159715715569,54.,75.301181654427));
#8462 = ORIENTED_EDGE('',*,*,#8463,.F.);
#8463 = EDGE_CURVE('',#7620,#8454,#8464,.T.);
#8464 = LINE('',#8465,#8466);
#8465 = CARTESIAN_POINT('',(31.805295597775,53.,75.537671663899));
#8466 = VECTOR('',#8467,1.);
#8467 = DIRECTION('',(0.,1.,0.));
#8468 = B_SPLINE_SURFACE_WITH_KNOTS('',3,1,(
    (#8469,#8470)
    ,(#8471,#8472)
    ,(#8473,#8474)
    ,(#8475,#8476)
    ,(#8477,#8478
    )),.UNSPECIFIED.,.F.,.F.,.F.,(4,1,4),(2,2),(-0.138063412028,
    -6.780603880977E-02,0.),(0.,1.E-01),.UNSPECIFIED.);
#8469 = CARTESIAN_POINT('',(31.805295597775,53.,75.537671663899));
#8470 = CARTESIAN_POINT('',(31.805295597775,54.,75.537671663899));
#8471 = CARTESIAN_POINT('',(32.040555092153,53.,75.52884166448));
#8472 = CARTESIAN_POINT('',(32.040555092153,54.,75.52884166448));
#8473 = CARTESIAN_POINT('',(32.50286569413,53.,75.511489751191));
#8474 = CARTESIAN_POINT('',(32.50286569413,54.,75.511489751191));
#8475 = CARTESIAN_POINT('',(32.943372795992,53.,75.370449624557));
#8476 = CARTESIAN_POINT('',(32.943372795992,54.,75.370449624557));
#8477 = CARTESIAN_POINT('',(33.159715715569,53.,75.301181654427));
#8478 = CARTESIAN_POINT('',(33.159715715569,54.,75.301181654427));
#8479 = ADVANCED_FACE('',(#8480),#8500,.T.);
#8480 = FACE_BOUND('',#8481,.T.);
#8481 = EDGE_LOOP('',(#8482,#8483,#8484,#8494));
#8482 = ORIENTED_EDGE('',*,*,#7629,.F.);
#8483 = ORIENTED_EDGE('',*,*,#8463,.T.);
#8484 = ORIENTED_EDGE('',*,*,#8485,.F.);
#8485 = EDGE_CURVE('',#8486,#8454,#8488,.T.);
#8486 = VERTEX_POINT('',#8487);
#8487 = CARTESIAN_POINT('',(29.971343973014,54.,74.951396030456));
#8488 = B_SPLINE_CURVE_WITH_KNOTS('',3,(#8489,#8490,#8491,#8492,#8493),
  .UNSPECIFIED.,.F.,.F.,(4,1,4),(-0.195931069517,-0.106561563475,0.),
  .UNSPECIFIED.);
#8489 = CARTESIAN_POINT('',(29.971343973014,54.,74.951396030456));
#8490 = CARTESIAN_POINT('',(30.222783175618,54.,75.121577163434));
#8491 = CARTESIAN_POINT('',(30.774031068402,54.,75.49467726069));
#8492 = CARTESIAN_POINT('',(31.442003574696,54.,75.52252567247));
#8493 = CARTESIAN_POINT('',(31.805295597775,54.,75.537671663899));
#8494 = ORIENTED_EDGE('',*,*,#8495,.F.);
#8495 = EDGE_CURVE('',#7630,#8486,#8496,.T.);
#8496 = LINE('',#8497,#8498);
#8497 = CARTESIAN_POINT('',(29.971343973014,53.,74.951396030456));
#8498 = VECTOR('',#8499,1.);
#8499 = DIRECTION('',(0.,1.,0.));
#8500 = B_SPLINE_SURFACE_WITH_KNOTS('',3,1,(
    (#8501,#8502)
    ,(#8503,#8504)
    ,(#8505,#8506)
    ,(#8507,#8508)
    ,(#8509,#8510
    )),.UNSPECIFIED.,.F.,.F.,.F.,(4,1,4),(2,2),(-0.195931069517,
    -0.106561563475,0.),(0.,1.E-01),.UNSPECIFIED.);
#8501 = CARTESIAN_POINT('',(29.971343973014,53.,74.951396030456));
#8502 = CARTESIAN_POINT('',(29.971343973014,54.,74.951396030456));
#8503 = CARTESIAN_POINT('',(30.222783175618,53.,75.121577163434));
#8504 = CARTESIAN_POINT('',(30.222783175618,54.,75.121577163434));
#8505 = CARTESIAN_POINT('',(30.774031068402,53.,75.49467726069));
#8506 = CARTESIAN_POINT('',(30.774031068402,54.,75.49467726069));
#8507 = CARTESIAN_POINT('',(31.442003574696,53.,75.52252567247));
#8508 = CARTESIAN_POINT('',(31.442003574696,54.,75.52252567247));
#8509 = CARTESIAN_POINT('',(31.805295597775,53.,75.537671663899));
#8510 = CARTESIAN_POINT('',(31.805295597775,54.,75.537671663899));
#8511 = ADVANCED_FACE('',(#8512),#8532,.T.);
#8512 = FACE_BOUND('',#8513,.T.);
#8513 = EDGE_LOOP('',(#8514,#8515,#8516,#8526));
#8514 = ORIENTED_EDGE('',*,*,#7639,.F.);
#8515 = ORIENTED_EDGE('',*,*,#8495,.T.);
#8516 = ORIENTED_EDGE('',*,*,#8517,.F.);
#8517 = EDGE_CURVE('',#8518,#8486,#8520,.T.);
#8518 = VERTEX_POINT('',#8519);
#8519 = CARTESIAN_POINT('',(29.332626382611,54.,73.459880393313));
#8520 = B_SPLINE_CURVE_WITH_KNOTS('',3,(#8521,#8522,#8523,#8524,#8525),
  .UNSPECIFIED.,.F.,.F.,(4,1,4),(-0.166166844073,-8.20034031443E-02,0.),
  .UNSPECIFIED.);
#8521 = CARTESIAN_POINT('',(29.332626382611,54.,73.459880393313));
#8522 = CARTESIAN_POINT('',(29.357447752618,54.,73.747530329548));
#8523 = CARTESIAN_POINT('',(29.406453457163,54.,74.315447724257));
#8524 = CARTESIAN_POINT('',(29.78468604273,54.,74.741258328951));
#8525 = CARTESIAN_POINT('',(29.971343973014,54.,74.951396030456));
#8526 = ORIENTED_EDGE('',*,*,#8527,.F.);
#8527 = EDGE_CURVE('',#7640,#8518,#8528,.T.);
#8528 = LINE('',#8529,#8530);
#8529 = CARTESIAN_POINT('',(29.332626382611,53.,73.459880393313));
#8530 = VECTOR('',#8531,1.);
#8531 = DIRECTION('',(0.,1.,0.));
#8532 = B_SPLINE_SURFACE_WITH_KNOTS('',3,1,(
    (#8533,#8534)
    ,(#8535,#8536)
    ,(#8537,#8538)
    ,(#8539,#8540)
    ,(#8541,#8542
    )),.UNSPECIFIED.,.F.,.F.,.F.,(4,1,4),(2,2),(-0.166166844073,
    -8.20034031443E-02,0.),(0.,1.E-01),.UNSPECIFIED.);
#8533 = CARTESIAN_POINT('',(29.332626382611,53.,73.459880393313));
#8534 = CARTESIAN_POINT('',(29.332626382611,54.,73.459880393313));
#8535 = CARTESIAN_POINT('',(29.357447752618,53.,73.747530329548));
#8536 = CARTESIAN_POINT('',(29.357447752618,54.,73.747530329548));
#8537 = CARTESIAN_POINT('',(29.406453457163,53.,74.315447724257));
#8538 = CARTESIAN_POINT('',(29.406453457163,54.,74.315447724257));
#8539 = CARTESIAN_POINT('',(29.78468604273,53.,74.741258328951));
#8540 = CARTESIAN_POINT('',(29.78468604273,54.,74.741258328951));
#8541 = CARTESIAN_POINT('',(29.971343973014,53.,74.951396030456));
#8542 = CARTESIAN_POINT('',(29.971343973014,54.,74.951396030456));
#8543 = ADVANCED_FACE('',(#8544),#8564,.T.);
#8544 = FACE_BOUND('',#8545,.T.);
#8545 = EDGE_LOOP('',(#8546,#8547,#8548,#8558));
#8546 = ORIENTED_EDGE('',*,*,#7649,.F.);
#8547 = ORIENTED_EDGE('',*,*,#8527,.T.);
#8548 = ORIENTED_EDGE('',*,*,#8549,.F.);
#8549 = EDGE_CURVE('',#8550,#8518,#8552,.T.);
#8550 = VERTEX_POINT('',#8551);
#8551 = CARTESIAN_POINT('',(29.576400573858,54.,72.48825245892));
#8552 = B_SPLINE_CURVE_WITH_KNOTS('',3,(#8553,#8554,#8555,#8556,#8557),
  .UNSPECIFIED.,.F.,.F.,(4,1,4),(-0.100996673803,-5.126252595062E-02,0.)
  ,.UNSPECIFIED.);
#8553 = CARTESIAN_POINT('',(29.576400573858,54.,72.48825245892));
#8554 = CARTESIAN_POINT('',(29.505523808211,54.,72.639932873654));
#8555 = CARTESIAN_POINT('',(29.36159216588,54.,72.947954987849));
#8556 = CARTESIAN_POINT('',(29.342378563228,54.,73.287525688804));
#8557 = CARTESIAN_POINT('',(29.332626382611,54.,73.459880393313));
#8558 = ORIENTED_EDGE('',*,*,#8559,.F.);
#8559 = EDGE_CURVE('',#7650,#8550,#8560,.T.);
#8560 = LINE('',#8561,#8562);
#8561 = CARTESIAN_POINT('',(29.576400573858,53.,72.48825245892));
#8562 = VECTOR('',#8563,1.);
#8563 = DIRECTION('',(0.,1.,0.));
#8564 = B_SPLINE_SURFACE_WITH_KNOTS('',3,1,(
    (#8565,#8566)
    ,(#8567,#8568)
    ,(#8569,#8570)
    ,(#8571,#8572)
    ,(#8573,#8574
    )),.UNSPECIFIED.,.F.,.F.,.F.,(4,1,4),(2,2),(-0.100996673803,
    -5.126252595062E-02,0.),(0.,1.E-01),.UNSPECIFIED.);
#8565 = CARTESIAN_POINT('',(29.576400573858,53.,72.48825245892));
#8566 = CARTESIAN_POINT('',(29.576400573858,54.,72.48825245892));
#8567 = CARTESIAN_POINT('',(29.505523808211,53.,72.639932873654));
#8568 = CARTESIAN_POINT('',(29.505523808211,54.,72.639932873654));
#8569 = CARTESIAN_POINT('',(29.36159216588,53.,72.947954987849));
#8570 = CARTESIAN_POINT('',(29.36159216588,54.,72.947954987849));
#8571 = CARTESIAN_POINT('',(29.342378563228,53.,73.287525688804));
#8572 = CARTESIAN_POINT('',(29.342378563228,54.,73.287525688804));
#8573 = CARTESIAN_POINT('',(29.332626382611,53.,73.459880393313));
#8574 = CARTESIAN_POINT('',(29.332626382611,54.,73.459880393313));
#8575 = ADVANCED_FACE('',(#8576),#8596,.T.);
#8576 = FACE_BOUND('',#8577,.T.);
#8577 = EDGE_LOOP('',(#8578,#8579,#8580,#8590));
#8578 = ORIENTED_EDGE('',*,*,#7659,.F.);
#8579 = ORIENTED_EDGE('',*,*,#8559,.T.);
#8580 = ORIENTED_EDGE('',*,*,#8581,.F.);
#8581 = EDGE_CURVE('',#8582,#8550,#8584,.T.);
#8582 = VERTEX_POINT('',#8583);
#8583 = CARTESIAN_POINT('',(30.211954795342,54.,71.783307164742));
#8584 = B_SPLINE_CURVE_WITH_KNOTS('',3,(#8585,#8586,#8587,#8588,#8589),
  .UNSPECIFIED.,.F.,.F.,(4,1,4),(-9.559618697834E-02,-4.851999748658E-02
    ,0.),.UNSPECIFIED.);
#8585 = CARTESIAN_POINT('',(30.211954795342,54.,71.783307164742));
#8586 = CARTESIAN_POINT('',(30.086716156277,54.,71.880100481856));
#8587 = CARTESIAN_POINT('',(29.832397858933,54.,72.076655728595));
#8588 = CARTESIAN_POINT('',(29.662587893308,54.,72.34967904057));
#8589 = CARTESIAN_POINT('',(29.576400573858,54.,72.48825245892));
#8590 = ORIENTED_EDGE('',*,*,#8591,.F.);
#8591 = EDGE_CURVE('',#7660,#8582,#8592,.T.);
#8592 = LINE('',#8593,#8594);
#8593 = CARTESIAN_POINT('',(30.211954795342,53.,71.783307164742));
#8594 = VECTOR('',#8595,1.);
#8595 = DIRECTION('',(0.,1.,0.));
#8596 = B_SPLINE_SURFACE_WITH_KNOTS('',3,1,(
    (#8597,#8598)
    ,(#8599,#8600)
    ,(#8601,#8602)
    ,(#8603,#8604)
    ,(#8605,#8606
    )),.UNSPECIFIED.,.F.,.F.,.F.,(4,1,4),(2,2),(-9.559618697834E-02,
    -4.851999748658E-02,0.),(0.,1.E-01),.UNSPECIFIED.);
#8597 = CARTESIAN_POINT('',(30.211954795342,53.,71.783307164742));
#8598 = CARTESIAN_POINT('',(30.211954795342,54.,71.783307164742));
#8599 = CARTESIAN_POINT('',(30.086716156277,53.,71.880100481856));
#8600 = CARTESIAN_POINT('',(30.086716156277,54.,71.880100481856));
#8601 = CARTESIAN_POINT('',(29.832397858933,53.,72.076655728595));
#8602 = CARTESIAN_POINT('',(29.832397858933,54.,72.076655728595));
#8603 = CARTESIAN_POINT('',(29.662587893308,53.,72.34967904057));
#8604 = CARTESIAN_POINT('',(29.662587893308,54.,72.34967904057));
#8605 = CARTESIAN_POINT('',(29.576400573858,53.,72.48825245892));
#8606 = CARTESIAN_POINT('',(29.576400573858,54.,72.48825245892));
#8607 = ADVANCED_FACE('',(#8608),#8628,.T.);
#8608 = FACE_BOUND('',#8609,.T.);
#8609 = EDGE_LOOP('',(#8610,#8611,#8612,#8622));
#8610 = ORIENTED_EDGE('',*,*,#7669,.F.);
#8611 = ORIENTED_EDGE('',*,*,#8591,.T.);
#8612 = ORIENTED_EDGE('',*,*,#8613,.F.);
#8613 = EDGE_CURVE('',#8614,#8582,#8616,.T.);
#8614 = VERTEX_POINT('',#8615);
#8615 = CARTESIAN_POINT('',(31.095980116604,54.,71.382323456109));
#8616 = B_SPLINE_CURVE_WITH_KNOTS('',3,(#8617,#8618,#8619,#8620,#8621),
  .UNSPECIFIED.,.F.,.F.,(4,1,4),(-9.739646459E-02,-4.779431815161E-02,0.
    ),.UNSPECIFIED.);
#8617 = CARTESIAN_POINT('',(31.095980116604,54.,71.382323456109));
#8618 = CARTESIAN_POINT('',(30.937569047013,54.,71.432084741848));
#8619 = CARTESIAN_POINT('',(30.626520448555,54.,71.529793684956));
#8620 = CARTESIAN_POINT('',(30.348422705703,54.,71.699854870596));
#8621 = CARTESIAN_POINT('',(30.211954795342,54.,71.783307164742));
#8622 = ORIENTED_EDGE('',*,*,#8623,.F.);
#8623 = EDGE_CURVE('',#7670,#8614,#8624,.T.);
#8624 = LINE('',#8625,#8626);
#8625 = CARTESIAN_POINT('',(31.095980116604,53.,71.382323456109));
#8626 = VECTOR('',#8627,1.);
#8627 = DIRECTION('',(0.,1.,0.));
#8628 = B_SPLINE_SURFACE_WITH_KNOTS('',3,1,(
    (#8629,#8630)
    ,(#8631,#8632)
    ,(#8633,#8634)
    ,(#8635,#8636)
    ,(#8637,#8638
    )),.UNSPECIFIED.,.F.,.F.,.F.,(4,1,4),(2,2),(-9.739646459E-02,
    -4.779431815161E-02,0.),(0.,1.E-01),.UNSPECIFIED.);
#8629 = CARTESIAN_POINT('',(31.095980116604,53.,71.382323456109));
#8630 = CARTESIAN_POINT('',(31.095980116604,54.,71.382323456109));
#8631 = CARTESIAN_POINT('',(30.937569047013,53.,71.432084741848));
#8632 = CARTESIAN_POINT('',(30.937569047013,54.,71.432084741848));
#8633 = CARTESIAN_POINT('',(30.626520448555,53.,71.529793684956));
#8634 = CARTESIAN_POINT('',(30.626520448555,54.,71.529793684956));
#8635 = CARTESIAN_POINT('',(30.348422705703,53.,71.699854870596));
#8636 = CARTESIAN_POINT('',(30.348422705703,54.,71.699854870596));
#8637 = CARTESIAN_POINT('',(30.211954795342,53.,71.783307164742));
#8638 = CARTESIAN_POINT('',(30.211954795342,54.,71.783307164742));
#8639 = ADVANCED_FACE('',(#8640),#8660,.T.);
#8640 = FACE_BOUND('',#8641,.T.);
#8641 = EDGE_LOOP('',(#8642,#8643,#8644,#8654));
#8642 = ORIENTED_EDGE('',*,*,#7679,.F.);
#8643 = ORIENTED_EDGE('',*,*,#8623,.T.);
#8644 = ORIENTED_EDGE('',*,*,#8645,.F.);
#8645 = EDGE_CURVE('',#8646,#8614,#8648,.T.);
#8646 = VERTEX_POINT('',#8647);
#8647 = CARTESIAN_POINT('',(32.18768927273,54.,71.199966462668));
#8648 = B_SPLINE_CURVE_WITH_KNOTS('',3,(#8649,#8650,#8651,#8652,#8653),
  .UNSPECIFIED.,.F.,.F.,(4,1,4),(-0.110737136295,-4.632103254163E-02,0.)
  ,.UNSPECIFIED.);
#8649 = CARTESIAN_POINT('',(32.18768927273,54.,71.199966462668));
#8650 = CARTESIAN_POINT('',(31.974373748249,54.,71.225855742473));
#8651 = CARTESIAN_POINT('',(31.607664976189,54.,71.270361767197));
#8652 = CARTESIAN_POINT('',(31.246890898306,54.,71.349302690148));
#8653 = CARTESIAN_POINT('',(31.095980116604,54.,71.382323456109));
#8654 = ORIENTED_EDGE('',*,*,#8655,.F.);
#8655 = EDGE_CURVE('',#7680,#8646,#8656,.T.);
#8656 = LINE('',#8657,#8658);
#8657 = CARTESIAN_POINT('',(32.18768927273,53.,71.199966462668));
#8658 = VECTOR('',#8659,1.);
#8659 = DIRECTION('',(0.,1.,0.));
#8660 = B_SPLINE_SURFACE_WITH_KNOTS('',3,1,(
    (#8661,#8662)
    ,(#8663,#8664)
    ,(#8665,#8666)
    ,(#8667,#8668)
    ,(#8669,#8670
    )),.UNSPECIFIED.,.F.,.F.,.F.,(4,1,4),(2,2),(-0.110737136295,
    -4.632103254163E-02,0.),(0.,1.E-01),.UNSPECIFIED.);
#8661 = CARTESIAN_POINT('',(32.18768927273,53.,71.199966462668));
#8662 = CARTESIAN_POINT('',(32.18768927273,54.,71.199966462668));
#8663 = CARTESIAN_POINT('',(31.974373748249,53.,71.225855742473));
#8664 = CARTESIAN_POINT('',(31.974373748249,54.,71.225855742473));
#8665 = CARTESIAN_POINT('',(31.607664976189,53.,71.270361767197));
#8666 = CARTESIAN_POINT('',(31.607664976189,54.,71.270361767197));
#8667 = CARTESIAN_POINT('',(31.246890898306,53.,71.349302690148));
#8668 = CARTESIAN_POINT('',(31.246890898306,54.,71.349302690148));
#8669 = CARTESIAN_POINT('',(31.095980116604,53.,71.382323456109));
#8670 = CARTESIAN_POINT('',(31.095980116604,54.,71.382323456109));
#8671 = ADVANCED_FACE('',(#8672),#8692,.T.);
#8672 = FACE_BOUND('',#8673,.T.);
#8673 = EDGE_LOOP('',(#8674,#8675,#8676,#8686));
#8674 = ORIENTED_EDGE('',*,*,#7689,.F.);
#8675 = ORIENTED_EDGE('',*,*,#8655,.T.);
#8676 = ORIENTED_EDGE('',*,*,#8677,.F.);
#8677 = EDGE_CURVE('',#8678,#8646,#8680,.T.);
#8678 = VERTEX_POINT('',#8679);
#8679 = CARTESIAN_POINT('',(34.378021992014,54.,70.780693478294));
#8680 = B_SPLINE_CURVE_WITH_KNOTS('',3,(#8681,#8682,#8683,#8684,#8685),
  .UNSPECIFIED.,.F.,.F.,(4,1,4),(-0.22327847343,-0.130548314351,0.),
  .UNSPECIFIED.);
#8681 = CARTESIAN_POINT('',(34.378021992014,54.,70.780693478294));
#8682 = CARTESIAN_POINT('',(34.079580723054,54.,70.862626779196));
#8683 = CARTESIAN_POINT('',(33.360984835767,54.,71.059908251914));
#8684 = CARTESIAN_POINT('',(32.620589672811,54.,71.148290433729));
#8685 = CARTESIAN_POINT('',(32.18768927273,54.,71.199966462668));
#8686 = ORIENTED_EDGE('',*,*,#8687,.F.);
#8687 = EDGE_CURVE('',#7690,#8678,#8688,.T.);
#8688 = LINE('',#8689,#8690);
#8689 = CARTESIAN_POINT('',(34.378021992014,53.,70.780693478294));
#8690 = VECTOR('',#8691,1.);
#8691 = DIRECTION('',(0.,1.,0.));
#8692 = B_SPLINE_SURFACE_WITH_KNOTS('',3,1,(
    (#8693,#8694)
    ,(#8695,#8696)
    ,(#8697,#8698)
    ,(#8699,#8700)
    ,(#8701,#8702
    )),.UNSPECIFIED.,.F.,.F.,.F.,(4,1,4),(2,2),(-0.22327847343,
    -0.130548314351,0.),(0.,1.E-01),.UNSPECIFIED.);
#8693 = CARTESIAN_POINT('',(34.378021992014,53.,70.780693478294));
#8694 = CARTESIAN_POINT('',(34.378021992014,54.,70.780693478294));
#8695 = CARTESIAN_POINT('',(34.079580723054,53.,70.862626779196));
#8696 = CARTESIAN_POINT('',(34.079580723054,54.,70.862626779196));
#8697 = CARTESIAN_POINT('',(33.360984835767,53.,71.059908251914));
#8698 = CARTESIAN_POINT('',(33.360984835767,54.,71.059908251914));
#8699 = CARTESIAN_POINT('',(32.620589672811,53.,71.148290433729));
#8700 = CARTESIAN_POINT('',(32.620589672811,54.,71.148290433729));
#8701 = CARTESIAN_POINT('',(32.18768927273,53.,71.199966462668));
#8702 = CARTESIAN_POINT('',(32.18768927273,54.,71.199966462668));
#8703 = ADVANCED_FACE('',(#8704),#8724,.T.);
#8704 = FACE_BOUND('',#8705,.T.);
#8705 = EDGE_LOOP('',(#8706,#8707,#8708,#8718));
#8706 = ORIENTED_EDGE('',*,*,#7699,.F.);
#8707 = ORIENTED_EDGE('',*,*,#8687,.T.);
#8708 = ORIENTED_EDGE('',*,*,#8709,.F.);
#8709 = EDGE_CURVE('',#8710,#8678,#8712,.T.);
#8710 = VERTEX_POINT('',#8711);
#8711 = CARTESIAN_POINT('',(34.385378229421,54.,70.460105012955));
#8712 = B_SPLINE_CURVE_WITH_KNOTS('',3,(#8713,#8714,#8715,#8716,#8717),
  .UNSPECIFIED.,.F.,.F.,(4,1,4),(-3.206764289507E-02,-2.064069553754E-02
    ,0.),.UNSPECIFIED.);
#8713 = CARTESIAN_POINT('',(34.385378229421,54.,70.460105012955));
#8714 = CARTESIAN_POINT('',(34.384813086948,54.,70.49819103354));
#8715 = CARTESIAN_POINT('',(34.383227117709,54.,70.605072501457));
#8716 = CARTESIAN_POINT('',(34.380060330119,54.,70.711919936561));
#8717 = CARTESIAN_POINT('',(34.378021992014,54.,70.780693478294));
#8718 = ORIENTED_EDGE('',*,*,#8719,.F.);
#8719 = EDGE_CURVE('',#7700,#8710,#8720,.T.);
#8720 = LINE('',#8721,#8722);
#8721 = CARTESIAN_POINT('',(34.385378229421,53.,70.460105012955));
#8722 = VECTOR('',#8723,1.);
#8723 = DIRECTION('',(0.,1.,0.));
#8724 = B_SPLINE_SURFACE_WITH_KNOTS('',3,1,(
    (#8725,#8726)
    ,(#8727,#8728)
    ,(#8729,#8730)
    ,(#8731,#8732)
    ,(#8733,#8734
    )),.UNSPECIFIED.,.F.,.F.,.F.,(4,1,4),(2,2),(-3.206764289507E-02,
    -2.064069553754E-02,0.),(0.,1.E-01),.UNSPECIFIED.);
#8725 = CARTESIAN_POINT('',(34.385378229421,53.,70.460105012955));
#8726 = CARTESIAN_POINT('',(34.385378229421,54.,70.460105012955));
#8727 = CARTESIAN_POINT('',(34.384813086948,53.,70.49819103354));
#8728 = CARTESIAN_POINT('',(34.384813086948,54.,70.49819103354));
#8729 = CARTESIAN_POINT('',(34.383227117709,53.,70.605072501457));
#8730 = CARTESIAN_POINT('',(34.383227117709,54.,70.605072501457));
#8731 = CARTESIAN_POINT('',(34.380060330119,53.,70.711919936561));
#8732 = CARTESIAN_POINT('',(34.380060330119,54.,70.711919936561));
#8733 = CARTESIAN_POINT('',(34.378021992014,53.,70.780693478294));
#8734 = CARTESIAN_POINT('',(34.378021992014,54.,70.780693478294));
#8735 = ADVANCED_FACE('',(#8736),#8756,.T.);
#8736 = FACE_BOUND('',#8737,.T.);
#8737 = EDGE_LOOP('',(#8738,#8739,#8740,#8750));
#8738 = ORIENTED_EDGE('',*,*,#7709,.F.);
#8739 = ORIENTED_EDGE('',*,*,#8719,.T.);
#8740 = ORIENTED_EDGE('',*,*,#8741,.F.);
#8741 = EDGE_CURVE('',#8742,#8710,#8744,.T.);
#8742 = VERTEX_POINT('',#8743);
#8743 = CARTESIAN_POINT('',(34.039253357812,54.,69.402228360953));
#8744 = B_SPLINE_CURVE_WITH_KNOTS('',3,(#8745,#8746,#8747,#8748,#8749),
  .UNSPECIFIED.,.F.,.F.,(4,1,4),(-0.113796330337,-6.453816409868E-02,0.)
  ,.UNSPECIFIED.);
#8745 = CARTESIAN_POINT('',(34.039253357812,54.,69.402228360953));
#8746 = CARTESIAN_POINT('',(34.140035696165,54.,69.536593844803));
#8747 = CARTESIAN_POINT('',(34.372863288892,54.,69.847005298453));
#8748 = CARTESIAN_POINT('',(34.380849148897,54.,70.238227971676));
#8749 = CARTESIAN_POINT('',(34.385378229421,54.,70.460105012955));
#8750 = ORIENTED_EDGE('',*,*,#8751,.F.);
#8751 = EDGE_CURVE('',#7710,#8742,#8752,.T.);
#8752 = LINE('',#8753,#8754);
#8753 = CARTESIAN_POINT('',(34.039253357812,53.,69.402228360953));
#8754 = VECTOR('',#8755,1.);
#8755 = DIRECTION('',(0.,1.,0.));
#8756 = B_SPLINE_SURFACE_WITH_KNOTS('',3,1,(
    (#8757,#8758)
    ,(#8759,#8760)
    ,(#8761,#8762)
    ,(#8763,#8764)
    ,(#8765,#8766
    )),.UNSPECIFIED.,.F.,.F.,.F.,(4,1,4),(2,2),(-0.113796330337,
    -6.453816409868E-02,0.),(0.,1.E-01),.UNSPECIFIED.);
#8757 = CARTESIAN_POINT('',(34.039253357812,53.,69.402228360953));
#8758 = CARTESIAN_POINT('',(34.039253357812,54.,69.402228360953));
#8759 = CARTESIAN_POINT('',(34.140035696165,53.,69.536593844803));
#8760 = CARTESIAN_POINT('',(34.140035696165,54.,69.536593844803));
#8761 = CARTESIAN_POINT('',(34.372863288892,53.,69.847005298453));
#8762 = CARTESIAN_POINT('',(34.372863288892,54.,69.847005298453));
#8763 = CARTESIAN_POINT('',(34.380849148897,53.,70.238227971676));
#8764 = CARTESIAN_POINT('',(34.380849148897,54.,70.238227971676));
#8765 = CARTESIAN_POINT('',(34.385378229421,53.,70.460105012955));
#8766 = CARTESIAN_POINT('',(34.385378229421,54.,70.460105012955));
#8767 = ADVANCED_FACE('',(#8768),#8788,.T.);
#8768 = FACE_BOUND('',#8769,.T.);
#8769 = EDGE_LOOP('',(#8770,#8771,#8772,#8782));
#8770 = ORIENTED_EDGE('',*,*,#7719,.F.);
#8771 = ORIENTED_EDGE('',*,*,#8751,.T.);
#8772 = ORIENTED_EDGE('',*,*,#8773,.F.);
#8773 = EDGE_CURVE('',#8774,#8742,#8776,.T.);
#8774 = VERTEX_POINT('',#8775);
#8775 = CARTESIAN_POINT('',(32.641586308575,54.,68.983801993105));
#8776 = B_SPLINE_CURVE_WITH_KNOTS('',3,(#8777,#8778,#8779,#8780,#8781),
  .UNSPECIFIED.,.F.,.F.,(4,1,4),(-0.148302992976,-6.629689376544E-02,0.)
  ,.UNSPECIFIED.);
#8777 = CARTESIAN_POINT('',(32.641586308575,54.,68.983801993105));
#8778 = CARTESIAN_POINT('',(32.921003263781,54.,68.99295321885));
#8779 = CARTESIAN_POINT('',(33.426311663331,54.,69.009502648472));
#8780 = CARTESIAN_POINT('',(33.849895707067,54.,69.280902598695));
#8781 = CARTESIAN_POINT('',(34.039253357812,54.,69.402228360953));
#8782 = ORIENTED_EDGE('',*,*,#8783,.F.);
#8783 = EDGE_CURVE('',#7720,#8774,#8784,.T.);
#8784 = LINE('',#8785,#8786);
#8785 = CARTESIAN_POINT('',(32.641586308575,53.,68.983801993105));
#8786 = VECTOR('',#8787,1.);
#8787 = DIRECTION('',(0.,1.,0.));
#8788 = B_SPLINE_SURFACE_WITH_KNOTS('',3,1,(
    (#8789,#8790)
    ,(#8791,#8792)
    ,(#8793,#8794)
    ,(#8795,#8796)
    ,(#8797,#8798
    )),.UNSPECIFIED.,.F.,.F.,.F.,(4,1,4),(2,2),(-0.148302992976,
    -6.629689376544E-02,0.),(0.,1.E-01),.UNSPECIFIED.);
#8789 = CARTESIAN_POINT('',(32.641586308575,53.,68.983801993105));
#8790 = CARTESIAN_POINT('',(32.641586308575,54.,68.983801993105));
#8791 = CARTESIAN_POINT('',(32.921003263781,53.,68.99295321885));
#8792 = CARTESIAN_POINT('',(32.921003263781,54.,68.99295321885));
#8793 = CARTESIAN_POINT('',(33.426311663331,53.,69.009502648472));
#8794 = CARTESIAN_POINT('',(33.426311663331,54.,69.009502648472));
#8795 = CARTESIAN_POINT('',(33.849895707067,53.,69.280902598695));
#8796 = CARTESIAN_POINT('',(33.849895707067,54.,69.280902598695));
#8797 = CARTESIAN_POINT('',(34.039253357812,53.,69.402228360953));
#8798 = CARTESIAN_POINT('',(34.039253357812,54.,69.402228360953));
#8799 = ADVANCED_FACE('',(#8800),#8820,.T.);
#8800 = FACE_BOUND('',#8801,.T.);
#8801 = EDGE_LOOP('',(#8802,#8803,#8804,#8814));
#8802 = ORIENTED_EDGE('',*,*,#7729,.F.);
#8803 = ORIENTED_EDGE('',*,*,#8783,.T.);
#8804 = ORIENTED_EDGE('',*,*,#8805,.F.);
#8805 = EDGE_CURVE('',#8806,#8774,#8808,.T.);
#8806 = VERTEX_POINT('',#8807);
#8807 = CARTESIAN_POINT('',(31.362090881987,54.,69.285219035334));
#8808 = B_SPLINE_CURVE_WITH_KNOTS('',3,(#8809,#8810,#8811,#8812,#8813),
  .UNSPECIFIED.,.F.,.F.,(4,1,4),(-0.132995272209,-7.567144054551E-02,0.)
  ,.UNSPECIFIED.);
#8809 = CARTESIAN_POINT('',(31.362090881987,54.,69.285219035334));
#8810 = CARTESIAN_POINT('',(31.534422146646,54.,69.197394309478));
#8811 = CARTESIAN_POINT('',(31.9342426539,54.,68.993634843599));
#8812 = CARTESIAN_POINT('',(32.385073362148,54.,68.987367803635));
#8813 = CARTESIAN_POINT('',(32.641586308575,54.,68.983801993105));
#8814 = ORIENTED_EDGE('',*,*,#8815,.F.);
#8815 = EDGE_CURVE('',#7730,#8806,#8816,.T.);
#8816 = LINE('',#8817,#8818);
#8817 = CARTESIAN_POINT('',(31.362090881987,53.,69.285219035334));
#8818 = VECTOR('',#8819,1.);
#8819 = DIRECTION('',(0.,1.,0.));
#8820 = B_SPLINE_SURFACE_WITH_KNOTS('',3,1,(
    (#8821,#8822)
    ,(#8823,#8824)
    ,(#8825,#8826)
    ,(#8827,#8828)
    ,(#8829,#8830
    )),.UNSPECIFIED.,.F.,.F.,.F.,(4,1,4),(2,2),(-0.132995272209,
    -7.567144054551E-02,0.),(0.,1.E-01),.UNSPECIFIED.);
#8821 = CARTESIAN_POINT('',(31.362090881987,53.,69.285219035334));
#8822 = CARTESIAN_POINT('',(31.362090881987,54.,69.285219035334));
#8823 = CARTESIAN_POINT('',(31.534422146646,53.,69.197394309478));
#8824 = CARTESIAN_POINT('',(31.534422146646,54.,69.197394309478));
#8825 = CARTESIAN_POINT('',(31.9342426539,53.,68.993634843599));
#8826 = CARTESIAN_POINT('',(31.9342426539,54.,68.993634843599));
#8827 = CARTESIAN_POINT('',(32.385073362148,53.,68.987367803635));
#8828 = CARTESIAN_POINT('',(32.385073362148,54.,68.987367803635));
#8829 = CARTESIAN_POINT('',(32.641586308575,53.,68.983801993105));
#8830 = CARTESIAN_POINT('',(32.641586308575,54.,68.983801993105));
#8831 = ADVANCED_FACE('',(#8832),#8852,.T.);
#8832 = FACE_BOUND('',#8833,.T.);
#8833 = EDGE_LOOP('',(#8834,#8835,#8836,#8846));
#8834 = ORIENTED_EDGE('',*,*,#7739,.F.);
#8835 = ORIENTED_EDGE('',*,*,#8815,.T.);
#8836 = ORIENTED_EDGE('',*,*,#8837,.F.);
#8837 = EDGE_CURVE('',#8838,#8806,#8840,.T.);
#8838 = VERTEX_POINT('',#8839);
#8839 = CARTESIAN_POINT('',(30.749798448262,54.,70.358552534555));
#8840 = B_SPLINE_CURVE_WITH_KNOTS('',3,(#8841,#8842,#8843,#8844,#8845),
  .UNSPECIFIED.,.F.,.F.,(4,1,4),(-0.125347221409,-5.527776093637E-02,0.)
  ,.UNSPECIFIED.);
#8841 = CARTESIAN_POINT('',(30.749798448262,54.,70.358552534555));
#8842 = CARTESIAN_POINT('',(30.815066031342,54.,70.129377292335));
#8843 = CARTESIAN_POINT('',(30.931823176781,54.,69.71940582068));
#8844 = CARTESIAN_POINT('',(31.23041344159,54.,69.418095855641));
#8845 = CARTESIAN_POINT('',(31.362090881987,54.,69.285219035334));
#8846 = ORIENTED_EDGE('',*,*,#8847,.F.);
#8847 = EDGE_CURVE('',#7740,#8838,#8848,.T.);
#8848 = LINE('',#8849,#8850);
#8849 = CARTESIAN_POINT('',(30.749798448262,53.,70.358552534555));
#8850 = VECTOR('',#8851,1.);
#8851 = DIRECTION('',(0.,1.,0.));
#8852 = B_SPLINE_SURFACE_WITH_KNOTS('',3,1,(
    (#8853,#8854)
    ,(#8855,#8856)
    ,(#8857,#8858)
    ,(#8859,#8860)
    ,(#8861,#8862
    )),.UNSPECIFIED.,.F.,.F.,.F.,(4,1,4),(2,2),(-0.125347221409,
    -5.527776093637E-02,0.),(0.,1.E-01),.UNSPECIFIED.);
#8853 = CARTESIAN_POINT('',(30.749798448262,53.,70.358552534555));
#8854 = CARTESIAN_POINT('',(30.749798448262,54.,70.358552534555));
#8855 = CARTESIAN_POINT('',(30.815066031342,53.,70.129377292335));
#8856 = CARTESIAN_POINT('',(30.815066031342,54.,70.129377292335));
#8857 = CARTESIAN_POINT('',(30.931823176781,53.,69.71940582068));
#8858 = CARTESIAN_POINT('',(30.931823176781,54.,69.71940582068));
#8859 = CARTESIAN_POINT('',(31.23041344159,53.,69.418095855641));
#8860 = CARTESIAN_POINT('',(31.23041344159,54.,69.418095855641));
#8861 = CARTESIAN_POINT('',(31.362090881987,53.,69.285219035334));
#8862 = CARTESIAN_POINT('',(31.362090881987,54.,69.285219035334));
#8863 = ADVANCED_FACE('',(#8864),#8882,.T.);
#8864 = FACE_BOUND('',#8865,.T.);
#8865 = EDGE_LOOP('',(#8866,#8867,#8868,#8876));
#8866 = ORIENTED_EDGE('',*,*,#7749,.F.);
#8867 = ORIENTED_EDGE('',*,*,#8847,.T.);
#8868 = ORIENTED_EDGE('',*,*,#8869,.F.);
#8869 = EDGE_CURVE('',#8870,#8838,#8872,.T.);
#8870 = VERTEX_POINT('',#8871);
#8871 = CARTESIAN_POINT('',(29.549526716034,54.,70.192842765417));
#8872 = LINE('',#8873,#8874);
#8873 = CARTESIAN_POINT('',(30.749798448262,54.,70.358552534555));
#8874 = VECTOR('',#8875,1.);
#8875 = DIRECTION('',(0.990603800713,0.,0.136762970181));
#8876 = ORIENTED_EDGE('',*,*,#8877,.F.);
#8877 = EDGE_CURVE('',#7750,#8870,#8878,.T.);
#8878 = LINE('',#8879,#8880);
#8879 = CARTESIAN_POINT('',(29.549526716034,53.,70.192842765417));
#8880 = VECTOR('',#8881,1.);
#8881 = DIRECTION('',(0.,1.,0.));
#8882 = PLANE('',#8883);
#8883 = AXIS2_PLACEMENT_3D('',#8884,#8885,#8886);
#8884 = CARTESIAN_POINT('',(29.549526716034,53.,70.192842765417));
#8885 = DIRECTION('',(-0.136762970181,0.,0.990603800713));
#8886 = DIRECTION('',(0.990603800713,0.,0.136762970181));
#8887 = ADVANCED_FACE('',(#8888),#8908,.T.);
#8888 = FACE_BOUND('',#8889,.T.);
#8889 = EDGE_LOOP('',(#8890,#8891,#8892,#8902));
#8890 = ORIENTED_EDGE('',*,*,#7757,.F.);
#8891 = ORIENTED_EDGE('',*,*,#8877,.T.);
#8892 = ORIENTED_EDGE('',*,*,#8893,.F.);
#8893 = EDGE_CURVE('',#8894,#8870,#8896,.T.);
#8894 = VERTEX_POINT('',#8895);
#8895 = CARTESIAN_POINT('',(30.090481105443,54.,68.948857764539));
#8896 = B_SPLINE_CURVE_WITH_KNOTS('',3,(#8897,#8898,#8899,#8900,#8901),
  .UNSPECIFIED.,.F.,.F.,(4,1,4),(-0.136549344222,-7.295129614865E-02,0.)
  ,.UNSPECIFIED.);
#8897 = CARTESIAN_POINT('',(30.090481105443,54.,68.948857764539));
#8898 = CARTESIAN_POINT('',(29.972386363856,54.,69.126831420882));
#8899 = CARTESIAN_POINT('',(29.718828904023,54.,69.508952992198));
#8900 = CARTESIAN_POINT('',(29.608480302203,54.,69.954701987943));
#8901 = CARTESIAN_POINT('',(29.549526716034,54.,70.192842765417));
#8902 = ORIENTED_EDGE('',*,*,#8903,.F.);
#8903 = EDGE_CURVE('',#7758,#8894,#8904,.T.);
#8904 = LINE('',#8905,#8906);
#8905 = CARTESIAN_POINT('',(30.090481105443,53.,68.948857764539));
#8906 = VECTOR('',#8907,1.);
#8907 = DIRECTION('',(0.,1.,0.));
#8908 = B_SPLINE_SURFACE_WITH_KNOTS('',3,1,(
    (#8909,#8910)
    ,(#8911,#8912)
    ,(#8913,#8914)
    ,(#8915,#8916)
    ,(#8917,#8918
    )),.UNSPECIFIED.,.F.,.F.,.F.,(4,1,4),(2,2),(-0.136549344222,
    -7.295129614865E-02,0.),(0.,1.E-01),.UNSPECIFIED.);
#8909 = CARTESIAN_POINT('',(30.090481105443,53.,68.948857764539));
#8910 = CARTESIAN_POINT('',(30.090481105443,54.,68.948857764539));
#8911 = CARTESIAN_POINT('',(29.972386363856,53.,69.126831420882));
#8912 = CARTESIAN_POINT('',(29.972386363856,54.,69.126831420882));
#8913 = CARTESIAN_POINT('',(29.718828904023,53.,69.508952992198));
#8914 = CARTESIAN_POINT('',(29.718828904023,54.,69.508952992198));
#8915 = CARTESIAN_POINT('',(29.608480302203,53.,69.954701987943));
#8916 = CARTESIAN_POINT('',(29.608480302203,54.,69.954701987943));
#8917 = CARTESIAN_POINT('',(29.549526716034,53.,70.192842765417));
#8918 = CARTESIAN_POINT('',(29.549526716034,54.,70.192842765417));
#8919 = ADVANCED_FACE('',(#8920),#8940,.T.);
#8920 = FACE_BOUND('',#8921,.T.);
#8921 = EDGE_LOOP('',(#8922,#8923,#8924,#8934));
#8922 = ORIENTED_EDGE('',*,*,#7767,.F.);
#8923 = ORIENTED_EDGE('',*,*,#8903,.T.);
#8924 = ORIENTED_EDGE('',*,*,#8925,.F.);
#8925 = EDGE_CURVE('',#8926,#8894,#8928,.T.);
#8926 = VERTEX_POINT('',#8927);
#8927 = CARTESIAN_POINT('',(31.176279071197,54.,68.220788189833));
#8928 = B_SPLINE_CURVE_WITH_KNOTS('',3,(#8929,#8930,#8931,#8932,#8933),
  .UNSPECIFIED.,.F.,.F.,(4,1,4),(-0.132021267367,-6.216288069377E-02,0.)
  ,.UNSPECIFIED.);
#8929 = CARTESIAN_POINT('',(31.176279071197,54.,68.220788189833));
#8930 = CARTESIAN_POINT('',(30.957783057928,54.,68.309675152841));
#8931 = CARTESIAN_POINT('',(30.544860258529,54.,68.477657410486));
#8932 = CARTESIAN_POINT('',(30.235938483737,54.,68.79801552698));
#8933 = CARTESIAN_POINT('',(30.090481105443,54.,68.948857764539));
#8934 = ORIENTED_EDGE('',*,*,#8935,.F.);
#8935 = EDGE_CURVE('',#7768,#8926,#8936,.T.);
#8936 = LINE('',#8937,#8938);
#8937 = CARTESIAN_POINT('',(31.176279071197,53.,68.220788189833));
#8938 = VECTOR('',#8939,1.);
#8939 = DIRECTION('',(0.,1.,0.));
#8940 = B_SPLINE_SURFACE_WITH_KNOTS('',3,1,(
    (#8941,#8942)
    ,(#8943,#8944)
    ,(#8945,#8946)
    ,(#8947,#8948)
    ,(#8949,#8950
    )),.UNSPECIFIED.,.F.,.F.,.F.,(4,1,4),(2,2),(-0.132021267367,
    -6.216288069377E-02,0.),(0.,1.E-01),.UNSPECIFIED.);
#8941 = CARTESIAN_POINT('',(31.176279071197,53.,68.220788189833));
#8942 = CARTESIAN_POINT('',(31.176279071197,54.,68.220788189833));
#8943 = CARTESIAN_POINT('',(30.957783057928,53.,68.309675152841));
#8944 = CARTESIAN_POINT('',(30.957783057928,54.,68.309675152841));
#8945 = CARTESIAN_POINT('',(30.544860258529,53.,68.477657410486));
#8946 = CARTESIAN_POINT('',(30.544860258529,54.,68.477657410486));
#8947 = CARTESIAN_POINT('',(30.235938483737,53.,68.79801552698));
#8948 = CARTESIAN_POINT('',(30.235938483737,54.,68.79801552698));
#8949 = CARTESIAN_POINT('',(30.090481105443,53.,68.948857764539));
#8950 = CARTESIAN_POINT('',(30.090481105443,54.,68.948857764539));
#8951 = ADVANCED_FACE('',(#8952),#8972,.T.);
#8952 = FACE_BOUND('',#8953,.T.);
#8953 = EDGE_LOOP('',(#8954,#8955,#8956,#8966));
#8954 = ORIENTED_EDGE('',*,*,#7777,.F.);
#8955 = ORIENTED_EDGE('',*,*,#8935,.T.);
#8956 = ORIENTED_EDGE('',*,*,#8957,.F.);
#8957 = EDGE_CURVE('',#8958,#8926,#8960,.T.);
#8958 = VERTEX_POINT('',#8959);
#8959 = CARTESIAN_POINT('',(32.820631064534,54.,67.967728095318));
#8960 = B_SPLINE_CURVE_WITH_KNOTS('',3,(#8961,#8962,#8963,#8964,#8965),
  .UNSPECIFIED.,.F.,.F.,(4,1,4),(-0.166992210163,-7.893570277787E-02,0.)
  ,.UNSPECIFIED.);
#8961 = CARTESIAN_POINT('',(32.820631064534,54.,67.967728095318));
#8962 = CARTESIAN_POINT('',(32.525755201189,54.,67.975365126542));
#8963 = CARTESIAN_POINT('',(31.966546420307,54.,67.989848152964));
#8964 = CARTESIAN_POINT('',(31.429931890995,54.,68.14666315908));
#8965 = CARTESIAN_POINT('',(31.176279071197,54.,68.220788189833));
#8966 = ORIENTED_EDGE('',*,*,#8967,.F.);
#8967 = EDGE_CURVE('',#7778,#8958,#8968,.T.);
#8968 = LINE('',#8969,#8970);
#8969 = CARTESIAN_POINT('',(32.820631064534,53.,67.967728095318));
#8970 = VECTOR('',#8971,1.);
#8971 = DIRECTION('',(0.,1.,0.));
#8972 = B_SPLINE_SURFACE_WITH_KNOTS('',3,1,(
    (#8973,#8974)
    ,(#8975,#8976)
    ,(#8977,#8978)
    ,(#8979,#8980)
    ,(#8981,#8982
    )),.UNSPECIFIED.,.F.,.F.,.F.,(4,1,4),(2,2),(-0.166992210163,
    -7.893570277787E-02,0.),(0.,1.E-01),.UNSPECIFIED.);
#8973 = CARTESIAN_POINT('',(32.820631064534,53.,67.967728095318));
#8974 = CARTESIAN_POINT('',(32.820631064534,54.,67.967728095318));
#8975 = CARTESIAN_POINT('',(32.525755201189,53.,67.975365126542));
#8976 = CARTESIAN_POINT('',(32.525755201189,54.,67.975365126542));
#8977 = CARTESIAN_POINT('',(31.966546420307,53.,67.989848152964));
#8978 = CARTESIAN_POINT('',(31.966546420307,54.,67.989848152964));
#8979 = CARTESIAN_POINT('',(31.429931890995,53.,68.14666315908));
#8980 = CARTESIAN_POINT('',(31.429931890995,54.,68.14666315908));
#8981 = CARTESIAN_POINT('',(31.176279071197,53.,68.220788189833));
#8982 = CARTESIAN_POINT('',(31.176279071197,54.,68.220788189833));
#8983 = ADVANCED_FACE('',(#8984),#9004,.T.);
#8984 = FACE_BOUND('',#8985,.T.);
#8985 = EDGE_LOOP('',(#8986,#8987,#8988,#8998));
#8986 = ORIENTED_EDGE('',*,*,#7787,.F.);
#8987 = ORIENTED_EDGE('',*,*,#8967,.T.);
#8988 = ORIENTED_EDGE('',*,*,#8989,.F.);
#8989 = EDGE_CURVE('',#8990,#8958,#8992,.T.);
#8990 = VERTEX_POINT('',#8991);
#8991 = CARTESIAN_POINT('',(34.327769454494,54.,68.188519405797));
#8992 = B_SPLINE_CURVE_WITH_KNOTS('',3,(#8993,#8994,#8995,#8996,#8997),
  .UNSPECIFIED.,.F.,.F.,(4,1,4),(-0.152907666886,-8.424926678693E-02,0.)
  ,.UNSPECIFIED.);
#8993 = CARTESIAN_POINT('',(34.327769454494,54.,68.188519405797));
#8994 = CARTESIAN_POINT('',(34.106989470247,54.,68.124657717728));
#8995 = CARTESIAN_POINT('',(33.615295049205,54.,67.982432706484));
#8996 = CARTESIAN_POINT('',(33.10293298594,54.,67.97295186293));
#8997 = CARTESIAN_POINT('',(32.820631064534,54.,67.967728095318));
#8998 = ORIENTED_EDGE('',*,*,#8999,.F.);
#8999 = EDGE_CURVE('',#7788,#8990,#9000,.T.);
#9000 = LINE('',#9001,#9002);
#9001 = CARTESIAN_POINT('',(34.327769454494,53.,68.188519405797));
#9002 = VECTOR('',#9003,1.);
#9003 = DIRECTION('',(0.,1.,0.));
#9004 = B_SPLINE_SURFACE_WITH_KNOTS('',3,1,(
    (#9005,#9006)
    ,(#9007,#9008)
    ,(#9009,#9010)
    ,(#9011,#9012)
    ,(#9013,#9014
    )),.UNSPECIFIED.,.F.,.F.,.F.,(4,1,4),(2,2),(-0.152907666886,
    -8.424926678693E-02,0.),(0.,1.E-01),.UNSPECIFIED.);
#9005 = CARTESIAN_POINT('',(34.327769454494,53.,68.188519405797));
#9006 = CARTESIAN_POINT('',(34.327769454494,54.,68.188519405797));
#9007 = CARTESIAN_POINT('',(34.106989470247,53.,68.124657717728));
#9008 = CARTESIAN_POINT('',(34.106989470247,54.,68.124657717728));
#9009 = CARTESIAN_POINT('',(33.615295049205,53.,67.982432706484));
#9010 = CARTESIAN_POINT('',(33.615295049205,54.,67.982432706484));
#9011 = CARTESIAN_POINT('',(33.10293298594,53.,67.97295186293));
#9012 = CARTESIAN_POINT('',(33.10293298594,54.,67.97295186293));
#9013 = CARTESIAN_POINT('',(32.820631064534,53.,67.967728095318));
#9014 = CARTESIAN_POINT('',(32.820631064534,54.,67.967728095318));
#9015 = ADVANCED_FACE('',(#9016),#9036,.T.);
#9016 = FACE_BOUND('',#9017,.T.);
#9017 = EDGE_LOOP('',(#9018,#9019,#9020,#9030));
#9018 = ORIENTED_EDGE('',*,*,#7797,.F.);
#9019 = ORIENTED_EDGE('',*,*,#8999,.T.);
#9020 = ORIENTED_EDGE('',*,*,#9021,.F.);
#9021 = EDGE_CURVE('',#9022,#8990,#9024,.T.);
#9022 = VERTEX_POINT('',#9023);
#9023 = CARTESIAN_POINT('',(35.179513768595,54.,68.73905174295));
#9024 = B_SPLINE_CURVE_WITH_KNOTS('',3,(#9025,#9026,#9027,#9028,#9029),
  .UNSPECIFIED.,.F.,.F.,(4,1,4),(-0.10226050428,-5.601792257784E-02,0.),
  .UNSPECIFIED.);
#9025 = CARTESIAN_POINT('',(35.179513768595,54.,68.73905174295));
#9026 = CARTESIAN_POINT('',(35.068115095842,54.,68.630485714369));
#9027 = CARTESIAN_POINT('',(34.821768892136,54.,68.390403599105));
#9028 = CARTESIAN_POINT('',(34.50260580333,54.,68.259970287227));
#9029 = CARTESIAN_POINT('',(34.327769454494,54.,68.188519405797));
#9030 = ORIENTED_EDGE('',*,*,#9031,.F.);
#9031 = EDGE_CURVE('',#7798,#9022,#9032,.T.);
#9032 = LINE('',#9033,#9034);
#9033 = CARTESIAN_POINT('',(35.179513768595,53.,68.73905174295));
#9034 = VECTOR('',#9035,1.);
#9035 = DIRECTION('',(0.,1.,0.));
#9036 = B_SPLINE_SURFACE_WITH_KNOTS('',3,1,(
    (#9037,#9038)
    ,(#9039,#9040)
    ,(#9041,#9042)
    ,(#9043,#9044)
    ,(#9045,#9046
    )),.UNSPECIFIED.,.F.,.F.,.F.,(4,1,4),(2,2),(-0.10226050428,
    -5.601792257784E-02,0.),(0.,1.E-01),.UNSPECIFIED.);
#9037 = CARTESIAN_POINT('',(35.179513768595,53.,68.73905174295));
#9038 = CARTESIAN_POINT('',(35.179513768595,54.,68.73905174295));
#9039 = CARTESIAN_POINT('',(35.068115095842,53.,68.630485714369));
#9040 = CARTESIAN_POINT('',(35.068115095842,54.,68.630485714369));
#9041 = CARTESIAN_POINT('',(34.821768892136,53.,68.390403599105));
#9042 = CARTESIAN_POINT('',(34.821768892136,54.,68.390403599105));
#9043 = CARTESIAN_POINT('',(34.50260580333,53.,68.259970287227));
#9044 = CARTESIAN_POINT('',(34.50260580333,54.,68.259970287227));
#9045 = CARTESIAN_POINT('',(34.327769454494,53.,68.188519405797));
#9046 = CARTESIAN_POINT('',(34.327769454494,54.,68.188519405797));
#9047 = ADVANCED_FACE('',(#9048),#9068,.T.);
#9048 = FACE_BOUND('',#9049,.T.);
#9049 = EDGE_LOOP('',(#9050,#9051,#9052,#9062));
#9050 = ORIENTED_EDGE('',*,*,#7807,.F.);
#9051 = ORIENTED_EDGE('',*,*,#9031,.T.);
#9052 = ORIENTED_EDGE('',*,*,#9053,.F.);
#9053 = EDGE_CURVE('',#9054,#9022,#9056,.T.);
#9054 = VERTEX_POINT('',#9055);
#9055 = CARTESIAN_POINT('',(35.560113556372,54.,69.575293771453));
#9056 = B_SPLINE_CURVE_WITH_KNOTS('',3,(#9057,#9058,#9059,#9060,#9061),
  .UNSPECIFIED.,.F.,.F.,(4,1,4),(-9.254293977841E-02,-4.403436812192E-02
    ,0.),.UNSPECIFIED.);
#9057 = CARTESIAN_POINT('',(35.560113556372,54.,69.575293771453));
#9058 = CARTESIAN_POINT('',(35.519564045608,54.,69.417187577717));
#9059 = CARTESIAN_POINT('',(35.442205121101,54.,69.115558165309));
#9060 = CARTESIAN_POINT('',(35.264209007479,54.,68.860442497075));
#9061 = CARTESIAN_POINT('',(35.179513768595,54.,68.73905174295));
#9062 = ORIENTED_EDGE('',*,*,#9063,.F.);
#9063 = EDGE_CURVE('',#7808,#9054,#9064,.T.);
#9064 = LINE('',#9065,#9066);
#9065 = CARTESIAN_POINT('',(35.560113556372,53.,69.575293771453));
#9066 = VECTOR('',#9067,1.);
#9067 = DIRECTION('',(0.,1.,0.));
#9068 = B_SPLINE_SURFACE_WITH_KNOTS('',3,1,(
    (#9069,#9070)
    ,(#9071,#9072)
    ,(#9073,#9074)
    ,(#9075,#9076)
    ,(#9077,#9078
    )),.UNSPECIFIED.,.F.,.F.,.F.,(4,1,4),(2,2),(-9.254293977841E-02,
    -4.403436812192E-02,0.),(0.,1.E-01),.UNSPECIFIED.);
#9069 = CARTESIAN_POINT('',(35.560113556372,53.,69.575293771453));
#9070 = CARTESIAN_POINT('',(35.560113556372,54.,69.575293771453));
#9071 = CARTESIAN_POINT('',(35.519564045608,53.,69.417187577717));
#9072 = CARTESIAN_POINT('',(35.519564045608,54.,69.417187577717));
#9073 = CARTESIAN_POINT('',(35.442205121101,53.,69.115558165309));
#9074 = CARTESIAN_POINT('',(35.442205121101,54.,69.115558165309));
#9075 = CARTESIAN_POINT('',(35.264209007479,53.,68.860442497075));
#9076 = CARTESIAN_POINT('',(35.264209007479,54.,68.860442497075));
#9077 = CARTESIAN_POINT('',(35.179513768595,53.,68.73905174295));
#9078 = CARTESIAN_POINT('',(35.179513768595,54.,68.73905174295));
#9079 = ADVANCED_FACE('',(#9080),#9100,.T.);
#9080 = FACE_BOUND('',#9081,.T.);
#9081 = EDGE_LOOP('',(#9082,#9083,#9084,#9094));
#9082 = ORIENTED_EDGE('',*,*,#7817,.F.);
#9083 = ORIENTED_EDGE('',*,*,#9063,.T.);
#9084 = ORIENTED_EDGE('',*,*,#9085,.F.);
#9085 = EDGE_CURVE('',#9086,#9054,#9088,.T.);
#9086 = VERTEX_POINT('',#9087);
#9087 = CARTESIAN_POINT('',(35.619619376958,54.,70.707727120041));
#9088 = B_SPLINE_CURVE_WITH_KNOTS('',3,(#9089,#9090,#9091,#9092,#9093),
  .UNSPECIFIED.,.F.,.F.,(4,1,4),(-0.113490555089,-4.423756740939E-02,0.)
  ,.UNSPECIFIED.);
#9089 = CARTESIAN_POINT('',(35.619619376958,54.,70.707727120041));
#9090 = CARTESIAN_POINT('',(35.620658668327,54.,70.476576671925));
#9091 = CARTESIAN_POINT('',(35.622361840397,54.,70.097771460125));
#9092 = CARTESIAN_POINT('',(35.577572159296,54.,69.721831634241));
#9093 = CARTESIAN_POINT('',(35.560113556372,54.,69.575293771453));
#9094 = ORIENTED_EDGE('',*,*,#9095,.F.);
#9095 = EDGE_CURVE('',#7818,#9086,#9096,.T.);
#9096 = LINE('',#9097,#9098);
#9097 = CARTESIAN_POINT('',(35.619619376958,53.,70.707727120041));
#9098 = VECTOR('',#9099,1.);
#9099 = DIRECTION('',(0.,1.,0.));
#9100 = B_SPLINE_SURFACE_WITH_KNOTS('',3,1,(
    (#9101,#9102)
    ,(#9103,#9104)
    ,(#9105,#9106)
    ,(#9107,#9108)
    ,(#9109,#9110
    )),.UNSPECIFIED.,.F.,.F.,.F.,(4,1,4),(2,2),(-0.113490555089,
    -4.423756740939E-02,0.),(0.,1.E-01),.UNSPECIFIED.);
#9101 = CARTESIAN_POINT('',(35.619619376958,53.,70.707727120041));
#9102 = CARTESIAN_POINT('',(35.619619376958,54.,70.707727120041));
#9103 = CARTESIAN_POINT('',(35.620658668327,53.,70.476576671925));
#9104 = CARTESIAN_POINT('',(35.620658668327,54.,70.476576671925));
#9105 = CARTESIAN_POINT('',(35.622361840397,53.,70.097771460125));
#9106 = CARTESIAN_POINT('',(35.622361840397,54.,70.097771460125));
#9107 = CARTESIAN_POINT('',(35.577572159296,53.,69.721831634241));
#9108 = CARTESIAN_POINT('',(35.577572159296,54.,69.721831634241));
#9109 = CARTESIAN_POINT('',(35.560113556372,53.,69.575293771453));
#9110 = CARTESIAN_POINT('',(35.560113556372,54.,69.575293771453));
#9111 = ADVANCED_FACE('',(#9112),#9130,.T.);
#9112 = FACE_BOUND('',#9113,.T.);
#9113 = EDGE_LOOP('',(#9114,#9115,#9116,#9124));
#9114 = ORIENTED_EDGE('',*,*,#7827,.F.);
#9115 = ORIENTED_EDGE('',*,*,#9095,.T.);
#9116 = ORIENTED_EDGE('',*,*,#9117,.F.);
#9117 = EDGE_CURVE('',#9118,#9086,#9120,.T.);
#9118 = VERTEX_POINT('',#9119);
#9119 = CARTESIAN_POINT('',(35.6168930831,54.,72.344832579887));
#9120 = LINE('',#9121,#9122);
#9121 = CARTESIAN_POINT('',(35.619619376958,54.,70.707727120041));
#9122 = VECTOR('',#9123,1.);
#9123 = DIRECTION('',(1.665311211989E-03,0.,-0.999998613368));
#9124 = ORIENTED_EDGE('',*,*,#9125,.F.);
#9125 = EDGE_CURVE('',#7828,#9118,#9126,.T.);
#9126 = LINE('',#9127,#9128);
#9127 = CARTESIAN_POINT('',(35.6168930831,53.,72.344832579887));
#9128 = VECTOR('',#9129,1.);
#9129 = DIRECTION('',(0.,1.,0.));
#9130 = PLANE('',#9131);
#9131 = AXIS2_PLACEMENT_3D('',#9132,#9133,#9134);
#9132 = CARTESIAN_POINT('',(35.6168930831,53.,72.344832579887));
#9133 = DIRECTION('',(0.999998613368,0.,1.665311211989E-03));
#9134 = DIRECTION('',(1.665311211989E-03,0.,-0.999998613368));
#9135 = ADVANCED_FACE('',(#9136),#9156,.T.);
#9136 = FACE_BOUND('',#9137,.T.);
#9137 = EDGE_LOOP('',(#9138,#9139,#9140,#9150));
#9138 = ORIENTED_EDGE('',*,*,#7835,.F.);
#9139 = ORIENTED_EDGE('',*,*,#9125,.T.);
#9140 = ORIENTED_EDGE('',*,*,#9141,.F.);
#9141 = EDGE_CURVE('',#9142,#9118,#9144,.T.);
#9142 = VERTEX_POINT('',#9143);
#9143 = CARTESIAN_POINT('',(35.691730796105,54.,74.510717032886));
#9144 = B_SPLINE_CURVE_WITH_KNOTS('',3,(#9145,#9146,#9147,#9148,#9149),
  .UNSPECIFIED.,.F.,.F.,(4,1,4),(-0.21681438166,-0.139764778133,0.),
  .UNSPECIFIED.);
#9145 = CARTESIAN_POINT('',(35.691730796105,54.,74.510717032886));
#9146 = CARTESIAN_POINT('',(35.669702175085,54.,74.254726511099));
#9147 = CARTESIAN_POINT('',(35.607714551182,54.,73.53437982336));
#9148 = CARTESIAN_POINT('',(35.613295465455,54.,72.811087553003));
#9149 = CARTESIAN_POINT('',(35.6168930831,54.,72.344832579887));
#9150 = ORIENTED_EDGE('',*,*,#9151,.F.);
#9151 = EDGE_CURVE('',#7836,#9142,#9152,.T.);
#9152 = LINE('',#9153,#9154);
#9153 = CARTESIAN_POINT('',(35.691730796105,53.,74.510717032886));
#9154 = VECTOR('',#9155,1.);
#9155 = DIRECTION('',(0.,1.,0.));
#9156 = B_SPLINE_SURFACE_WITH_KNOTS('',3,1,(
    (#9157,#9158)
    ,(#9159,#9160)
    ,(#9161,#9162)
    ,(#9163,#9164)
    ,(#9165,#9166
    )),.UNSPECIFIED.,.F.,.F.,.F.,(4,1,4),(2,2),(-0.21681438166,
    -0.139764778133,0.),(0.,1.E-01),.UNSPECIFIED.);
#9157 = CARTESIAN_POINT('',(35.691730796105,53.,74.510717032886));
#9158 = CARTESIAN_POINT('',(35.691730796105,54.,74.510717032886));
#9159 = CARTESIAN_POINT('',(35.669702175085,53.,74.254726511099));
#9160 = CARTESIAN_POINT('',(35.669702175085,54.,74.254726511099));
#9161 = CARTESIAN_POINT('',(35.607714551182,53.,73.53437982336));
#9162 = CARTESIAN_POINT('',(35.607714551182,54.,73.53437982336));
#9163 = CARTESIAN_POINT('',(35.613295465455,53.,72.811087553003));
#9164 = CARTESIAN_POINT('',(35.613295465455,54.,72.811087553003));
#9165 = CARTESIAN_POINT('',(35.6168930831,53.,72.344832579887));
#9166 = CARTESIAN_POINT('',(35.6168930831,54.,72.344832579887));
#9167 = ADVANCED_FACE('',(#9168),#9188,.T.);
#9168 = FACE_BOUND('',#9169,.T.);
#9169 = EDGE_LOOP('',(#9170,#9171,#9172,#9182));
#9170 = ORIENTED_EDGE('',*,*,#7845,.F.);
#9171 = ORIENTED_EDGE('',*,*,#9151,.T.);
#9172 = ORIENTED_EDGE('',*,*,#9173,.F.);
#9173 = EDGE_CURVE('',#9174,#9142,#9176,.T.);
#9174 = VERTEX_POINT('',#9175);
#9175 = CARTESIAN_POINT('',(36.000650559129,54.,75.380946708802));
#9176 = B_SPLINE_CURVE_WITH_KNOTS('',3,(#9177,#9178,#9179,#9180,#9181),
  .UNSPECIFIED.,.F.,.F.,(4,1,4),(-9.267722188843E-02,-4.593373130851E-02
    ,0.),.UNSPECIFIED.);
#9177 = CARTESIAN_POINT('',(36.000650559129,54.,75.380946708802));
#9178 = CARTESIAN_POINT('',(35.930086715973,54.,75.241238036881));
#9179 = CARTESIAN_POINT('',(35.790181440001,54.,74.964240931471));
#9180 = CARTESIAN_POINT('',(35.724355962584,54.,74.661008509996));
#9181 = CARTESIAN_POINT('',(35.691730796105,54.,74.510717032886));
#9182 = ORIENTED_EDGE('',*,*,#9183,.F.);
#9183 = EDGE_CURVE('',#7846,#9174,#9184,.T.);
#9184 = LINE('',#9185,#9186);
#9185 = CARTESIAN_POINT('',(36.000650559129,53.,75.380946708802));
#9186 = VECTOR('',#9187,1.);
#9187 = DIRECTION('',(0.,1.,0.));
#9188 = B_SPLINE_SURFACE_WITH_KNOTS('',3,1,(
    (#9189,#9190)
    ,(#9191,#9192)
    ,(#9193,#9194)
    ,(#9195,#9196)
    ,(#9197,#9198
    )),.UNSPECIFIED.,.F.,.F.,.F.,(4,1,4),(2,2),(-9.267722188843E-02,
    -4.593373130851E-02,0.),(0.,1.E-01),.UNSPECIFIED.);
#9189 = CARTESIAN_POINT('',(36.000650559129,53.,75.380946708802));
#9190 = CARTESIAN_POINT('',(36.000650559129,54.,75.380946708802));
#9191 = CARTESIAN_POINT('',(35.930086715973,53.,75.241238036881));
#9192 = CARTESIAN_POINT('',(35.930086715973,54.,75.241238036881));
#9193 = CARTESIAN_POINT('',(35.790181440001,53.,74.964240931471));
#9194 = CARTESIAN_POINT('',(35.790181440001,54.,74.964240931471));
#9195 = CARTESIAN_POINT('',(35.724355962584,53.,74.661008509996));
#9196 = CARTESIAN_POINT('',(35.724355962584,54.,74.661008509996));
#9197 = CARTESIAN_POINT('',(35.691730796105,53.,74.510717032886));
#9198 = CARTESIAN_POINT('',(35.691730796105,54.,74.510717032886));
#9199 = ADVANCED_FACE('',(#9200),#9218,.T.);
#9200 = FACE_BOUND('',#9201,.T.);
#9201 = EDGE_LOOP('',(#9202,#9203,#9204,#9212));
#9202 = ORIENTED_EDGE('',*,*,#7855,.F.);
#9203 = ORIENTED_EDGE('',*,*,#9183,.T.);
#9204 = ORIENTED_EDGE('',*,*,#9205,.F.);
#9205 = EDGE_CURVE('',#9206,#9174,#9208,.T.);
#9206 = VERTEX_POINT('',#9207);
#9207 = CARTESIAN_POINT('',(34.718251252448,54.,75.378811111897));
#9208 = LINE('',#9209,#9210);
#9209 = CARTESIAN_POINT('',(36.000650559129,54.,75.380946708802));
#9210 = VECTOR('',#9211,1.);
#9211 = DIRECTION('',(0.999998613368,0.,1.665311211984E-03));
#9212 = ORIENTED_EDGE('',*,*,#9213,.F.);
#9213 = EDGE_CURVE('',#7856,#9206,#9214,.T.);
#9214 = LINE('',#9215,#9216);
#9215 = CARTESIAN_POINT('',(34.718251252448,53.,75.378811111897));
#9216 = VECTOR('',#9217,1.);
#9217 = DIRECTION('',(0.,1.,0.));
#9218 = PLANE('',#9219);
#9219 = AXIS2_PLACEMENT_3D('',#9220,#9221,#9222);
#9220 = CARTESIAN_POINT('',(34.718251252448,53.,75.378811111897));
#9221 = DIRECTION('',(-1.665311211984E-03,0.,0.999998613368));
#9222 = DIRECTION('',(0.999998613368,0.,1.665311211984E-03));
#9223 = ADVANCED_FACE('',(#9224),#9237,.T.);
#9224 = FACE_BOUND('',#9225,.T.);
#9225 = EDGE_LOOP('',(#9226,#9227,#9228,#9236));
#9226 = ORIENTED_EDGE('',*,*,#7863,.F.);
#9227 = ORIENTED_EDGE('',*,*,#9213,.T.);
#9228 = ORIENTED_EDGE('',*,*,#9229,.F.);
#9229 = EDGE_CURVE('',#8414,#9206,#9230,.T.);
#9230 = B_SPLINE_CURVE_WITH_KNOTS('',3,(#9231,#9232,#9233,#9234,#9235),
  .UNSPECIFIED.,.F.,.F.,(4,1,4),(-9.304289451632E-02,-4.430978016298E-02
    ,0.),.UNSPECIFIED.);
#9231 = CARTESIAN_POINT('',(34.47417332708,54.,74.484815340447));
#9232 = CARTESIAN_POINT('',(34.496141289001,54.,74.646629558453));
#9233 = CARTESIAN_POINT('',(34.538083257843,54.,74.955570684358));
#9234 = CARTESIAN_POINT('',(34.660129310141,54.,75.242274343726));
#9235 = CARTESIAN_POINT('',(34.718251252448,54.,75.378811111897));
#9236 = ORIENTED_EDGE('',*,*,#8413,.F.);
#9237 = B_SPLINE_SURFACE_WITH_KNOTS('',3,1,(
    (#9238,#9239)
    ,(#9240,#9241)
    ,(#9242,#9243)
    ,(#9244,#9245)
    ,(#9246,#9247
    )),.UNSPECIFIED.,.F.,.F.,.F.,(4,1,4),(2,2),(-9.304289451632E-02,
    -4.430978016298E-02,0.),(0.,1.E-01),.UNSPECIFIED.);
#9238 = CARTESIAN_POINT('',(34.47417332708,53.,74.484815340447));
#9239 = CARTESIAN_POINT('',(34.47417332708,54.,74.484815340447));
#9240 = CARTESIAN_POINT('',(34.496141289001,53.,74.646629558453));
#9241 = CARTESIAN_POINT('',(34.496141289001,54.,74.646629558453));
#9242 = CARTESIAN_POINT('',(34.538083257843,53.,74.955570684358));
#9243 = CARTESIAN_POINT('',(34.538083257843,54.,74.955570684358));
#9244 = CARTESIAN_POINT('',(34.660129310141,53.,75.242274343726));
#9245 = CARTESIAN_POINT('',(34.660129310141,54.,75.242274343726));
#9246 = CARTESIAN_POINT('',(34.718251252448,53.,75.378811111897));
#9247 = CARTESIAN_POINT('',(34.718251252448,54.,75.378811111897));
#9248 = ADVANCED_FACE('',(#9249,#9278),#9290,.T.);
#9249 = FACE_BOUND('',#9250,.T.);
#9250 = EDGE_LOOP('',(#9251,#9252,#9253,#9254,#9255,#9256,#9257,#9258,
    #9259,#9260,#9261,#9262,#9263,#9264,#9265,#9266,#9267,#9268,#9269,
    #9270,#9271,#9272,#9273,#9274,#9275,#9276,#9277));
#9251 = ORIENTED_EDGE('',*,*,#9229,.T.);
#9252 = ORIENTED_EDGE('',*,*,#9205,.T.);
#9253 = ORIENTED_EDGE('',*,*,#9173,.T.);
#9254 = ORIENTED_EDGE('',*,*,#9141,.T.);
#9255 = ORIENTED_EDGE('',*,*,#9117,.T.);
#9256 = ORIENTED_EDGE('',*,*,#9085,.T.);
#9257 = ORIENTED_EDGE('',*,*,#9053,.T.);
#9258 = ORIENTED_EDGE('',*,*,#9021,.T.);
#9259 = ORIENTED_EDGE('',*,*,#8989,.T.);
#9260 = ORIENTED_EDGE('',*,*,#8957,.T.);
#9261 = ORIENTED_EDGE('',*,*,#8925,.T.);
#9262 = ORIENTED_EDGE('',*,*,#8893,.T.);
#9263 = ORIENTED_EDGE('',*,*,#8869,.T.);
#9264 = ORIENTED_EDGE('',*,*,#8837,.T.);
#9265 = ORIENTED_EDGE('',*,*,#8805,.T.);
#9266 = ORIENTED_EDGE('',*,*,#8773,.T.);
#9267 = ORIENTED_EDGE('',*,*,#8741,.T.);
#9268 = ORIENTED_EDGE('',*,*,#8709,.T.);
#9269 = ORIENTED_EDGE('',*,*,#8677,.T.);
#9270 = ORIENTED_EDGE('',*,*,#8645,.T.);
#9271 = ORIENTED_EDGE('',*,*,#8613,.T.);
#9272 = ORIENTED_EDGE('',*,*,#8581,.T.);
#9273 = ORIENTED_EDGE('',*,*,#8549,.T.);
#9274 = ORIENTED_EDGE('',*,*,#8517,.T.);
#9275 = ORIENTED_EDGE('',*,*,#8485,.T.);
#9276 = ORIENTED_EDGE('',*,*,#8453,.T.);
#9277 = ORIENTED_EDGE('',*,*,#8421,.T.);
#9278 = FACE_BOUND('',#9279,.T.);
#9279 = EDGE_LOOP('',(#9280,#9281,#9282,#9283,#9284,#9285,#9286,#9287,
    #9288,#9289));
#9280 = ORIENTED_EDGE('',*,*,#8397,.T.);
#9281 = ORIENTED_EDGE('',*,*,#8360,.T.);
#9282 = ORIENTED_EDGE('',*,*,#8319,.T.);
#9283 = ORIENTED_EDGE('',*,*,#8278,.T.);
#9284 = ORIENTED_EDGE('',*,*,#8237,.T.);
#9285 = ORIENTED_EDGE('',*,*,#8196,.T.);
#9286 = ORIENTED_EDGE('',*,*,#8155,.T.);
#9287 = ORIENTED_EDGE('',*,*,#8114,.T.);
#9288 = ORIENTED_EDGE('',*,*,#8073,.T.);
#9289 = ORIENTED_EDGE('',*,*,#8032,.T.);
#9290 = PLANE('',#9291);
#9291 = AXIS2_PLACEMENT_3D('',#9292,#9293,#9294);
#9292 = CARTESIAN_POINT('',(70.398423006811,54.,71.860650462761));
#9293 = DIRECTION('',(0.,1.,0.));
#9294 = DIRECTION('',(-1.,0.,0.));
#9295 = ADVANCED_FACE('',(#9296),#9303,.T.);
#9296 = FACE_BOUND('',#9297,.T.);
#9297 = EDGE_LOOP('',(#9298,#9299,#9300,#9301,#9302));
#9298 = ORIENTED_EDGE('',*,*,#6668,.T.);
#9299 = ORIENTED_EDGE('',*,*,#6708,.T.);
#9300 = ORIENTED_EDGE('',*,*,#6749,.T.);
#9301 = ORIENTED_EDGE('',*,*,#6790,.T.);
#9302 = ORIENTED_EDGE('',*,*,#6831,.T.);
#9303 = PLANE('',#9304);
#9304 = AXIS2_PLACEMENT_3D('',#9305,#9306,#9307);
#9305 = CARTESIAN_POINT('',(68.011056724889,53.,72.889170637168));
#9306 = DIRECTION('',(0.,1.,0.));
#9307 = DIRECTION('',(-1.,0.,0.));
#9308 = ADVANCED_FACE('',(#9309,#9379),#9449,.F.);
#9309 = FACE_BOUND('',#9310,.T.);
#9310 = EDGE_LOOP('',(#9311,#9321,#9330,#9338,#9347,#9355,#9364,#9372));
#9311 = ORIENTED_EDGE('',*,*,#9312,.F.);
#9312 = EDGE_CURVE('',#9313,#9315,#9317,.T.);
#9313 = VERTEX_POINT('',#9314);
#9314 = CARTESIAN_POINT('',(155.21211269884,50.,123.53834055047));
#9315 = VERTEX_POINT('',#9316);
#9316 = CARTESIAN_POINT('',(155.21211269884,50.,22.240000723861));
#9317 = LINE('',#9318,#9319);
#9318 = CARTESIAN_POINT('',(155.21211269884,50.,123.53834055047));
#9319 = VECTOR('',#9320,1.);
#9320 = DIRECTION('',(0.,0.,-1.));
#9321 = ORIENTED_EDGE('',*,*,#9322,.F.);
#9322 = EDGE_CURVE('',#9323,#9313,#9325,.T.);
#9323 = VERTEX_POINT('',#9324);
#9324 = CARTESIAN_POINT('',(143.21211269884,50.,135.53834055047));
#9325 = CIRCLE('',#9326,12.);
#9326 = AXIS2_PLACEMENT_3D('',#9327,#9328,#9329);
#9327 = CARTESIAN_POINT('',(143.21211269884,50.,123.53834055047));
#9328 = DIRECTION('',(0.,1.,0.));
#9329 = DIRECTION('',(0.,-0.,1.));
#9330 = ORIENTED_EDGE('',*,*,#9331,.F.);
#9331 = EDGE_CURVE('',#9332,#9323,#9334,.T.);
#9332 = VERTEX_POINT('',#9333);
#9333 = CARTESIAN_POINT('',(-7.189999249065,50.,135.53834055047));
#9334 = LINE('',#9335,#9336);
#9335 = CARTESIAN_POINT('',(-7.189999249065,50.,135.53834055047));
#9336 = VECTOR('',#9337,1.);
#9337 = DIRECTION('',(1.,0.,0.));
#9338 = ORIENTED_EDGE('',*,*,#9339,.F.);
#9339 = EDGE_CURVE('',#9340,#9332,#9342,.T.);
#9340 = VERTEX_POINT('',#9341);
#9341 = CARTESIAN_POINT('',(-19.18999924906,50.,123.53834055047));
#9342 = CIRCLE('',#9343,12.);
#9343 = AXIS2_PLACEMENT_3D('',#9344,#9345,#9346);
#9344 = CARTESIAN_POINT('',(-7.189999249065,50.,123.53834055047));
#9345 = DIRECTION('',(0.,1.,0.));
#9346 = DIRECTION('',(-1.,0.,0.));
#9347 = ORIENTED_EDGE('',*,*,#9348,.F.);
#9348 = EDGE_CURVE('',#9349,#9340,#9351,.T.);
#9349 = VERTEX_POINT('',#9350);
#9350 = CARTESIAN_POINT('',(-19.18999924906,50.,22.240000723861));
#9351 = LINE('',#9352,#9353);
#9352 = CARTESIAN_POINT('',(-19.18999924906,50.,22.240000723861));
#9353 = VECTOR('',#9354,1.);
#9354 = DIRECTION('',(-2.191986614046E-17,0.,1.));
#9355 = ORIENTED_EDGE('',*,*,#9356,.F.);
#9356 = EDGE_CURVE('',#9357,#9349,#9359,.T.);
#9357 = VERTEX_POINT('',#9358);
#9358 = CARTESIAN_POINT('',(-7.189999249065,50.,10.240000723861));
#9359 = CIRCLE('',#9360,12.);
#9360 = AXIS2_PLACEMENT_3D('',#9361,#9362,#9363);
#9361 = CARTESIAN_POINT('',(-7.189999249065,50.,22.240000723861));
#9362 = DIRECTION('',(0.,1.,0.));
#9363 = DIRECTION('',(2.775557561563E-16,0.,-1.));
#9364 = ORIENTED_EDGE('',*,*,#9365,.F.);
#9365 = EDGE_CURVE('',#9366,#9357,#9368,.T.);
#9366 = VERTEX_POINT('',#9367);
#9367 = CARTESIAN_POINT('',(143.21211269884,50.,10.240000723861));
#9368 = LINE('',#9369,#9370);
#9369 = CARTESIAN_POINT('',(143.21211269884,50.,10.240000723861));
#9370 = VECTOR('',#9371,1.);
#9371 = DIRECTION('',(-1.,0.,-1.47633967402E-17));
#9372 = ORIENTED_EDGE('',*,*,#9373,.F.);
#9373 = EDGE_CURVE('',#9315,#9366,#9374,.T.);
#9374 = CIRCLE('',#9375,12.);
#9375 = AXIS2_PLACEMENT_3D('',#9376,#9377,#9378);
#9376 = CARTESIAN_POINT('',(143.21211269884,50.,22.240000723861));
#9377 = DIRECTION('',(-0.,1.,0.));
#9378 = DIRECTION('',(1.,0.,0.));
#9379 = FACE_BOUND('',#9380,.T.);
#9380 = EDGE_LOOP('',(#9381,#9391,#9400,#9408,#9417,#9425,#9434,#9442));
#9381 = ORIENTED_EDGE('',*,*,#9382,.F.);
#9382 = EDGE_CURVE('',#9383,#9385,#9387,.T.);
#9383 = VERTEX_POINT('',#9384);
#9384 = CARTESIAN_POINT('',(152.21211269884,50.,22.240000723861));
#9385 = VERTEX_POINT('',#9386);
#9386 = CARTESIAN_POINT('',(152.21211269884,50.,123.53834055047));
#9387 = LINE('',#9388,#9389);
#9388 = CARTESIAN_POINT('',(152.21211269884,50.,22.240000723861));
#9389 = VECTOR('',#9390,1.);
#9390 = DIRECTION('',(0.,0.,1.));
#9391 = ORIENTED_EDGE('',*,*,#9392,.T.);
#9392 = EDGE_CURVE('',#9383,#9393,#9395,.T.);
#9393 = VERTEX_POINT('',#9394);
#9394 = CARTESIAN_POINT('',(143.21211269884,50.,13.240000723861));
#9395 = CIRCLE('',#9396,9.);
#9396 = AXIS2_PLACEMENT_3D('',#9397,#9398,#9399);
#9397 = CARTESIAN_POINT('',(143.21211269884,50.,22.240000723861));
#9398 = DIRECTION('',(-0.,1.,0.));
#9399 = DIRECTION('',(1.,0.,0.));
#9400 = ORIENTED_EDGE('',*,*,#9401,.F.);
#9401 = EDGE_CURVE('',#9402,#9393,#9404,.T.);
#9402 = VERTEX_POINT('',#9403);
#9403 = CARTESIAN_POINT('',(-7.189999249065,50.,13.240000723861));
#9404 = LINE('',#9405,#9406);
#9405 = CARTESIAN_POINT('',(-7.189999249065,50.,13.240000723861));
#9406 = VECTOR('',#9407,1.);
#9407 = DIRECTION('',(1.,0.,5.905358696078E-17));
#9408 = ORIENTED_EDGE('',*,*,#9409,.T.);
#9409 = EDGE_CURVE('',#9402,#9410,#9412,.T.);
#9410 = VERTEX_POINT('',#9411);
#9411 = CARTESIAN_POINT('',(-16.18999924906,50.,22.240000723861));
#9412 = CIRCLE('',#9413,9.);
#9413 = AXIS2_PLACEMENT_3D('',#9414,#9415,#9416);
#9414 = CARTESIAN_POINT('',(-7.189999249065,50.,22.240000723861));
#9415 = DIRECTION('',(0.,1.,0.));
#9416 = DIRECTION('',(8.635067969307E-16,0.,-1.));
#9417 = ORIENTED_EDGE('',*,*,#9418,.F.);
#9418 = EDGE_CURVE('',#9419,#9410,#9421,.T.);
#9419 = VERTEX_POINT('',#9420);
#9420 = CARTESIAN_POINT('',(-16.18999924906,50.,123.53834055047));
#9421 = LINE('',#9422,#9423);
#9422 = CARTESIAN_POINT('',(-16.18999924906,50.,123.53834055047));
#9423 = VECTOR('',#9424,1.);
#9424 = DIRECTION('',(-2.191986614046E-17,0.,-1.));
#9425 = ORIENTED_EDGE('',*,*,#9426,.T.);
#9426 = EDGE_CURVE('',#9419,#9427,#9429,.T.);
#9427 = VERTEX_POINT('',#9428);
#9428 = CARTESIAN_POINT('',(-7.189999249065,50.,132.53834055047));
#9429 = CIRCLE('',#9430,9.);
#9430 = AXIS2_PLACEMENT_3D('',#9431,#9432,#9433);
#9431 = CARTESIAN_POINT('',(-7.189999249065,50.,123.53834055047));
#9432 = DIRECTION('',(0.,1.,0.));
#9433 = DIRECTION('',(-1.,0.,0.));
#9434 = ORIENTED_EDGE('',*,*,#9435,.F.);
#9435 = EDGE_CURVE('',#9436,#9427,#9438,.T.);
#9436 = VERTEX_POINT('',#9437);
#9437 = CARTESIAN_POINT('',(143.21211269884,50.,132.53834055047));
#9438 = LINE('',#9439,#9440);
#9439 = CARTESIAN_POINT('',(143.21211269884,50.,132.53834055047));
#9440 = VECTOR('',#9441,1.);
#9441 = DIRECTION('',(-1.,0.,0.));
#9442 = ORIENTED_EDGE('',*,*,#9443,.T.);
#9443 = EDGE_CURVE('',#9436,#9385,#9444,.T.);
#9444 = CIRCLE('',#9445,9.);
#9445 = AXIS2_PLACEMENT_3D('',#9446,#9447,#9448);
#9446 = CARTESIAN_POINT('',(143.21211269884,50.,123.53834055047));
#9447 = DIRECTION('',(0.,1.,0.));
#9448 = DIRECTION('',(0.,-0.,1.));
#9449 = PLANE('',#9450);
#9450 = AXIS2_PLACEMENT_3D('',#9451,#9452,#9453);
#9451 = CARTESIAN_POINT('',(68.011056724889,50.,72.889170637168));
#9452 = DIRECTION('',(0.,1.,0.));
#9453 = DIRECTION('',(-1.,0.,0.));
#9454 = ADVANCED_FACE('',(#9455),#9471,.T.);
#9455 = FACE_BOUND('',#9456,.T.);
#9456 = EDGE_LOOP('',(#9457,#9458,#9464,#9465));
#9457 = ORIENTED_EDGE('',*,*,#9322,.T.);
#9458 = ORIENTED_EDGE('',*,*,#9459,.T.);
#9459 = EDGE_CURVE('',#9313,#7489,#9460,.T.);
#9460 = LINE('',#9461,#9462);
#9461 = CARTESIAN_POINT('',(155.21211269884,50.,123.53834055047));
#9462 = VECTOR('',#9463,1.);
#9463 = DIRECTION('',(0.,1.,0.));
#9464 = ORIENTED_EDGE('',*,*,#7549,.F.);
#9465 = ORIENTED_EDGE('',*,*,#9466,.F.);
#9466 = EDGE_CURVE('',#9323,#7542,#9467,.T.);
#9467 = LINE('',#9468,#9469);
#9468 = CARTESIAN_POINT('',(143.21211269884,50.,135.53834055047));
#9469 = VECTOR('',#9470,1.);
#9470 = DIRECTION('',(0.,1.,0.));
#9471 = CYLINDRICAL_SURFACE('',#9472,12.);
#9472 = AXIS2_PLACEMENT_3D('',#9473,#9474,#9475);
#9473 = CARTESIAN_POINT('',(143.21211269884,50.,123.53834055047));
#9474 = DIRECTION('',(0.,1.,0.));
#9475 = DIRECTION('',(0.,-0.,1.));
#9476 = ADVANCED_FACE('',(#9477),#9488,.T.);
#9477 = FACE_BOUND('',#9478,.T.);
#9478 = EDGE_LOOP('',(#9479,#9480,#9481,#9482));
#9479 = ORIENTED_EDGE('',*,*,#9331,.T.);
#9480 = ORIENTED_EDGE('',*,*,#9466,.T.);
#9481 = ORIENTED_EDGE('',*,*,#7541,.F.);
#9482 = ORIENTED_EDGE('',*,*,#9483,.F.);
#9483 = EDGE_CURVE('',#9332,#7533,#9484,.T.);
#9484 = LINE('',#9485,#9486);
#9485 = CARTESIAN_POINT('',(-7.189999249065,50.,135.53834055047));
#9486 = VECTOR('',#9487,1.);
#9487 = DIRECTION('',(0.,1.,0.));
#9488 = PLANE('',#9489);
#9489 = AXIS2_PLACEMENT_3D('',#9490,#9491,#9492);
#9490 = CARTESIAN_POINT('',(-7.189999249065,50.,135.53834055047));
#9491 = DIRECTION('',(0.,0.,1.));
#9492 = DIRECTION('',(1.,0.,-0.));
#9493 = ADVANCED_FACE('',(#9494),#9505,.T.);
#9494 = FACE_BOUND('',#9495,.T.);
#9495 = EDGE_LOOP('',(#9496,#9497,#9498,#9499));
#9496 = ORIENTED_EDGE('',*,*,#9339,.T.);
#9497 = ORIENTED_EDGE('',*,*,#9483,.T.);
#9498 = ORIENTED_EDGE('',*,*,#7532,.F.);
#9499 = ORIENTED_EDGE('',*,*,#9500,.F.);
#9500 = EDGE_CURVE('',#9340,#7525,#9501,.T.);
#9501 = LINE('',#9502,#9503);
#9502 = CARTESIAN_POINT('',(-19.18999924906,50.,123.53834055047));
#9503 = VECTOR('',#9504,1.);
#9504 = DIRECTION('',(0.,1.,0.));
#9505 = CYLINDRICAL_SURFACE('',#9506,12.);
#9506 = AXIS2_PLACEMENT_3D('',#9507,#9508,#9509);
#9507 = CARTESIAN_POINT('',(-7.189999249065,50.,123.53834055047));
#9508 = DIRECTION('',(0.,1.,0.));
#9509 = DIRECTION('',(-1.,0.,0.));
#9510 = ADVANCED_FACE('',(#9511),#9522,.T.);
#9511 = FACE_BOUND('',#9512,.T.);
#9512 = EDGE_LOOP('',(#9513,#9514,#9515,#9516));
#9513 = ORIENTED_EDGE('',*,*,#9348,.T.);
#9514 = ORIENTED_EDGE('',*,*,#9500,.T.);
#9515 = ORIENTED_EDGE('',*,*,#7524,.F.);
#9516 = ORIENTED_EDGE('',*,*,#9517,.F.);
#9517 = EDGE_CURVE('',#9349,#7516,#9518,.T.);
#9518 = LINE('',#9519,#9520);
#9519 = CARTESIAN_POINT('',(-19.18999924906,50.,22.240000723861));
#9520 = VECTOR('',#9521,1.);
#9521 = DIRECTION('',(0.,1.,0.));
#9522 = PLANE('',#9523);
#9523 = AXIS2_PLACEMENT_3D('',#9524,#9525,#9526);
#9524 = CARTESIAN_POINT('',(-19.18999924906,50.,22.240000723861));
#9525 = DIRECTION('',(-1.,0.,-2.191986614046E-17));
#9526 = DIRECTION('',(-2.191986614046E-17,0.,1.));
#9527 = ADVANCED_FACE('',(#9528),#9539,.T.);
#9528 = FACE_BOUND('',#9529,.T.);
#9529 = EDGE_LOOP('',(#9530,#9531,#9532,#9533));
#9530 = ORIENTED_EDGE('',*,*,#9356,.T.);
#9531 = ORIENTED_EDGE('',*,*,#9517,.T.);
#9532 = ORIENTED_EDGE('',*,*,#7515,.F.);
#9533 = ORIENTED_EDGE('',*,*,#9534,.F.);
#9534 = EDGE_CURVE('',#9357,#7508,#9535,.T.);
#9535 = LINE('',#9536,#9537);
#9536 = CARTESIAN_POINT('',(-7.189999249065,50.,10.240000723861));
#9537 = VECTOR('',#9538,1.);
#9538 = DIRECTION('',(0.,1.,0.));
#9539 = CYLINDRICAL_SURFACE('',#9540,12.);
#9540 = AXIS2_PLACEMENT_3D('',#9541,#9542,#9543);
#9541 = CARTESIAN_POINT('',(-7.189999249065,50.,22.240000723861));
#9542 = DIRECTION('',(0.,1.,0.));
#9543 = DIRECTION('',(2.775557561563E-16,0.,-1.));
#9544 = ADVANCED_FACE('',(#9545),#9556,.T.);
#9545 = FACE_BOUND('',#9546,.T.);
#9546 = EDGE_LOOP('',(#9547,#9548,#9549,#9550));
#9547 = ORIENTED_EDGE('',*,*,#9365,.T.);
#9548 = ORIENTED_EDGE('',*,*,#9534,.T.);
#9549 = ORIENTED_EDGE('',*,*,#7507,.F.);
#9550 = ORIENTED_EDGE('',*,*,#9551,.F.);
#9551 = EDGE_CURVE('',#9366,#7499,#9552,.T.);
#9552 = LINE('',#9553,#9554);
#9553 = CARTESIAN_POINT('',(143.21211269884,50.,10.240000723861));
#9554 = VECTOR('',#9555,1.);
#9555 = DIRECTION('',(0.,1.,0.));
#9556 = PLANE('',#9557);
#9557 = AXIS2_PLACEMENT_3D('',#9558,#9559,#9560);
#9558 = CARTESIAN_POINT('',(143.21211269884,50.,10.240000723861));
#9559 = DIRECTION('',(1.47633967402E-17,0.,-1.));
#9560 = DIRECTION('',(-1.,0.,-1.47633967402E-17));
#9561 = ADVANCED_FACE('',(#9562),#9573,.T.);
#9562 = FACE_BOUND('',#9563,.T.);
#9563 = EDGE_LOOP('',(#9564,#9565,#9566,#9567));
#9564 = ORIENTED_EDGE('',*,*,#9373,.T.);
#9565 = ORIENTED_EDGE('',*,*,#9551,.T.);
#9566 = ORIENTED_EDGE('',*,*,#7498,.F.);
#9567 = ORIENTED_EDGE('',*,*,#9568,.F.);
#9568 = EDGE_CURVE('',#9315,#7491,#9569,.T.);
#9569 = LINE('',#9570,#9571);
#9570 = CARTESIAN_POINT('',(155.21211269884,50.,22.240000723861));
#9571 = VECTOR('',#9572,1.);
#9572 = DIRECTION('',(0.,1.,0.));
#9573 = CYLINDRICAL_SURFACE('',#9574,12.);
#9574 = AXIS2_PLACEMENT_3D('',#9575,#9576,#9577);
#9575 = CARTESIAN_POINT('',(143.21211269884,50.,22.240000723861));
#9576 = DIRECTION('',(0.,1.,0.));
#9577 = DIRECTION('',(1.,0.,0.));
#9578 = ADVANCED_FACE('',(#9579),#9585,.T.);
#9579 = FACE_BOUND('',#9580,.T.);
#9580 = EDGE_LOOP('',(#9581,#9582,#9583,#9584));
#9581 = ORIENTED_EDGE('',*,*,#9312,.T.);
#9582 = ORIENTED_EDGE('',*,*,#9568,.T.);
#9583 = ORIENTED_EDGE('',*,*,#7488,.F.);
#9584 = ORIENTED_EDGE('',*,*,#9459,.F.);
#9585 = PLANE('',#9586);
#9586 = AXIS2_PLACEMENT_3D('',#9587,#9588,#9589);
#9587 = CARTESIAN_POINT('',(155.21211269884,50.,123.53834055047));
#9588 = DIRECTION('',(1.,0.,0.));
#9589 = DIRECTION('',(0.,0.,-1.));
#9590 = ADVANCED_FACE('',(#9591),#9603,.T.);
#9591 = FACE_BOUND('',#9592,.T.);
#9592 = EDGE_LOOP('',(#9593,#9594,#9595,#9596,#9597,#9598,#9599,#9600,
    #9601,#9602));
#9593 = ORIENTED_EDGE('',*,*,#8012,.T.);
#9594 = ORIENTED_EDGE('',*,*,#8062,.T.);
#9595 = ORIENTED_EDGE('',*,*,#8103,.T.);
#9596 = ORIENTED_EDGE('',*,*,#8144,.T.);
#9597 = ORIENTED_EDGE('',*,*,#8185,.T.);
#9598 = ORIENTED_EDGE('',*,*,#8226,.T.);
#9599 = ORIENTED_EDGE('',*,*,#8267,.T.);
#9600 = ORIENTED_EDGE('',*,*,#8308,.T.);
#9601 = ORIENTED_EDGE('',*,*,#8349,.T.);
#9602 = ORIENTED_EDGE('',*,*,#8390,.T.);
#9603 = PLANE('',#9604);
#9604 = AXIS2_PLACEMENT_3D('',#9605,#9606,#9607);
#9605 = CARTESIAN_POINT('',(68.011056724889,53.,72.889170637168));
#9606 = DIRECTION('',(0.,1.,0.));
#9607 = DIRECTION('',(-1.,0.,0.));
#9608 = ADVANCED_FACE('',(#9609),#9634,.T.);
#9609 = FACE_BOUND('',#9610,.T.);
#9610 = EDGE_LOOP('',(#9611,#9612,#9620,#9628));
#9611 = ORIENTED_EDGE('',*,*,#9382,.T.);
#9612 = ORIENTED_EDGE('',*,*,#9613,.T.);
#9613 = EDGE_CURVE('',#9385,#9614,#9616,.T.);
#9614 = VERTEX_POINT('',#9615);
#9615 = CARTESIAN_POINT('',(152.21211269884,47.,123.53834055047));
#9616 = LINE('',#9617,#9618);
#9617 = CARTESIAN_POINT('',(152.21211269884,50.,123.53834055047));
#9618 = VECTOR('',#9619,1.);
#9619 = DIRECTION('',(0.,-1.,0.));
#9620 = ORIENTED_EDGE('',*,*,#9621,.F.);
#9621 = EDGE_CURVE('',#9622,#9614,#9624,.T.);
#9622 = VERTEX_POINT('',#9623);
#9623 = CARTESIAN_POINT('',(152.21211269884,47.,22.240000723861));
#9624 = LINE('',#9625,#9626);
#9625 = CARTESIAN_POINT('',(152.21211269884,47.,22.240000723861));
#9626 = VECTOR('',#9627,1.);
#9627 = DIRECTION('',(0.,0.,1.));
#9628 = ORIENTED_EDGE('',*,*,#9629,.F.);
#9629 = EDGE_CURVE('',#9383,#9622,#9630,.T.);
#9630 = LINE('',#9631,#9632);
#9631 = CARTESIAN_POINT('',(152.21211269884,50.,22.240000723861));
#9632 = VECTOR('',#9633,1.);
#9633 = DIRECTION('',(0.,-1.,0.));
#9634 = PLANE('',#9635);
#9635 = AXIS2_PLACEMENT_3D('',#9636,#9637,#9638);
#9636 = CARTESIAN_POINT('',(152.21211269884,50.,22.240000723861));
#9637 = DIRECTION('',(1.,0.,0.));
#9638 = DIRECTION('',(0.,0.,1.));
#9639 = ADVANCED_FACE('',(#9640),#9659,.T.);
#9640 = FACE_BOUND('',#9641,.T.);
#9641 = EDGE_LOOP('',(#9642,#9643,#9644,#9653));
#9642 = ORIENTED_EDGE('',*,*,#9392,.F.);
#9643 = ORIENTED_EDGE('',*,*,#9629,.T.);
#9644 = ORIENTED_EDGE('',*,*,#9645,.F.);
#9645 = EDGE_CURVE('',#9646,#9622,#9648,.T.);
#9646 = VERTEX_POINT('',#9647);
#9647 = CARTESIAN_POINT('',(143.21211269884,47.,13.240000723861));
#9648 = CIRCLE('',#9649,9.);
#9649 = AXIS2_PLACEMENT_3D('',#9650,#9651,#9652);
#9650 = CARTESIAN_POINT('',(143.21211269884,47.,22.240000723861));
#9651 = DIRECTION('',(0.,-1.,0.));
#9652 = DIRECTION('',(1.,0.,0.));
#9653 = ORIENTED_EDGE('',*,*,#9654,.F.);
#9654 = EDGE_CURVE('',#9393,#9646,#9655,.T.);
#9655 = LINE('',#9656,#9657);
#9656 = CARTESIAN_POINT('',(143.21211269884,50.,13.240000723861));
#9657 = VECTOR('',#9658,1.);
#9658 = DIRECTION('',(0.,-1.,0.));
#9659 = CYLINDRICAL_SURFACE('',#9660,9.);
#9660 = AXIS2_PLACEMENT_3D('',#9661,#9662,#9663);
#9661 = CARTESIAN_POINT('',(143.21211269884,50.,22.240000723861));
#9662 = DIRECTION('',(0.,-1.,0.));
#9663 = DIRECTION('',(1.,0.,0.));
#9664 = ADVANCED_FACE('',(#9665),#9683,.T.);
#9665 = FACE_BOUND('',#9666,.T.);
#9666 = EDGE_LOOP('',(#9667,#9668,#9669,#9677));
#9667 = ORIENTED_EDGE('',*,*,#9401,.T.);
#9668 = ORIENTED_EDGE('',*,*,#9654,.T.);
#9669 = ORIENTED_EDGE('',*,*,#9670,.F.);
#9670 = EDGE_CURVE('',#9671,#9646,#9673,.T.);
#9671 = VERTEX_POINT('',#9672);
#9672 = CARTESIAN_POINT('',(-7.189999249065,47.,13.240000723861));
#9673 = LINE('',#9674,#9675);
#9674 = CARTESIAN_POINT('',(-7.189999249065,47.,13.240000723861));
#9675 = VECTOR('',#9676,1.);
#9676 = DIRECTION('',(1.,0.,5.905358696078E-17));
#9677 = ORIENTED_EDGE('',*,*,#9678,.F.);
#9678 = EDGE_CURVE('',#9402,#9671,#9679,.T.);
#9679 = LINE('',#9680,#9681);
#9680 = CARTESIAN_POINT('',(-7.189999249065,50.,13.240000723861));
#9681 = VECTOR('',#9682,1.);
#9682 = DIRECTION('',(0.,-1.,0.));
#9683 = PLANE('',#9684);
#9684 = AXIS2_PLACEMENT_3D('',#9685,#9686,#9687);
#9685 = CARTESIAN_POINT('',(-7.189999249065,50.,13.240000723861));
#9686 = DIRECTION('',(5.905358696078E-17,0.,-1.));
#9687 = DIRECTION('',(1.,0.,5.905358696078E-17));
#9688 = ADVANCED_FACE('',(#9689),#9708,.T.);
#9689 = FACE_BOUND('',#9690,.T.);
#9690 = EDGE_LOOP('',(#9691,#9692,#9693,#9702));
#9691 = ORIENTED_EDGE('',*,*,#9409,.F.);
#9692 = ORIENTED_EDGE('',*,*,#9678,.T.);
#9693 = ORIENTED_EDGE('',*,*,#9694,.F.);
#9694 = EDGE_CURVE('',#9695,#9671,#9697,.T.);
#9695 = VERTEX_POINT('',#9696);
#9696 = CARTESIAN_POINT('',(-16.18999924906,47.,22.240000723861));
#9697 = CIRCLE('',#9698,9.);
#9698 = AXIS2_PLACEMENT_3D('',#9699,#9700,#9701);
#9699 = CARTESIAN_POINT('',(-7.189999249065,47.,22.240000723861));
#9700 = DIRECTION('',(0.,-1.,0.));
#9701 = DIRECTION('',(8.635067969307E-16,0.,-1.));
#9702 = ORIENTED_EDGE('',*,*,#9703,.F.);
#9703 = EDGE_CURVE('',#9410,#9695,#9704,.T.);
#9704 = LINE('',#9705,#9706);
#9705 = CARTESIAN_POINT('',(-16.18999924906,50.,22.240000723861));
#9706 = VECTOR('',#9707,1.);
#9707 = DIRECTION('',(0.,-1.,0.));
#9708 = CYLINDRICAL_SURFACE('',#9709,9.);
#9709 = AXIS2_PLACEMENT_3D('',#9710,#9711,#9712);
#9710 = CARTESIAN_POINT('',(-7.189999249065,50.,22.240000723861));
#9711 = DIRECTION('',(0.,-1.,0.));
#9712 = DIRECTION('',(8.635067969307E-16,0.,-1.));
#9713 = ADVANCED_FACE('',(#9714),#9732,.T.);
#9714 = FACE_BOUND('',#9715,.T.);
#9715 = EDGE_LOOP('',(#9716,#9717,#9718,#9726));
#9716 = ORIENTED_EDGE('',*,*,#9418,.T.);
#9717 = ORIENTED_EDGE('',*,*,#9703,.T.);
#9718 = ORIENTED_EDGE('',*,*,#9719,.F.);
#9719 = EDGE_CURVE('',#9720,#9695,#9722,.T.);
#9720 = VERTEX_POINT('',#9721);
#9721 = CARTESIAN_POINT('',(-16.18999924906,47.,123.53834055047));
#9722 = LINE('',#9723,#9724);
#9723 = CARTESIAN_POINT('',(-16.18999924906,47.,123.53834055047));
#9724 = VECTOR('',#9725,1.);
#9725 = DIRECTION('',(-2.191986614046E-17,0.,-1.));
#9726 = ORIENTED_EDGE('',*,*,#9727,.F.);
#9727 = EDGE_CURVE('',#9419,#9720,#9728,.T.);
#9728 = LINE('',#9729,#9730);
#9729 = CARTESIAN_POINT('',(-16.18999924906,50.,123.53834055047));
#9730 = VECTOR('',#9731,1.);
#9731 = DIRECTION('',(0.,-1.,0.));
#9732 = PLANE('',#9733);
#9733 = AXIS2_PLACEMENT_3D('',#9734,#9735,#9736);
#9734 = CARTESIAN_POINT('',(-16.18999924906,50.,123.53834055047));
#9735 = DIRECTION('',(-1.,0.,2.191986614046E-17));
#9736 = DIRECTION('',(-2.191986614046E-17,0.,-1.));
#9737 = ADVANCED_FACE('',(#9738),#9757,.T.);
#9738 = FACE_BOUND('',#9739,.T.);
#9739 = EDGE_LOOP('',(#9740,#9741,#9742,#9751));
#9740 = ORIENTED_EDGE('',*,*,#9426,.F.);
#9741 = ORIENTED_EDGE('',*,*,#9727,.T.);
#9742 = ORIENTED_EDGE('',*,*,#9743,.F.);
#9743 = EDGE_CURVE('',#9744,#9720,#9746,.T.);
#9744 = VERTEX_POINT('',#9745);
#9745 = CARTESIAN_POINT('',(-7.189999249065,47.,132.53834055047));
#9746 = CIRCLE('',#9747,9.);
#9747 = AXIS2_PLACEMENT_3D('',#9748,#9749,#9750);
#9748 = CARTESIAN_POINT('',(-7.189999249065,47.,123.53834055047));
#9749 = DIRECTION('',(0.,-1.,0.));
#9750 = DIRECTION('',(-1.,0.,0.));
#9751 = ORIENTED_EDGE('',*,*,#9752,.F.);
#9752 = EDGE_CURVE('',#9427,#9744,#9753,.T.);
#9753 = LINE('',#9754,#9755);
#9754 = CARTESIAN_POINT('',(-7.189999249065,50.,132.53834055047));
#9755 = VECTOR('',#9756,1.);
#9756 = DIRECTION('',(0.,-1.,0.));
#9757 = CYLINDRICAL_SURFACE('',#9758,9.);
#9758 = AXIS2_PLACEMENT_3D('',#9759,#9760,#9761);
#9759 = CARTESIAN_POINT('',(-7.189999249065,50.,123.53834055047));
#9760 = DIRECTION('',(0.,-1.,0.));
#9761 = DIRECTION('',(-1.,0.,0.));
#9762 = ADVANCED_FACE('',(#9763),#9781,.T.);
#9763 = FACE_BOUND('',#9764,.T.);
#9764 = EDGE_LOOP('',(#9765,#9766,#9767,#9775));
#9765 = ORIENTED_EDGE('',*,*,#9435,.T.);
#9766 = ORIENTED_EDGE('',*,*,#9752,.T.);
#9767 = ORIENTED_EDGE('',*,*,#9768,.F.);
#9768 = EDGE_CURVE('',#9769,#9744,#9771,.T.);
#9769 = VERTEX_POINT('',#9770);
#9770 = CARTESIAN_POINT('',(143.21211269884,47.,132.53834055047));
#9771 = LINE('',#9772,#9773);
#9772 = CARTESIAN_POINT('',(143.21211269884,47.,132.53834055047));
#9773 = VECTOR('',#9774,1.);
#9774 = DIRECTION('',(-1.,0.,0.));
#9775 = ORIENTED_EDGE('',*,*,#9776,.F.);
#9776 = EDGE_CURVE('',#9436,#9769,#9777,.T.);
#9777 = LINE('',#9778,#9779);
#9778 = CARTESIAN_POINT('',(143.21211269884,50.,132.53834055047));
#9779 = VECTOR('',#9780,1.);
#9780 = DIRECTION('',(0.,-1.,0.));
#9781 = PLANE('',#9782);
#9782 = AXIS2_PLACEMENT_3D('',#9783,#9784,#9785);
#9783 = CARTESIAN_POINT('',(143.21211269884,50.,132.53834055047));
#9784 = DIRECTION('',(0.,0.,1.));
#9785 = DIRECTION('',(-1.,0.,0.));
#9786 = ADVANCED_FACE('',(#9787),#9799,.T.);
#9787 = FACE_BOUND('',#9788,.T.);
#9788 = EDGE_LOOP('',(#9789,#9790,#9791,#9798));
#9789 = ORIENTED_EDGE('',*,*,#9443,.F.);
#9790 = ORIENTED_EDGE('',*,*,#9776,.T.);
#9791 = ORIENTED_EDGE('',*,*,#9792,.F.);
#9792 = EDGE_CURVE('',#9614,#9769,#9793,.T.);
#9793 = CIRCLE('',#9794,9.);
#9794 = AXIS2_PLACEMENT_3D('',#9795,#9796,#9797);
#9795 = CARTESIAN_POINT('',(143.21211269884,47.,123.53834055047));
#9796 = DIRECTION('',(0.,-1.,0.));
#9797 = DIRECTION('',(0.,0.,1.));
#9798 = ORIENTED_EDGE('',*,*,#9613,.F.);
#9799 = CYLINDRICAL_SURFACE('',#9800,9.);
#9800 = AXIS2_PLACEMENT_3D('',#9801,#9802,#9803);
#9801 = CARTESIAN_POINT('',(143.21211269884,50.,123.53834055047));
#9802 = DIRECTION('',(0.,-1.,0.));
#9803 = DIRECTION('',(0.,0.,1.));
#9804 = ADVANCED_FACE('',(#9805),#9815,.F.);
#9805 = FACE_BOUND('',#9806,.T.);
#9806 = EDGE_LOOP('',(#9807,#9808,#9809,#9810,#9811,#9812,#9813,#9814));
#9807 = ORIENTED_EDGE('',*,*,#9792,.T.);
#9808 = ORIENTED_EDGE('',*,*,#9768,.T.);
#9809 = ORIENTED_EDGE('',*,*,#9743,.T.);
#9810 = ORIENTED_EDGE('',*,*,#9719,.T.);
#9811 = ORIENTED_EDGE('',*,*,#9694,.T.);
#9812 = ORIENTED_EDGE('',*,*,#9670,.T.);
#9813 = ORIENTED_EDGE('',*,*,#9645,.T.);
#9814 = ORIENTED_EDGE('',*,*,#9621,.T.);
#9815 = PLANE('',#9816);
#9816 = AXIS2_PLACEMENT_3D('',#9817,#9818,#9819);
#9817 = CARTESIAN_POINT('',(68.011056724889,47.,72.889170637168));
#9818 = DIRECTION('',(0.,1.,0.));
#9819 = DIRECTION('',(-1.,0.,0.));
#9820 = ( GEOMETRIC_REPRESENTATION_CONTEXT(3) 
GLOBAL_UNCERTAINTY_ASSIGNED_CONTEXT((#9824)) 
GLOBAL_UNIT_ASSIGNED_CONTEXT((#9821,#9822,#9823)) REPRESENTATION_CONTEXT
('Context #1','3D Context with UNIT and UNCERTAINTY') );
#9821 = ( LENGTH_UNIT() NAMED_UNIT(*) SI_UNIT(.MILLI.,.METRE.) );
#9822 = ( NAMED_UNIT(*) PLANE_ANGLE_UNIT() SI_UNIT($,.RADIAN.) );
#9823 = ( NAMED_UNIT(*) SI_UNIT($,.STERADIAN.) SOLID_ANGLE_UNIT() );
#9824 = UNCERTAINTY_MEASURE_WITH_UNIT(LENGTH_MEASURE(1.E-07),#9821,
  'distance_accuracy_value','confusion accuracy');
#9825 = PRODUCT_RELATED_PRODUCT_CATEGORY('part',$,(#7));
#9826 = MECHANICAL_DESIGN_GEOMETRIC_PRESENTATION_REPRESENTATION('',(
    #9827),#9820);
#9827 = STYLED_ITEM('color',(#9828),#15);
#9828 = PRESENTATION_STYLE_ASSIGNMENT((#9829,#9835));
#9829 = SURFACE_STYLE_USAGE(.BOTH.,#9830);
#9830 = SURFACE_SIDE_STYLE('',(#9831));
#9831 = SURFACE_STYLE_FILL_AREA(#9832);
#9832 = FILL_AREA_STYLE('',(#9833));
#9833 = FILL_AREA_STYLE_COLOUR('',#9834);
#9834 = COLOUR_RGB('',0.627451011593,0.627451011593,0.627451011593);
#9835 = CURVE_STYLE('',#9836,POSITIVE_LENGTH_MEASURE(0.1),#9837);
#9836 = DRAUGHTING_PRE_DEFINED_CURVE_FONT('continuous');
#9837 = COLOUR_RGB('',9.803921802644E-02,9.803921802644E-02,
  9.803921802644E-02);
ENDSEC;
END-ISO-10303-21;
